job_key	company	title	url	stage	verdict	first_seen	last_seen	times_seen	note
zapply.jobs/l/d/workday-allstate-allstate-careers-r34375	Allstate	Pricing Technician Analyst II	https://zapply.jobs/l/d/workday-allstate-allstate-careers-R34375?s=gh-new-grad-data-science-jobs-2027	dropped	SKIP:no-sponsorship-this-req	2026-09-19	2026-09-19	3	
job-boards.greenhouse.io/tintai/jobs/4736081005	Tint	Associate Product Manager	https://job-boards.greenhouse.io/tintai/jobs/4736081005	queued	QUEUED	2026-09-19	2026-09-19	4	
zapply.jobs/l/d/workday-adobe-external-experienced-r170204	Adobe	Product Manager	https://zapply.jobs/l/d/workday-adobe-external-experienced-R170204?s=gh-new-grad-jobs-2027	queued	QUEUED	2026-09-19	2026-09-19	4	
zapply.jobs/l/d/workday-cisco-cisco-careers-2023520	Cisco	Pricing Business Analyst	https://zapply.jobs/l/d/workday-cisco-cisco-careers-2023520?s=gh-new-grad-jobs-2027	built	BUILT	2026-09-19	2026-09-19	5	
zapply.jobs/l/d/ashby-benchling-358ff26c-7b23-4645-b906-2244c76e2cb2	Benchling	Product Manager, Platform	https://zapply.jobs/l/d/ashby-benchling-358ff26c-7b23-4645-b906-2244c76e2cb2?s=gh-new-grad-jobs-2027	built	BUILT	2026-09-19	2026-09-19	5	
visa.wd5.myworkdayjobs.com/visa/job/us---foster-city-ca/associate-product-manager--apm---new-college-graduate-rotational-program--2027_ref088600w	Visa	Associate Product Manager	https://visa.wd5.myworkdayjobs.com/Visa/job/US---Foster-City-CA/Associate-Product-Manager--APM---New-College-Graduate-Rotational-Program--2027_REF088600W	dropped	DROP:new-grad-only-ineligible	2026-09-19	2026-09-19	3	
boards.greenhouse.io/robinhood/jobs/8199973	Robinhood	Associate Product Manager New Grad	https://boards.greenhouse.io/robinhood/jobs/8199973	dropped	DROP:new-grad-only-ineligible	2026-09-19	2026-09-19	3	
allenlundcompany.applytojob.com/apply/keubelmaxy/internship-techai	Allen Lund Company	Internship - Tech/AI	http://allenlundcompany.applytojob.com/apply/keuBELmaXy/Internship-TechAI	dropped	DROP:intern-coop-phd	2026-09-19	2026-09-19	1	
american-equity.com/about/careers/openings?gh_jid=5241102007	American Equity	IT Intern - Solutions Architecture - AI	https://www.american-equity.com/about/careers/openings?gh_jid=5241102007	dropped	DROP:intern-coop-phd	2026-09-19	2026-09-19	1	
zapply.jobs/l/d/workday-nvidia-nvidiaexternalcareersite-jr2025705	NVIDIA	Senior Customer Solution Architect, Application Engineering	https://zapply.jobs/l/d/workday-nvidia-nvidiaexternalcareersite-JR2025705?s=gh-new-grad-jobs-2027	dropped	DROP:no-target-role-match	2026-09-19	2026-09-19	1	
zapply.jobs/l/d/workday-nvidia-nvidiaexternalcareersite-jr2024900	NVIDIA	Research Scientist, Networking Research - PhD New College Grad 2026	https://zapply.jobs/l/d/workday-nvidia-nvidiaexternalcareersite-JR2024900?s=gh-new-grad-jobs-2027	dropped	DROP:intern-coop-phd	2026-09-19	2026-09-19	1	
zapply.jobs/l/d/workday-bah-bah-jobs-r0249794	Booz Allen Hamilton	AI and ML Engineer	https://zapply.jobs/l/d/workday-bah-bah-jobs-R0249794?s=gh-new-grad-jobs-2027	dropped	DROP:no-target-role-match	2026-09-19	2026-09-19	1	
zapply.jobs/l/d/workday-bah-bah-jobs-r0246709	Booz Allen Hamilton	Data Analyst, Junior	https://zapply.jobs/l/d/workday-bah-bah-jobs-R0246709?s=gh-new-grad-jobs-2027	dropped	DROP:no-target-role-match	2026-09-19	2026-09-19	1	
zapply.jobs/l/d/workday-bah-bah-jobs-r0243348	Booz Allen Hamilton	AI Engineer	https://zapply.jobs/l/d/workday-bah-bah-jobs-R0243348?s=gh-new-grad-jobs-2027	dropped	DROP:no-target-role-match	2026-09-19	2026-09-19	1	
zapply.jobs/l/d/workday-bah-bah-jobs-r0249906	Booz Allen Hamilton	Cybersecurity Engineer	https://zapply.jobs/l/d/workday-bah-bah-jobs-R0249906?s=gh-new-grad-jobs-2027	dropped	DROP:no-target-role-match	2026-09-19	2026-09-19	1	
zapply.jobs/l/d/workday-bah-bah-jobs-r0249916	Booz Allen Hamilton	Systems Test Engineer	https://zapply.jobs/l/d/workday-bah-bah-jobs-R0249916?s=gh-new-grad-jobs-2027	dropped	DROP:no-target-role-match	2026-09-19	2026-09-19	1	
zapply.jobs/l/d/workday-kla-search-2640265	KLA	NPI Systems Engineer - eBeam	https://zapply.jobs/l/d/workday-kla-search-2640265?s=gh-new-grad-jobs-2027	dropped	DROP:no-target-role-match	2026-09-19	2026-09-19	1	
zapply.jobs/l/d/workday-bah-bah-jobs-r0249743	Booz Allen Hamilton	Security Operations Analyst, Mid	https://zapply.jobs/l/d/workday-bah-bah-jobs-R0249743?s=gh-new-grad-jobs-2027	dropped	DROP:no-target-role-match	2026-09-19	2026-09-19	1	
zapply.jobs/l/d/workday-amgen-careers-r-256413	Amgen	Manufacturing Process Technician	https://zapply.jobs/l/d/workday-amgen-careers-R-256413?s=gh-new-grad-jobs-2027	dropped	DROP:no-target-role-match	2026-09-19	2026-09-19	1	
zapply.jobs/l/d/workday-kla-search-2640589	KLA	Technical Product Support Engineer-Semiconductor Equipment Escalations	https://zapply.jobs/l/d/workday-kla-search-2640589?s=gh-new-grad-jobs-2027	dropped	DROP:no-target-role-match	2026-09-19	2026-09-19	1	
zapply.jobs/l/d/workday-nvidia-nvidiaexternalcareersite-jr2019998	NVIDIA	Senior Solutions Architect, AI Factory Observability and Visualization - NVIS	https://zapply.jobs/l/d/workday-nvidia-nvidiaexternalcareersite-JR2019998?s=gh-new-grad-jobs-2027	dropped	DROP:no-target-role-match	2026-09-19	2026-09-19	1	
zapply.jobs/l/d/workday-nvidia-nvidiaexternalcareersite-jr2017689	NVIDIA	Developer Advocate – Agentic AI	https://zapply.jobs/l/d/workday-nvidia-nvidiaexternalcareersite-JR2017689?s=gh-new-grad-jobs-2027	dropped	DROP:no-target-role-match	2026-09-19	2026-09-19	1	
zapply.jobs/l/d/workday-bah-bah-jobs-r0244715	Booz Allen Hamilton	Software Reverse Engineer	https://zapply.jobs/l/d/workday-bah-bah-jobs-R0244715?s=gh-new-grad-jobs-2027	dropped	DROP:no-target-role-match	2026-09-19	2026-09-19	1	
zapply.jobs/l/d/workday-bah-bah-jobs-r0249914	Booz Allen Hamilton	Modeling & Simulation Engineer, Mid	https://zapply.jobs/l/d/workday-bah-bah-jobs-R0249914?s=gh-new-grad-jobs-2027	dropped	DROP:no-target-role-match	2026-09-19	2026-09-19	1	
zapply.jobs/l/d/workday-bah-bah-jobs-r0249918	Booz Allen Hamilton	Naval Program Analyst	https://zapply.jobs/l/d/workday-bah-bah-jobs-R0249918?s=gh-new-grad-jobs-2027	dropped	DROP:no-target-role-match	2026-09-19	2026-09-19	1	
zapply.jobs/l/d/workday-amgen-careers-r-255768	Amgen	Associate Scientist - Biology	https://zapply.jobs/l/d/workday-amgen-careers-R-255768?s=gh-new-grad-jobs-2027	dropped	DROP:no-target-role-match	2026-09-19	2026-09-19	1	
zapply.jobs/l/d/workday-amgen-careers-r-255835	Amgen	Scientist, Pathology	https://zapply.jobs/l/d/workday-amgen-careers-R-255835?s=gh-new-grad-jobs-2027	dropped	DROP:no-target-role-match	2026-09-19	2026-09-19	1	
zapply.jobs/l/d/workday-amgen-careers-r-254150	Amgen	Senior Executive Assistant	https://zapply.jobs/l/d/workday-amgen-careers-R-254150?s=gh-new-grad-jobs-2027	dropped	DROP:no-target-role-match	2026-09-19	2026-09-19	1	
zapply.jobs/l/d/workday-kla-search-2635306	KLA	Product Development Engineer (Electrical)	https://zapply.jobs/l/d/workday-kla-search-2635306?s=gh-new-grad-jobs-2027	dropped	DROP:no-target-role-match	2026-09-19	2026-09-19	1	
zapply.jobs/l/d/workday-fox-domestic-r50029364	FOX	Grill Cook	https://zapply.jobs/l/d/workday-fox-domestic-R50029364?s=gh-new-grad-jobs-2027	dropped	DROP:no-target-role-match	2026-09-19	2026-09-19	1	
zapply.jobs/l/d/workday-fox-domestic-r50026755	FOX	Pot Washer	https://zapply.jobs/l/d/workday-fox-domestic-R50026755?s=gh-new-grad-jobs-2027	dropped	DROP:no-target-role-match	2026-09-19	2026-09-19	1	
zapply.jobs/l/d/workday-fox-domestic-r50028086	FOX	Second Pantry Cook	https://zapply.jobs/l/d/workday-fox-domestic-R50028086?s=gh-new-grad-jobs-2027	dropped	DROP:no-target-role-match	2026-09-19	2026-09-19	1	
zapply.jobs/l/d/workday-relx-relx-r118424	RELX	Product Manager II	https://zapply.jobs/l/d/workday-relx-relx-R118424?s=gh-new-grad-jobs-2027	dropped	DROP:outside-target-metro	2026-09-19	2026-09-19	1	
zapply.jobs/l/d/workday-broadcom-external-career-r027077	Broadcom	Software Engineer	https://zapply.jobs/l/d/workday-broadcom-external-career-R027077?s=gh-new-grad-jobs-2027	dropped	DROP:no-target-role-match	2026-09-19	2026-09-19	1	
zapply.jobs/l/d/workday-argonne-argonne-careers-423427	Argonne National Laboratory	Software Engineer - AI Inference for Science	https://zapply.jobs/l/d/workday-argonne-argonne-careers-423427?s=gh-new-grad-jobs-2027	dropped	DROP:no-target-role-match	2026-09-19	2026-09-19	1	
zapply.jobs/l/d/workday-radiancetech-radiance-external-hr102168	Radiance Technologies	Software Engineer	https://zapply.jobs/l/d/workday-radiancetech-radiance-external-HR102168?s=gh-new-grad-jobs-2027	dropped	DROP:no-target-role-match	2026-09-19	2026-09-19	1	
zapply.jobs/l/d/workday-transamerica-us-r20062776	Transamerica	Data Analytics Intern (Spring 2027, Full-time Hours)	https://zapply.jobs/l/d/workday-transamerica-us-R20062776?s=gh-new-grad-jobs-2027	dropped	DROP:intern-coop-phd	2026-09-19	2026-09-19	1	
zapply.jobs/l/d/workday-nelnet-mynelnet-r23138	Nelnet	IT Business Analyst	https://zapply.jobs/l/d/workday-nelnet-mynelnet-R23138?s=gh-new-grad-jobs-2027	dropped	DROP:no-target-role-match	2026-09-19	2026-09-19	1	
zapply.jobs/l/d/workday-borgwarner-borgwarner-careers-r2026-3679	BorgWarner	Controls Engineer	https://zapply.jobs/l/d/workday-borgwarner-borgwarner-careers-R2026-3679?s=gh-new-grad-jobs-2027	dropped	DROP:no-target-role-match	2026-09-19	2026-09-19	1	
zapply.jobs/l/d/workday-borgwarner-borgwarner-careers-r2026-3664	BorgWarner	AI/ML Systems Engineer	https://zapply.jobs/l/d/workday-borgwarner-borgwarner-careers-R2026-3664?s=gh-new-grad-jobs-2027	dropped	DROP:no-target-role-match	2026-09-19	2026-09-19	1	
zapply.jobs/l/d/workday-viavisolutions-careers-260005064	Viavi Solutions	Electrical Engineer (Manufacturing)	https://zapply.jobs/l/d/workday-viavisolutions-careers-260005064?s=gh-new-grad-jobs-2027	dropped	DROP:no-target-role-match	2026-09-19	2026-09-19	1	
zapply.jobs/l/d/workday-relx-relx-r116379	RELX	Sales Development Representative - Legal & Professional	https://zapply.jobs/l/d/workday-relx-relx-R116379?s=gh-new-grad-jobs-2027	dropped	DROP:no-target-role-match	2026-09-19	2026-09-19	1	
zapply.jobs/l/d/workday-relx-relx-r118166	RELX	Sales Executive, Trade Shows/Events	https://zapply.jobs/l/d/workday-relx-relx-R118166?s=gh-new-grad-jobs-2027	dropped	DROP:no-target-role-match	2026-09-19	2026-09-19	1	
zapply.jobs/l/d/workday-relx-relx-r118397	RELX	Field Account Manager--Federal Government	https://zapply.jobs/l/d/workday-relx-relx-R118397?s=gh-new-grad-jobs-2027	dropped	DROP:no-target-role-match	2026-09-19	2026-09-19	1	
zapply.jobs/l/d/workday-borgwarner-borgwarner-careers-r2026-3195	BorgWarner	Testing Technician	https://zapply.jobs/l/d/workday-borgwarner-borgwarner-careers-R2026-3195?s=gh-new-grad-jobs-2027	dropped	DROP:no-target-role-match	2026-09-19	2026-09-19	1	
zapply.jobs/l/d/workday-proofpoint-proofpointcareers-r14738	Proofpoint	Manager, Business Development Representative	https://zapply.jobs/l/d/workday-proofpoint-proofpointcareers-R14738?s=gh-new-grad-jobs-2027	dropped	DROP:no-target-role-match	2026-09-19	2026-09-19	1	
zapply.jobs/l/d/workday-americanfidelity-external-jr1069	American Fidelity	Account Manager	https://zapply.jobs/l/d/workday-americanfidelity-external-JR1069?s=gh-new-grad-jobs-2027	dropped	DROP:no-target-role-match	2026-09-19	2026-09-19	1	
zapply.jobs/l/d/workday-paloaltonetworks-panwexternalcareers-jr-022138	Palo Alto Networks	Solutions Consultant II	https://zapply.jobs/l/d/workday-paloaltonetworks-panwexternalcareers-JR-022138?s=gh-new-grad-jobs-2027	dropped	DROP:no-target-role-match	2026-09-19	2026-09-19	1	
zapply.jobs/l/d/workday-paloaltonetworks-panwexternalcareers-jr-021391	Palo Alto Networks	Strategic Account Manager	https://zapply.jobs/l/d/workday-paloaltonetworks-panwexternalcareers-JR-021391?s=gh-new-grad-jobs-2027	dropped	DROP:no-target-role-match	2026-09-19	2026-09-19	1	
zapply.jobs/l/d/workday-borgwarner-borgwarner-careers-r2026-2985	BorgWarner	Materials Engineer / Metallurgist	https://zapply.jobs/l/d/workday-borgwarner-borgwarner-careers-R2026-2985?s=gh-new-grad-jobs-2027	dropped	DROP:no-target-role-match	2026-09-19	2026-09-19	1	
zapply.jobs/l/d/workday-borgwarner-borgwarner-careers-r2026-3426	BorgWarner	Power Electronics Intern (Year-Round)	https://zapply.jobs/l/d/workday-borgwarner-borgwarner-careers-R2026-3426?s=gh-new-grad-jobs-2027	dropped	DROP:intern-coop-phd	2026-09-19	2026-09-19	1	
zapply.jobs/l/d/workday-borgwarner-borgwarner-careers-r2026-3672	BorgWarner	Production Assembler (Industrial Solutions) - Grade B ($19.96 - $23.28)	https://zapply.jobs/l/d/workday-borgwarner-borgwarner-careers-R2026-3672?s=gh-new-grad-jobs-2027	dropped	DROP:no-target-role-match	2026-09-19	2026-09-19	1	
zapply.jobs/l/d/workday-genmills-gmi-external-careers-10125513	General Mills	Manufacturing Process and Packaging Engineer - Joplin, MO	https://zapply.jobs/l/d/workday-genmills-gmi-external-careers-10125513?s=gh-new-grad-jobs-2027	dropped	DROP:outside-target-metro	2026-09-19	2026-09-19	1	
zapply.jobs/l/d/workday-genmills-gmi-external-careers-10130114	General Mills	Ingredient Batcher	https://zapply.jobs/l/d/workday-genmills-gmi-external-careers-10130114?s=gh-new-grad-jobs-2027	dropped	DROP:no-target-role-match	2026-09-19	2026-09-19	1	
zapply.jobs/l/d/workday-broadcom-external-career-r027086	Broadcom	Community & Virtual Events Manager – Mainframe Customer Engagement	https://zapply.jobs/l/d/workday-broadcom-external-career-R027086?s=gh-new-grad-jobs-2027	dropped	DROP:no-target-role-match	2026-09-19	2026-09-19	1	
zapply.jobs/l/d/workday-broadcom-external-career-r027112	Broadcom	RF System Engineer	https://zapply.jobs/l/d/workday-broadcom-external-career-R027112?s=gh-new-grad-jobs-2027	dropped	DROP:no-target-role-match	2026-09-19	2026-09-19	1	
zapply.jobs/l/d/workday-transamerica-us-r20061905	Transamerica	Retirement Plan Specialist I (Financial Advisor/401k Participants) (Work from Home)	https://zapply.jobs/l/d/workday-transamerica-us-R20061905?s=gh-new-grad-jobs-2027	dropped	DROP:no-target-role-match	2026-09-19	2026-09-19	1	
zapply.jobs/l/d/workday-viavisolutions-careers-260005122	Viavi Solutions	Test Operator (Shift 1pm-9pm)	https://zapply.jobs/l/d/workday-viavisolutions-careers-260005122?s=gh-new-grad-jobs-2027	dropped	DROP:no-target-role-match	2026-09-19	2026-09-19	1	
zapply.jobs/l/d/workday-viavisolutions-careers-260005144	Viavi Solutions	Test Operator	https://zapply.jobs/l/d/workday-viavisolutions-careers-260005144?s=gh-new-grad-jobs-2027	dropped	DROP:no-target-role-match	2026-09-19	2026-09-19	1	
zapply.jobs/l/d/workday-nelnet-mynelnet-r23140	Nelnet	Firstmark Recovery Specialist II - Remote Start date 11/02/2026	https://zapply.jobs/l/d/workday-nelnet-mynelnet-R23140?s=gh-new-grad-jobs-2027	dropped	DROP:no-target-role-match	2026-09-19	2026-09-19	1	
zapply.jobs/l/d/workday-symbotic-symbotic-r7369	Symbotic	Project Engineer, Commissioning Services	https://zapply.jobs/l/d/workday-symbotic-symbotic-R7369?s=gh-new-grad-jobs-2027	dropped	DROP:no-target-role-match	2026-09-19	2026-09-19	1	
zapply.jobs/l/d/workday-swbc-swbccareers-r0015556	SWBC	Data Integrity Representative (Onsite)	https://zapply.jobs/l/d/workday-swbc-swbccareers-R0015556?s=gh-new-grad-jobs-2027	dropped	DROP:no-target-role-match	2026-09-19	2026-09-19	1	
zapply.jobs/l/d/workday-radiancetech-radiance-external-hr102412	Radiance Technologies	Project Engineer	https://zapply.jobs/l/d/workday-radiancetech-radiance-external-HR102412?s=gh-new-grad-jobs-2027	dropped	DROP:no-target-role-match	2026-09-19	2026-09-19	1	
zapply.jobs/l/d/workday-radiancetech-radiance-external-hr102323	Radiance Technologies	Operations Research Analyst	https://zapply.jobs/l/d/workday-radiancetech-radiance-external-HR102323?s=gh-new-grad-jobs-2027	dropped	DROP:no-target-role-match	2026-09-19	2026-09-19	1	
zapply.jobs/l/d/workday-mksinst-mkscareersuniversity-r20646	MKS Instruments	2027 Summer Electrical/Computer Engineering Co-op	https://zapply.jobs/l/d/workday-mksinst-mkscareersuniversity-R20646?s=gh-new-grad-jobs-2027	dropped	DROP:intern-coop-phd	2026-09-19	2026-09-19	1	
zapply.jobs/l/d/apple-114438158	Apple	US - Specialist: Seasonal, Part-time	https://zapply.jobs/l/d/apple-114438158?s=gh-new-grad-jobs-2027	dropped	DROP:no-target-role-match	2026-09-19	2026-09-19	1	
zapply.jobs/l/d/workday-travelers-external-r-51262	The Travelers Companies	Software Engineer II (.NET, Java, AWS)	https://zapply.jobs/l/d/workday-travelers-external-R-51262?s=gh-new-grad-jobs-2027	dropped	DROP:no-target-role-match	2026-09-19	2026-09-19	1	
zapply.jobs/l/d/workday-citi-2-26992930	Citi	Backend Engineering Lead(Java, Microservices & DevOps) - Assistant Vice President	https://zapply.jobs/l/d/workday-citi-2-26992930?s=gh-new-grad-jobs-2027	dropped	DROP:no-target-role-match	2026-09-19	2026-09-19	1	
zapply.jobs/l/d/workday-abglobal-alliancebernsteincareers-r0019675	AllianceBernstein	AI Security Engineer	https://zapply.jobs/l/d/workday-abglobal-alliancebernsteincareers-R0019675?s=gh-new-grad-jobs-2027	dropped	DROP:no-target-role-match	2026-09-19	2026-09-19	1	
zapply.jobs/l/d/workday-magna-magna-r00261307	Magna	Intern - Validation Engineering	https://zapply.jobs/l/d/workday-magna-magna-R00261307?s=gh-new-grad-jobs-2027	dropped	DROP:intern-coop-phd	2026-09-19	2026-09-19	1	
zapply.jobs/l/d/workday-aptiv-aptiv-careers-j000703970	Aptiv	Advanced Manufacturing Engineer	https://zapply.jobs/l/d/workday-aptiv-aptiv-careers-J000703970?s=gh-new-grad-jobs-2027	dropped	DROP:no-target-role-match	2026-09-19	2026-09-19	1	
zapply.jobs/l/d/workday-curtisswright-cw-external-career-site-jr12369	Curtiss-Wright	Supplier Quality Engineer	https://zapply.jobs/l/d/workday-curtisswright-cw-external-career-site-JR12369?s=gh-new-grad-jobs-2027	dropped	DROP:no-target-role-match	2026-09-19	2026-09-19	1	
zapply.jobs/l/d/workday-cranecompany-careers-jr102570	Crane Co.	Manufacturing Engineer Intern	https://zapply.jobs/l/d/workday-cranecompany-careers-JR102570?s=gh-new-grad-jobs-2027	dropped	DROP:intern-coop-phd	2026-09-19	2026-09-19	1	
zapply.jobs/l/d/workday-td-td-bank-careers-r_1511222	TD Bank	Credit Analyst II (US)	https://zapply.jobs/l/d/workday-td-td-bank-careers-R_1511222?s=gh-new-grad-jobs-2027	dropped	DROP:no-target-role-match	2026-09-19	2026-09-19	1	
zapply.jobs/l/d/workday-magna-magna-r00221384	Magna	Technician, Maintenance	https://zapply.jobs/l/d/workday-magna-magna-R00221384?s=gh-new-grad-jobs-2027	dropped	DROP:no-target-role-match	2026-09-19	2026-09-19	1	
zapply.jobs/l/d/workday-salesforce-external-career-site-jr360432	Salesforce	Summer 2027 Intern - Recruiting Data Intelligence	https://zapply.jobs/l/d/workday-salesforce-external-career-site-JR360432?s=gh-new-grad-jobs-2027	dropped	DROP:intern-coop-phd	2026-09-19	2026-09-19	1	
zapply.jobs/l/d/workday-travelers-external-r-51620	The Travelers Companies	Associate Sales Executive, Personal Lines	https://zapply.jobs/l/d/workday-travelers-external-R-51620?s=gh-new-grad-jobs-2027	dropped	DROP:no-target-role-match	2026-09-19	2026-09-19	1	
zapply.jobs/l/d/workday-travelers-external-r-52521	The Travelers Companies	Underwriter / Account Executive Ocean Marine	https://zapply.jobs/l/d/workday-travelers-external-R-52521?s=gh-new-grad-jobs-2027	dropped	DROP:no-target-role-match	2026-09-19	2026-09-19	1	
zapply.jobs/l/d/workday-roche-rog-a2o-gene-202609-123584	Genentech	Manufacturing Associate Technician	https://zapply.jobs/l/d/workday-roche-rog-a2o-gene-202609-123584?s=gh-new-grad-jobs-2027	dropped	DROP:no-target-role-match	2026-09-19	2026-09-19	1	
zapply.jobs/l/d/workday-pru-careers-r-125039	Prudential Financial	Manager, Talent Acquisition Enablement	https://zapply.jobs/l/d/workday-pru-careers-R-125039?s=gh-new-grad-jobs-2027	dropped	DROP:no-target-role-match	2026-09-19	2026-09-19	1	
zapply.jobs/l/d/workday-boystown-boystowncareers-req-2026-9375	Boys Town	Financial Operations Analyst	https://zapply.jobs/l/d/workday-boystown-boystowncareers-REQ-2026-9375?s=gh-new-grad-jobs-2027	dropped	DROP:no-target-role-match	2026-09-19	2026-09-19	1	
zapply.jobs/l/d/workday-td-td-bank-careers-r_1510567	TD Bank	Workplace Ambassador - Charlotte, NC	https://zapply.jobs/l/d/workday-td-td-bank-careers-R_1510567?s=gh-new-grad-jobs-2027	dropped	DROP:no-target-role-match	2026-09-19	2026-09-19	1	
zapply.jobs/l/d/workday-td-td-bank-careers-r_1510527	TD Bank	Relationship Banker II (30) Leland	https://zapply.jobs/l/d/workday-td-td-bank-careers-R_1510527?s=gh-new-grad-jobs-2027	dropped	DROP:no-target-role-match	2026-09-19	2026-09-19	1	
zapply.jobs/l/d/workday-td-td-bank-careers-r_1507740	TD Bank	Experienced Analyst – Investment Banking, Private Capital Markets – TDS (US)	https://zapply.jobs/l/d/workday-td-td-bank-careers-R_1507740?s=gh-new-grad-jobs-2027	dropped	DROP:no-target-role-match	2026-09-19	2026-09-19	1	
zapply.jobs/l/d/workday-magna-magna-r00262579	Magna	Maintenance Team Lead-4	https://zapply.jobs/l/d/workday-magna-magna-R00262579?s=gh-new-grad-jobs-2027	dropped	DROP:no-target-role-match	2026-09-19	2026-09-19	1	
zapply.jobs/l/d/workday-magna-magna-r00249240	Magna	Designer (Advanced)	https://zapply.jobs/l/d/workday-magna-magna-R00249240?s=gh-new-grad-jobs-2027	dropped	DROP:no-target-role-match	2026-09-19	2026-09-19	1	
zapply.jobs/l/d/workday-magna-magna-r00246865	Magna	Mgr, Operations	https://zapply.jobs/l/d/workday-magna-magna-R00246865?s=gh-new-grad-jobs-2027	dropped	DROP:no-target-role-match	2026-09-19	2026-09-19	1	
zapply.jobs/l/d/workday-aptiv-aptiv-careers-j000704520	Aptiv	Summer Intern - Oakland University	https://zapply.jobs/l/d/workday-aptiv-aptiv-careers-J000704520?s=gh-new-grad-jobs-2027	dropped	DROP:intern-coop-phd	2026-09-19	2026-09-19	1	
zapply.jobs/l/d/workday-aptiv-aptiv-careers-j000704519	Aptiv	Summer Intern - Youngstown State University	https://zapply.jobs/l/d/workday-aptiv-aptiv-careers-J000704519?s=gh-new-grad-jobs-2027	dropped	DROP:intern-coop-phd	2026-09-19	2026-09-19	1	
zapply.jobs/l/d/workday-warnerbros-global-r000108657	Warner Bros. Discovery	Master Control Operator	https://zapply.jobs/l/d/workday-warnerbros-global-R000108657?s=gh-new-grad-jobs-2027	dropped	DROP:no-target-role-match	2026-09-19	2026-09-19	1	
zapply.jobs/l/d/workday-warnerbros-global-r000108941	Warner Bros. Discovery	Reporter/Writer, Justice, CNN Digital	https://zapply.jobs/l/d/workday-warnerbros-global-R000108941?s=gh-new-grad-jobs-2027	dropped	DROP:no-target-role-match	2026-09-19	2026-09-19	1	
zapply.jobs/l/d/workday-travelers-external-r-52659	The Travelers Companies	Auto Physical Damage Claim Representative	https://zapply.jobs/l/d/workday-travelers-external-R-52659?s=gh-new-grad-jobs-2027	dropped	DROP:no-target-role-match	2026-09-19	2026-09-19	1	
zapply.jobs/l/d/workday-travelers-external-r-52667	The Travelers Companies	Outside Property Claim Representative	https://zapply.jobs/l/d/workday-travelers-external-R-52667?s=gh-new-grad-jobs-2027	dropped	DROP:no-target-role-match	2026-09-19	2026-09-19	1	
zapply.jobs/l/d/workday-curtisswright-cw-external-career-site-jr12534	Curtiss-Wright	Executive Assistant - Valves Division	https://zapply.jobs/l/d/workday-curtisswright-cw-external-career-site-JR12534?s=gh-new-grad-jobs-2027	dropped	DROP:no-target-role-match	2026-09-19	2026-09-19	1	
zapply.jobs/l/d/workday-curtisswright-cw-external-career-site-jr13682	Curtiss-Wright	Supplier Project Manager	https://zapply.jobs/l/d/workday-curtisswright-cw-external-career-site-JR13682?s=gh-new-grad-jobs-2027	dropped	DROP:no-target-role-match	2026-09-19	2026-09-19	1	
zapply.jobs/l/d/workday-sbdinc-stanley-black-decker-career-site-req-1000052515	Stanley Black & Decker	1st shift Cold Forming Operator $27.31/hour	https://zapply.jobs/l/d/workday-sbdinc-stanley-black-decker-career-site-REQ-1000052515?s=gh-new-grad-jobs-2027	dropped	DROP:no-target-role-match	2026-09-19	2026-09-19	1	
zapply.jobs/l/d/workday-sbdinc-stanley-black-decker-career-site-req-1000052514	Stanley Black & Decker	3rd shift Tapping Machine Operator $22.60 + shift differential	https://zapply.jobs/l/d/workday-sbdinc-stanley-black-decker-career-site-REQ-1000052514?s=gh-new-grad-jobs-2027	dropped	DROP:no-target-role-match	2026-09-19	2026-09-19	1	
zapply.jobs/l/d/workday-sbdinc-stanley-black-decker-career-site-req-1000052512	Stanley Black & Decker	2nd shift Tapping Machine Operator $22.60 + shift differential	https://zapply.jobs/l/d/workday-sbdinc-stanley-black-decker-career-site-REQ-1000052512?s=gh-new-grad-jobs-2027	dropped	DROP:no-target-role-match	2026-09-19	2026-09-19	1	
zapply.jobs/l/d/workday-roche-rog-a2o-gene-202608-120710	Genentech	Therapeutic Area Manager, Hematology - Nevada / Utah / Colorado Ecosystem	https://zapply.jobs/l/d/workday-roche-rog-a2o-gene-202608-120710?s=gh-new-grad-jobs-2027	dropped	DROP:no-target-role-match	2026-09-19	2026-09-19	1	
zapply.jobs/l/d/workday-roche-rog-a2o-gene-202609-123149	Genentech	Scientist 3, Discovery Oncology	https://zapply.jobs/l/d/workday-roche-rog-a2o-gene-202609-123149?s=gh-new-grad-jobs-2027	dropped	DROP:no-target-role-match	2026-09-19	2026-09-19	1	
zapply.jobs/l/d/workday-cranecompany-careers-jr102004	Crane Co.	Quality Manager	https://zapply.jobs/l/d/workday-cranecompany-careers-JR102004?s=gh-new-grad-jobs-2027	dropped	DROP:no-target-role-match	2026-09-19	2026-09-19	1	
zapply.jobs/l/d/workday-boystown-boystowncareers-req-2026-7928	Boys Town	Family Visitation Facilitator - Le Mars, IA	https://zapply.jobs/l/d/workday-boystown-boystowncareers-REQ-2026-7928?s=gh-new-grad-jobs-2027	dropped	DROP:no-target-role-match	2026-09-19	2026-09-19	1	
zapply.jobs/l/d/workday-boystown-boystowncareers-req-2026-9070	Boys Town	Parent-Child Visitation Specialist- Estherville, IA	https://zapply.jobs/l/d/workday-boystown-boystowncareers-REQ-2026-9070?s=gh-new-grad-jobs-2027	dropped	DROP:no-target-role-match	2026-09-19	2026-09-19	1	
zapply.jobs/l/d/workday-boystown-boystowncareers-req-2026-9349	Boys Town	Family Visitation Aide	https://zapply.jobs/l/d/workday-boystown-boystowncareers-REQ-2026-9349?s=gh-new-grad-jobs-2027	dropped	DROP:no-target-role-match	2026-09-19	2026-09-19	1	
zapply.jobs/l/d/workday-dowjones-dow-jones-career-job_req_55424	Dow Jones	Compensation Coordinator	https://zapply.jobs/l/d/workday-dowjones-dow-jones-career-Job_Req_55424?s=gh-new-grad-jobs-2027	dropped	DROP:no-target-role-match	2026-09-19	2026-09-19	1	
zapply.jobs/l/d/workday-dowjones-dow-jones-career-job_req_55425	Dow Jones	Compensation Analyst	https://zapply.jobs/l/d/workday-dowjones-dow-jones-career-Job_Req_55425?s=gh-new-grad-jobs-2027	dropped	DROP:no-target-role-match	2026-09-19	2026-09-19	1	
zapply.jobs/l/d/workday-dowjones-dow-jones-career-job_req_55389	Dow Jones	Associate, Event Safety	https://zapply.jobs/l/d/workday-dowjones-dow-jones-career-Job_Req_55389?s=gh-new-grad-jobs-2027	dropped	DROP:no-target-role-match	2026-09-19	2026-09-19	1	
zapply.jobs/l/d/workday-citi-2-26995461	Citi	Personal Banker SAFE Act, Bilingual English/Spanish Speaking Preferred, Oakland Park Branch, Officer	https://zapply.jobs/l/d/workday-citi-2-26995461?s=gh-new-grad-jobs-2027	dropped	DROP:no-target-role-match	2026-09-19	2026-09-19	1	
zapply.jobs/l/d/workday-citi-2-26996148	Citi	Head Universal Banker, Bilingual English/Spanish Speaking Preferred, Aventura Branch	https://zapply.jobs/l/d/workday-citi-2-26996148?s=gh-new-grad-jobs-2027	dropped	DROP:no-target-role-match	2026-09-19	2026-09-19	1	
zapply.jobs/l/d/workday-asmglobal-careers-r100124832	ASM Global	Part-Time Lot Supervisor	https://zapply.jobs/l/d/workday-asmglobal-careers-R100124832?s=gh-new-grad-jobs-2027	dropped	DROP:no-target-role-match	2026-09-19	2026-09-19	1	
zapply.jobs/l/d/workday-asmglobal-careers-r100125168	ASM Global	Maintenance Craftsman	https://zapply.jobs/l/d/workday-asmglobal-careers-R100125168?s=gh-new-grad-jobs-2027	dropped	DROP:no-target-role-match	2026-09-19	2026-09-19	1	
zapply.jobs/l/d/workday-abglobal-alliancebernsteincareers-r0019864	AllianceBernstein	Supervisory Manager	https://zapply.jobs/l/d/workday-abglobal-alliancebernsteincareers-R0019864?s=gh-new-grad-jobs-2027	dropped	DROP:no-target-role-match	2026-09-19	2026-09-19	1	
zapply.jobs/l/d/workday-abglobal-alliancebernsteincareers-r0019402	AllianceBernstein	Associate	https://zapply.jobs/l/d/workday-abglobal-alliancebernsteincareers-R0019402?s=gh-new-grad-jobs-2027	dropped	DROP:no-target-role-match	2026-09-19	2026-09-19	1	
zapply.jobs/l/d/workday-adobe-external-experienced-r171231	Adobe	iOS Developer	https://zapply.jobs/l/d/workday-adobe-external-experienced-R171231?s=gh-new-grad-jobs-2027	dropped	DROP:no-target-role-match	2026-09-19	2026-09-19	1	
zapply.jobs/l/d/workday-adobe-external-experienced-r170472	Adobe	Product Designer, Acrobat Mobile Growth	https://zapply.jobs/l/d/workday-adobe-external-experienced-R170472?s=gh-new-grad-jobs-2027	dropped	DROP:no-target-role-match	2026-09-19	2026-09-19	1	
zapply.jobs/l/d/workday-comcast-comcast-careers-r444248	Comcast	Software Engineer (GoLang) - 2 Days ONSITE - Chicago, IL - FreeWheel	https://zapply.jobs/l/d/workday-comcast-comcast-careers-R444248?s=gh-new-grad-jobs-2027	dropped	DROP:no-target-role-match	2026-09-19	2026-09-19	1	
zapply.jobs/l/d/workday-adobe-external-experienced-r171517	Adobe	Data Scientist - Mobile	https://zapply.jobs/l/d/workday-adobe-external-experienced-R171517?s=gh-new-grad-jobs-2027	dropped	DROP:no-target-role-match	2026-09-19	2026-09-19	1	
zapply.jobs/l/d/workday-adobe-external-experienced-r171177	Adobe	Data Scientist	https://zapply.jobs/l/d/workday-adobe-external-experienced-R171177?s=gh-new-grad-jobs-2027	dropped	DROP:no-target-role-match	2026-09-19	2026-09-19	1	
zapply.jobs/l/d/workday-adobe-external-experienced-r168901	Adobe	Applied AI Engineer	https://zapply.jobs/l/d/workday-adobe-external-experienced-R168901?s=gh-new-grad-jobs-2027	dropped	DROP:no-target-role-match	2026-09-19	2026-09-19	1	
zapply.jobs/l/d/workday-nike-nke-r-91110	Nike	NIKE, Inc. Artificial Intelligence, Data, & Machine Learning Engineering Undergraduate Internship	https://zapply.jobs/l/d/workday-nike-nke-R-91110?s=gh-new-grad-jobs-2027	dropped	DROP:intern-coop-phd	2026-09-19	2026-09-19	1	
zapply.jobs/l/d/workday-adobe-external-experienced-r171332	Adobe	Quality Engineering Developer - Mobile	https://zapply.jobs/l/d/workday-adobe-external-experienced-R171332?s=gh-new-grad-jobs-2027	dropped	DROP:no-target-role-match	2026-09-19	2026-09-19	1	
zapply.jobs/l/d/workday-allegion-careers-jr37712	Allegion	Mechanical Engineer	https://zapply.jobs/l/d/workday-allegion-careers-JR37712?s=gh-new-grad-jobs-2027	dropped	DROP:no-target-role-match	2026-09-19	2026-09-19	1	
zapply.jobs/l/d/workday-adobe-external-experienced-r170489	Adobe	Business Development Representative	https://zapply.jobs/l/d/workday-adobe-external-experienced-R170489?s=gh-new-grad-jobs-2027	dropped	DROP:no-target-role-match	2026-09-19	2026-09-19	1	
zapply.jobs/l/d/workday-adobe-external-experienced-r170943	Adobe	Enterprise Sales Account Manager - State & Local Government	https://zapply.jobs/l/d/workday-adobe-external-experienced-R170943?s=gh-new-grad-jobs-2027	dropped	DROP:no-target-role-match	2026-09-19	2026-09-19	1	
zapply.jobs/l/d/workday-entegris-entegriscareers-req-13285	Entegris	Maintenance Technician	https://zapply.jobs/l/d/workday-entegris-entegriscareers-REQ-13285?s=gh-new-grad-jobs-2027	dropped	DROP:no-target-role-match	2026-09-19	2026-09-19	1	
zapply.jobs/l/d/workday-entegris-entegriscareers-req-14222	Entegris	Operations Associate II - Back Half Day Shift	https://zapply.jobs/l/d/workday-entegris-entegriscareers-REQ-14222?s=gh-new-grad-jobs-2027	dropped	DROP:no-target-role-match	2026-09-19	2026-09-19	1	
zapply.jobs/l/d/workday-allegion-careers-jr37218	Allegion	Automatic Door Service Technician	https://zapply.jobs/l/d/workday-allegion-careers-JR37218?s=gh-new-grad-jobs-2027	dropped	DROP:no-target-role-match	2026-09-19	2026-09-19	1	
zapply.jobs/l/d/workday-allegion-careers-jr36643	Allegion	Install Technician-Stanley Access Technologies - $3,000 Certification Bonus	https://zapply.jobs/l/d/workday-allegion-careers-JR36643?s=gh-new-grad-jobs-2027	dropped	DROP:no-target-role-match	2026-09-19	2026-09-19	1	
zapply.jobs/l/d/workday-allegion-careers-jr37302	Allegion	Service Technician-Stanley Access Technologies - $3,000 Certification Bonus	https://zapply.jobs/l/d/workday-allegion-careers-JR37302?s=gh-new-grad-jobs-2027	dropped	DROP:no-target-role-match	2026-09-19	2026-09-19	1	
zapply.jobs/l/d/workday-snapchat-snap-r0046681	Snap	Account Manager, SMC	https://zapply.jobs/l/d/workday-snapchat-snap-R0046681?s=gh-new-grad-jobs-2027	dropped	DROP:no-target-role-match	2026-09-19	2026-09-19	1	
zapply.jobs/l/d/workday-ncr-ext-us-r0158326	NCR Voyix	Field Service Technician - Amarillo, TX	https://zapply.jobs/l/d/workday-ncr-ext-us-R0158326?s=gh-new-grad-jobs-2027	dropped	DROP:no-target-role-match	2026-09-19	2026-09-19	1	
zapply.jobs/l/d/workday-adobe-external-experienced-r171153	Adobe	Strategic Business Developer 4	https://zapply.jobs/l/d/workday-adobe-external-experienced-R171153?s=gh-new-grad-jobs-2027	dropped	DROP:no-target-role-match	2026-09-19	2026-09-19	1	
zapply.jobs/l/d/workday-adobe-external-experienced-r170589	Adobe	Systems Design/Architecture Engineer 5	https://zapply.jobs/l/d/workday-adobe-external-experienced-R170589?s=gh-new-grad-jobs-2027	dropped	DROP:no-target-role-match	2026-09-19	2026-09-19	1	
zapply.jobs/l/d/workday-adobe-external-experienced-r170977	Adobe	2027 Intern - Adobe Sales Academy BDR	https://zapply.jobs/l/d/workday-adobe-external-experienced-R170977?s=gh-new-grad-jobs-2027	dropped	DROP:intern-coop-phd	2026-09-19	2026-09-19	1	
zapply.jobs/l/d/workday-entegris-entegriscareers-req-13853	Entegris	Specialist, Production Planning	https://zapply.jobs/l/d/workday-entegris-entegriscareers-REQ-13853?s=gh-new-grad-jobs-2027	dropped	DROP:no-target-role-match	2026-09-19	2026-09-19	1	
zapply.jobs/l/d/workday-entegris-entegriscareers-req-12000	Entegris	Scientist II, Chemistry	https://zapply.jobs/l/d/workday-entegris-entegriscareers-REQ-12000?s=gh-new-grad-jobs-2027	dropped	DROP:no-target-role-match	2026-09-19	2026-09-19	1	
zapply.jobs/l/d/workday-uline-uline-careers-r263435	Uline	Workforce Management Systems Specialist	https://zapply.jobs/l/d/workday-uline-uline-careers-R263435?s=gh-new-grad-jobs-2027	dropped	DROP:no-target-role-match	2026-09-19	2026-09-19	1	
zapply.jobs/l/d/workday-allegion-careers-jr22519	Allegion	Glass Production Worker	https://zapply.jobs/l/d/workday-allegion-careers-JR22519?s=gh-new-grad-jobs-2027	dropped	DROP:no-target-role-match	2026-09-19	2026-09-19	1	
zapply.jobs/l/d/workday-allegion-careers-jr37689	Allegion	Frame Welder	https://zapply.jobs/l/d/workday-allegion-careers-JR37689?s=gh-new-grad-jobs-2027	dropped	DROP:no-target-role-match	2026-09-19	2026-09-19	1	
zapply.jobs/l/d/workday-allegion-careers-jr37690	Allegion	Frame Grinder	https://zapply.jobs/l/d/workday-allegion-careers-JR37690?s=gh-new-grad-jobs-2027	dropped	DROP:no-target-role-match	2026-09-19	2026-09-19	1	
zapply.jobs/l/d/workday-thehartford-careers-external-r2627129	The Hartford	Claims Consultant - Global Specialty Property Major Case	https://zapply.jobs/l/d/workday-thehartford-careers-external-R2627129?s=gh-new-grad-jobs-2027	dropped	DROP:no-target-role-match	2026-09-19	2026-09-19	1	
zapply.jobs/l/d/workday-sonyglobal-sonyglobalcareers-jr-119438	Sony	Legal Coordinator	https://zapply.jobs/l/d/workday-sonyglobal-sonyglobalcareers-JR-119438?s=gh-new-grad-jobs-2027	dropped	DROP:no-target-role-match	2026-09-19	2026-09-19	1	
zapply.jobs/l/d/workday-sonyglobal-sonyglobalcareers-jr-119335	Sony	Research Intern on Generative and Protective AI for Content Creation	https://zapply.jobs/l/d/workday-sonyglobal-sonyglobalcareers-JR-119335?s=gh-new-grad-jobs-2027	dropped	DROP:intern-coop-phd	2026-09-19	2026-09-19	1	
zapply.jobs/l/d/workday-adobe-external-experienced-r170713	Adobe	Research Scientist/Engineer	https://zapply.jobs/l/d/workday-adobe-external-experienced-R170713?s=gh-new-grad-data-science-jobs-2027	dropped	DROP:no-target-role-match	2026-09-19	2026-09-19	1	
zapply.jobs/l/d/workday-q2ebanking-q2-req-12723	Q2	Software Engineer - Automation	https://zapply.jobs/l/d/workday-q2ebanking-q2-REQ-12723?s=gh-new-grad-jobs-2027	dropped	DROP:no-target-role-match	2026-09-19	2026-09-19	1	
zapply.jobs/l/d/workday-intapp-intapp-r2025349	Intapp	Client Support Engineer	https://zapply.jobs/l/d/workday-intapp-intapp-R2025349?s=gh-new-grad-jobs-2027	dropped	DROP:no-target-role-match	2026-09-19	2026-09-19	1	
zapply.jobs/l/d/workday-intapp-intapp-r2025314	Intapp	Solution Engineer	https://zapply.jobs/l/d/workday-intapp-intapp-R2025314?s=gh-new-grad-jobs-2027	dropped	DROP:no-target-role-match	2026-09-19	2026-09-19	1	
zapply.jobs/l/d/workday-intapp-intapp-r2025290	Intapp	Solution Engineer (Integration Engineer)	https://zapply.jobs/l/d/workday-intapp-intapp-R2025290?s=gh-new-grad-jobs-2027	dropped	DROP:no-target-role-match	2026-09-19	2026-09-19	1	
zapply.jobs/l/d/workday-velera-veleracareers-9078	Velera	Inbound Customer Service Representative- Remote	https://zapply.jobs/l/d/workday-velera-veleracareers-9078?s=gh-new-grad-jobs-2027	dropped	DROP:no-target-role-match	2026-09-19	2026-09-19	1	
zapply.jobs/l/d/workday-velera-veleracareers-9672	Velera	Client Delivery Analyst III (CDE PMO Pilot Commercialization)	https://zapply.jobs/l/d/workday-velera-veleracareers-9672?s=gh-new-grad-jobs-2027	dropped	DROP:no-target-role-match	2026-09-19	2026-09-19	1	
zapply.jobs/l/d/workday-velera-veleracareers-9617	Velera	Consumer Loan Underwriter I	https://zapply.jobs/l/d/workday-velera-veleracareers-9617?s=gh-new-grad-jobs-2027	dropped	DROP:no-target-role-match	2026-09-19	2026-09-19	1	
zapply.jobs/l/d/workday-motorolasolutions-careers-r65756	Motorola Solutions	DevOps Engineer	https://zapply.jobs/l/d/workday-motorolasolutions-careers-R65756?s=gh-new-grad-jobs-2027	dropped	DROP:no-target-role-match	2026-09-19	2026-09-19	1	
zapply.jobs/l/d/workday-motorolasolutions-careers-r68734	Motorola Solutions	DSP (Digital Signal Processing) Software Engineering Intern - Summer 2027	https://zapply.jobs/l/d/workday-motorolasolutions-careers-R68734?s=gh-new-grad-jobs-2027	dropped	DROP:intern-coop-phd	2026-09-19	2026-09-19	1	
zapply.jobs/l/d/workday-workday-workday-jr-0109889	Workday Inc	Software Development Engineer	https://zapply.jobs/l/d/workday-workday-workday-JR-0109889?s=gh-new-grad-jobs-2027	dropped	DROP:no-target-role-match	2026-09-19	2026-09-19	1	
zapply.jobs/l/d/workday-jci-jci-wd30280134	Johnson Controls	Business Intelligence Analyst - FSP Global Quality	https://zapply.jobs/l/d/workday-jci-jci-WD30280134?s=gh-new-grad-jobs-2027	dropped	DROP:no-target-role-match	2026-09-19	2026-09-19	1	
zapply.jobs/l/d/workday-motorolasolutions-careers-r68369	Motorola Solutions	Cyber Security - 2027 Summer Internship (Chicago Hybrid)	https://zapply.jobs/l/d/workday-motorolasolutions-careers-R68369?s=gh-new-grad-jobs-2027	dropped	DROP:intern-coop-phd	2026-09-19	2026-09-19	1	
zapply.jobs/l/d/workday-bakerhughes-bakerhughes-r169255	Baker Hughes	Field Service Mechanical Engineer	https://zapply.jobs/l/d/workday-bakerhughes-bakerhughes-R169255?s=gh-new-grad-jobs-2027	dropped	DROP:no-target-role-match	2026-09-19	2026-09-19	1	
zapply.jobs/l/d/workday-bakerhughes-bakerhughes-r169257	Baker Hughes	Field Service Electrical Engineer	https://zapply.jobs/l/d/workday-bakerhughes-bakerhughes-R169257?s=gh-new-grad-jobs-2027	dropped	DROP:no-target-role-match	2026-09-19	2026-09-19	1	
zapply.jobs/l/d/workday-danaher-danaherjobs-r1314593	Danaher	Manufacturing Engineer - Chemical	https://zapply.jobs/l/d/workday-danaher-danaherjobs-R1314593?s=gh-new-grad-jobs-2027	dropped	DROP:no-target-role-match	2026-09-19	2026-09-19	1	
zapply.jobs/l/d/workday-motorolasolutions-careers-r67780	Motorola Solutions	Electrical Engineer Intern - Summer 2027	https://zapply.jobs/l/d/workday-motorolasolutions-careers-R67780?s=gh-new-grad-jobs-2027	dropped	DROP:intern-coop-phd	2026-09-19	2026-09-19	1	
zapply.jobs/l/d/workday-jci-jci-wd30270814	Johnson Controls	Design for Manufacturing Engineer	https://zapply.jobs/l/d/workday-jci-jci-WD30270814?s=gh-new-grad-jobs-2027	dropped	DROP:no-target-role-match	2026-09-19	2026-09-19	1	
zapply.jobs/l/d/workday-micron-external-jr107507	Micron Technology	Dry Etch Process Engineer	https://zapply.jobs/l/d/workday-micron-external-JR107507?s=gh-new-grad-jobs-2027	dropped	DROP:no-target-role-match	2026-09-19	2026-09-19	1	
zapply.jobs/l/d/workday-leidos-external-r-00189272	Leidos	Electrical Engineer/Radio Frequency (RF) Engineer	https://zapply.jobs/l/d/workday-leidos-external-R-00189272?s=gh-new-grad-jobs-2027	dropped	DROP:no-target-role-match	2026-09-19	2026-09-19	1	
zapply.jobs/l/d/workday-leidos-external-r-00191874	Leidos	Naval Systems Engineer	https://zapply.jobs/l/d/workday-leidos-external-R-00191874?s=gh-new-grad-jobs-2027	dropped	DROP:no-target-role-match	2026-09-19	2026-09-19	1	
zapply.jobs/l/d/workday-abb-external-career-page-jr00040252	ABB	Field Service Technician	https://zapply.jobs/l/d/workday-abb-external-career-page-JR00040252?s=gh-new-grad-jobs-2027	dropped	DROP:no-target-role-match	2026-09-19	2026-09-19	1	
zapply.jobs/l/d/workday-abb-external-career-page-jr00046120	ABB	Quality Technician	https://zapply.jobs/l/d/workday-abb-external-career-page-JR00046120?s=gh-new-grad-jobs-2027	dropped	DROP:no-target-role-match	2026-09-19	2026-09-19	1	
zapply.jobs/l/d/workday-bakerhughes-bakerhughes-r167093	Baker Hughes	Technician Fabricator (Drill Bits)	https://zapply.jobs/l/d/workday-bakerhughes-bakerhughes-R167093?s=gh-new-grad-jobs-2027	dropped	DROP:no-target-role-match	2026-09-19	2026-09-19	1	
zapply.jobs/l/d/workday-bakerhughes-bakerhughes-r169259	Baker Hughes	ASPIRE Supply Chain - 2027	https://zapply.jobs/l/d/workday-bakerhughes-bakerhughes-R169259?s=gh-new-grad-jobs-2027	dropped	DROP:no-target-role-match	2026-09-19	2026-09-19	1	
zapply.jobs/l/d/workday-danaher-danaherjobs-r1318126	Danaher	Engineering Technician-Adv. Eng.	https://zapply.jobs/l/d/workday-danaher-danaherjobs-R1318126?s=gh-new-grad-jobs-2027	dropped	DROP:no-target-role-match	2026-09-19	2026-09-19	1	
zapply.jobs/l/d/workday-motorolasolutions-careers-r69000	Motorola Solutions	Implementation Onsite Technician	https://zapply.jobs/l/d/workday-motorolasolutions-careers-R69000?s=gh-new-grad-jobs-2027	dropped	DROP:no-target-role-match	2026-09-19	2026-09-19	1	
zapply.jobs/l/d/workday-motorolasolutions-careers-r66534	Motorola Solutions	Junior Pre-Sales Engineer	https://zapply.jobs/l/d/workday-motorolasolutions-careers-R66534?s=gh-new-grad-jobs-2027	dropped	DROP:no-target-role-match	2026-09-19	2026-09-19	1	
zapply.jobs/l/d/workday-motorolasolutions-careers-r68297	Motorola Solutions	System Technician - Southeast Region	https://zapply.jobs/l/d/workday-motorolasolutions-careers-R68297?s=gh-new-grad-jobs-2027	dropped	DROP:no-target-role-match	2026-09-19	2026-09-19	1	
zapply.jobs/l/d/workday-jci-jci-wd30280114	Johnson Controls	Security Systems Technician	https://zapply.jobs/l/d/workday-jci-jci-WD30280114?s=gh-new-grad-jobs-2027	dropped	DROP:no-target-role-match	2026-09-19	2026-09-19	1	
zapply.jobs/l/d/workday-jci-jci-wd30278652	Johnson Controls	Controls Systems Associate Technician	https://zapply.jobs/l/d/workday-jci-jci-WD30278652?s=gh-new-grad-jobs-2027	dropped	DROP:no-target-role-match	2026-09-19	2026-09-19	1	
zapply.jobs/l/d/workday-micron-external-jr112171	Micron Technology	Toxic Gas Monitoring (TGM) Technician	https://zapply.jobs/l/d/workday-micron-external-JR112171?s=gh-new-grad-jobs-2027	dropped	DROP:no-target-role-match	2026-09-19	2026-09-19	1	
zapply.jobs/l/d/workday-zillow-zillow-group-external-p750747	Zillow	Sales Executive, SMB, Rentals	https://zapply.jobs/l/d/workday-zillow-zillow-group-external-P750747?s=gh-new-grad-jobs-2027	dropped	DROP:no-target-role-match	2026-09-19	2026-09-19	1	
zapply.jobs/l/d/workday-leidos-external-r-00188579	Leidos	Supply Chain Risk Management Intelligence Analyst	https://zapply.jobs/l/d/workday-leidos-external-R-00188579?s=gh-new-grad-jobs-2027	dropped	DROP:no-target-role-match	2026-09-19	2026-09-19	1	
zapply.jobs/l/d/workday-leidos-external-r-00192634	Leidos	UC NOC Technician III	https://zapply.jobs/l/d/workday-leidos-external-R-00192634?s=gh-new-grad-jobs-2027	dropped	DROP:no-target-role-match	2026-09-19	2026-09-19	1	
zapply.jobs/l/d/workday-abb-external-career-page-jr00048017	ABB	Paint SetUp - 2nd Shift	https://zapply.jobs/l/d/workday-abb-external-career-page-JR00048017?s=gh-new-grad-jobs-2027	dropped	DROP:no-target-role-match	2026-09-19	2026-09-19	1	
zapply.jobs/l/d/workday-abb-external-career-page-jr00029343	ABB	Field Service Engineer	https://zapply.jobs/l/d/workday-abb-external-career-page-JR00029343?s=gh-new-grad-jobs-2027	dropped	DROP:no-target-role-match	2026-09-19	2026-09-19	1	
zapply.jobs/l/d/workday-bakerhughes-bakerhughes-r157836	Baker Hughes	Wireline Field Operator	https://zapply.jobs/l/d/workday-bakerhughes-bakerhughes-R157836?s=gh-new-grad-jobs-2027	dropped	DROP:no-target-role-match	2026-09-19	2026-09-19	1	
zapply.jobs/l/d/workday-bakerhughes-bakerhughes-r169224	Baker Hughes	Field Specialist III	https://zapply.jobs/l/d/workday-bakerhughes-bakerhughes-R169224?s=gh-new-grad-jobs-2027	dropped	DROP:no-target-role-match	2026-09-19	2026-09-19	1	
zapply.jobs/l/d/workday-bakerhughes-bakerhughes-r169083	Baker Hughes	ASPIRE Finance - 2027	https://zapply.jobs/l/d/workday-bakerhughes-bakerhughes-R169083?s=gh-new-grad-jobs-2027	dropped	DROP:no-target-role-match	2026-09-19	2026-09-19	1	
zapply.jobs/l/d/workday-danaher-danaherjobs-r1319324	Danaher	Field Service Engineer - Columbus, OH	https://zapply.jobs/l/d/workday-danaher-danaherjobs-R1319324?s=gh-new-grad-jobs-2027	dropped	DROP:no-target-role-match	2026-09-19	2026-09-19	1	
zapply.jobs/l/d/workday-danaher-danaherjobs-r1317706	Danaher	QC Analyst I - Biochemistry (2nd Shift)	https://zapply.jobs/l/d/workday-danaher-danaherjobs-R1317706?s=gh-new-grad-jobs-2027	dropped	DROP:no-target-role-match	2026-09-19	2026-09-19	1	
zapply.jobs/l/d/workday-danaher-danaherjobs-r1317766	Danaher	Quality Control Analyst I (1st Shift)	https://zapply.jobs/l/d/workday-danaher-danaherjobs-R1317766?s=gh-new-grad-jobs-2027	dropped	DROP:no-target-role-match	2026-09-19	2026-09-19	1	
zapply.jobs/l/d/workday-motorolasolutions-careers-r68966	Motorola Solutions	Service Forecast Analyst	https://zapply.jobs/l/d/workday-motorolasolutions-careers-R68966?s=gh-new-grad-jobs-2027	dropped	DROP:no-target-role-match	2026-09-19	2026-09-19	1	
zapply.jobs/l/d/workday-motorolasolutions-careers-r68663	Motorola Solutions	Southeast Project Manager	https://zapply.jobs/l/d/workday-motorolasolutions-careers-R68663?s=gh-new-grad-jobs-2027	dropped	DROP:no-target-role-match	2026-09-19	2026-09-19	1	
zapply.jobs/l/d/workday-motorolasolutions-careers-r68331	Motorola Solutions	Finance & Accounting Intern (2027 Internship)	https://zapply.jobs/l/d/workday-motorolasolutions-careers-R68331?s=gh-new-grad-jobs-2027	dropped	DROP:intern-coop-phd	2026-09-19	2026-09-19	1	
zapply.jobs/l/d/workday-jci-jci-wd30277388	Johnson Controls	Equipment Designer/Drafter	https://zapply.jobs/l/d/workday-jci-jci-WD30277388?s=gh-new-grad-jobs-2027	dropped	DROP:no-target-role-match	2026-09-19	2026-09-19	1	
zapply.jobs/l/d/workday-jci-jci-wd30276527	Johnson Controls	HVAC Project Manager	https://zapply.jobs/l/d/workday-jci-jci-WD30276527?s=gh-new-grad-jobs-2027	dropped	DROP:no-target-role-match	2026-09-19	2026-09-19	1	
zapply.jobs/l/d/workday-micron-external-jr109847	Micron Technology	New College Grad - Indirect Category Supplier Manager	https://zapply.jobs/l/d/workday-micron-external-JR109847?s=gh-new-grad-jobs-2027	dropped	DROP:no-target-role-match	2026-09-19	2026-09-19	1	
zapply.jobs/l/d/workday-micron-external-jr111973	Micron Technology	Diffusion Equipment Shift Lead Engineer	https://zapply.jobs/l/d/workday-micron-external-JR111973?s=gh-new-grad-jobs-2027	dropped	DROP:no-target-role-match	2026-09-19	2026-09-19	1	
zapply.jobs/l/d/workday-micron-external-jr111840	Micron Technology	New College Grad - Memory System Architect, HBM Generative AI	https://zapply.jobs/l/d/workday-micron-external-JR111840?s=gh-new-grad-jobs-2027	dropped	DROP:no-target-role-match	2026-09-19	2026-09-19	1	
zapply.jobs/l/d/workday-synnex-tdsynnexcareers-r48144	TD Synnex	Warehouse Associate	https://zapply.jobs/l/d/workday-synnex-tdsynnexcareers-R48144?s=gh-new-grad-jobs-2027	dropped	DROP:no-target-role-match	2026-09-19	2026-09-19	1	
zapply.jobs/l/d/workday-zillow-zillow-group-external-p751199	Zillow	Loan Officer Development Program (Overland Park, KS)	https://zapply.jobs/l/d/workday-zillow-zillow-group-external-P751199?s=gh-new-grad-jobs-2027	dropped	DROP:no-target-role-match	2026-09-19	2026-09-19	1	
zapply.jobs/l/d/workday-zillow-zillow-group-external-p751198	Zillow	Loan Officer Development Program (Plano, TX)	https://zapply.jobs/l/d/workday-zillow-zillow-group-external-P751198?s=gh-new-grad-jobs-2027	dropped	DROP:no-target-role-match	2026-09-19	2026-09-19	1	
zapply.jobs/l/d/workday-guidehouse-external-43819	Guidehouse	Power Platform Developer	https://zapply.jobs/l/d/workday-guidehouse-external-43819?s=gh-new-grad-jobs-2027	dropped	DROP:no-target-role-match	2026-09-19	2026-09-19	1	
zapply.jobs/l/d/workday-guidehouse-external-43252	Guidehouse	Cloud Engineer	https://zapply.jobs/l/d/workday-guidehouse-external-43252?s=gh-new-grad-jobs-2027	dropped	DROP:no-target-role-match	2026-09-19	2026-09-19	1	
zapply.jobs/l/d/workday-ngc-northrop-grumman-external-site-r10251590	Northrop Grumman	Software Engineer (26-420)	https://zapply.jobs/l/d/workday-ngc-northrop-grumman-external-site-R10251590?s=gh-new-grad-jobs-2027	dropped	DROP:no-target-role-match	2026-09-19	2026-09-19	1	
zapply.jobs/l/d/workday-globalhr-rec-rtx-ext-gateway-01864212	RTX	Software Engineer II (Onsite)	https://zapply.jobs/l/d/workday-globalhr-rec-rtx-ext-gateway-01864212?s=gh-new-grad-jobs-2027	dropped	DROP:no-target-role-match	2026-09-19	2026-09-19	1	
zapply.jobs/l/d/workday-globalhr-rec-rtx-ext-gateway-01875780	RTX	Software Engineering Intern (Summer 2027)	https://zapply.jobs/l/d/workday-globalhr-rec-rtx-ext-gateway-01875780?s=gh-new-grad-jobs-2027	dropped	DROP:intern-coop-phd	2026-09-19	2026-09-19	1	
zapply.jobs/l/d/workday-globalhr-rec-rtx-ext-gateway-01870328	RTX	Embedded Software Engineer I (Onsite)	https://zapply.jobs/l/d/workday-globalhr-rec-rtx-ext-gateway-01870328?s=gh-new-grad-jobs-2027	dropped	DROP:no-target-role-match	2026-09-19	2026-09-19	1	
zapply.jobs/l/d/workday-usaa-usaajobswd-r0121101	USAA	Operations – Digital/Technical Product Manager Intern	https://zapply.jobs/l/d/workday-usaa-usaajobswd-R0121101?s=gh-new-grad-jobs-2027	dropped	DROP:intern-coop-phd	2026-09-19	2026-09-19	1	
zapply.jobs/l/d/workday-usaa-usaajobswd-r0120262	USAA	Infrastructure Engineer I - Data Protection	https://zapply.jobs/l/d/workday-usaa-usaajobswd-R0120262?s=gh-new-grad-jobs-2027	dropped	DROP:no-target-role-match	2026-09-19	2026-09-19	1	
zapply.jobs/l/d/workday-regalrexnord-careers-r26_04440	Regal Rexnord	Application Engineer Co-op (Spring 2027)	https://zapply.jobs/l/d/workday-regalrexnord-careers-R26_04440?s=gh-new-grad-jobs-2027	dropped	DROP:intern-coop-phd	2026-09-19	2026-09-19	1	
zapply.jobs/l/d/workday-medtronic-medtroniccareers-r77999	Medtronic	Reliability Engineer II - NMPH - Fridley, MN (Onsite)	https://zapply.jobs/l/d/workday-medtronic-medtroniccareers-R77999?s=gh-new-grad-jobs-2027	dropped	DROP:no-target-role-match	2026-09-19	2026-09-19	1	
zapply.jobs/l/d/workday-boeing-external-careers-jr2026524924	Boeing	Platform Engineer (Experienced or Senior)	https://zapply.jobs/l/d/workday-boeing-external-careers-JR2026524924?s=gh-new-grad-jobs-2027	dropped	DROP:no-target-role-match	2026-09-19	2026-09-19	1	
zapply.jobs/l/d/workday-boeing-external-careers-jr2026523235	Boeing	Embedded Software Engineer (Associate, Experienced or Lead)	https://zapply.jobs/l/d/workday-boeing-external-careers-JR2026523235?s=gh-new-grad-jobs-2027	dropped	DROP:no-target-role-match	2026-09-19	2026-09-19	1	
zapply.jobs/l/d/workday-boeing-external-careers-jr2026520956	Boeing	Software Engineer (Associate or Experienced)	https://zapply.jobs/l/d/workday-boeing-external-careers-JR2026520956?s=gh-new-grad-jobs-2027	dropped	DROP:no-target-role-match	2026-09-19	2026-09-19	1	
zapply.jobs/l/d/workday-generalmotors-careers-gm-jr-202618702	General Motors	Software Developer - Manufacturing Applications	https://zapply.jobs/l/d/workday-generalmotors-careers-gm-JR-202618702?s=gh-new-grad-jobs-2027	dropped	DROP:no-target-role-match	2026-09-19	2026-09-19	1	
zapply.jobs/l/d/workday-labcorp-external-2632403	LabCorp	Software Development Engineer II	https://zapply.jobs/l/d/workday-labcorp-external-2632403?s=gh-new-grad-jobs-2027	dropped	DROP:no-target-role-match	2026-09-19	2026-09-19	1	
zapply.jobs/l/d/workday-cisco-cisco-careers-2024153	Cisco	Product Designer -- Hypershield	https://zapply.jobs/l/d/workday-cisco-cisco-careers-2024153?s=gh-new-grad-jobs-2027	dropped	DROP:no-target-role-match	2026-09-19	2026-09-19	1	
zapply.jobs/l/d/workday-fiserv-ext-r-10398184	Fiserv	Software Development Engineering - Advisor II	https://zapply.jobs/l/d/workday-fiserv-ext-R-10398184?s=gh-new-grad-jobs-2027	dropped	DROP:no-target-role-match	2026-09-19	2026-09-19	1	
zapply.jobs/l/d/workday-fiserv-ext-r-10399395	Fiserv	Software Development Engineering - Advisor I	https://zapply.jobs/l/d/workday-fiserv-ext-R-10399395?s=gh-new-grad-jobs-2027	dropped	DROP:no-target-role-match	2026-09-19	2026-09-19	1	
zapply.jobs/l/d/workday-bmo-external-r260027197	BMO	Software Developer, Winter 2027 (Internship) - 4 months	https://zapply.jobs/l/d/workday-bmo-external-R260027197?s=gh-new-grad-jobs-2027	dropped	DROP:intern-coop-phd	2026-09-19	2026-09-19	1	
zapply.jobs/l/d/workday-capitalone-capital-one-r246759	Capital One	Manager, Product Manager-Small Business Bank Digital Servicing	https://zapply.jobs/l/d/workday-capitalone-capital-one-R246759?s=gh-new-grad-jobs-2027	dropped	DROP:outside-target-metro	2026-09-19	2026-09-19	1	
zapply.jobs/l/d/workday-bbva-bbva-jr00114924	BBVA	DATA ENGINEERING ASSOCIATE II-3	https://zapply.jobs/l/d/workday-bbva-bbva-JR00114924?s=gh-new-grad-jobs-2027	dropped	DROP:no-target-role-match	2026-09-19	2026-09-19	1	
zapply.jobs/l/d/workday-oshkoshcorporation-oshkosh-r49932	Oshkosh Corporation	Data Engineer Sr	https://zapply.jobs/l/d/workday-oshkoshcorporation-oshkosh-R49932?s=gh-new-grad-jobs-2027	dropped	DROP:no-target-role-match	2026-09-19	2026-09-19	1	
zapply.jobs/l/d/workday-guidehouse-external-43668	Guidehouse	Technical SETA SME – Natural Language Processing (NLP)	https://zapply.jobs/l/d/workday-guidehouse-external-43668?s=gh-new-grad-jobs-2027	dropped	DROP:no-target-role-match	2026-09-19	2026-09-19	1	
zapply.jobs/l/d/workday-guidehouse-external-42927	Guidehouse	AI Engineer	https://zapply.jobs/l/d/workday-guidehouse-external-42927?s=gh-new-grad-jobs-2027	dropped	DROP:no-target-role-match	2026-09-19	2026-09-19	1	
zapply.jobs/l/d/workday-guidehouse-external-42979	Guidehouse	Data Analyst/Power Platform	https://zapply.jobs/l/d/workday-guidehouse-external-42979?s=gh-new-grad-jobs-2027	dropped	DROP:no-target-role-match	2026-09-19	2026-09-19	1	
zapply.jobs/l/d/workday-transunion-transunion-19042464	TransUnion	Data Scientist, Financial Services Consulting	https://zapply.jobs/l/d/workday-transunion-transunion-19042464?s=gh-new-grad-jobs-2027	dropped	DROP:no-target-role-match	2026-09-19	2026-09-19	1	
zapply.jobs/l/d/workday-pfizer-pfizercareers-4964262	Pfizer	Applied AI and Machine Learning Scientist	https://zapply.jobs/l/d/workday-pfizer-pfizercareers-4964262?s=gh-new-grad-jobs-2027	dropped	DROP:no-target-role-match	2026-09-19	2026-09-19	1	
zapply.jobs/l/d/workday-boeing-external-careers-jr2026523972	Boeing	Data Platform & Analytics Manager – Millennium Space Systems	https://zapply.jobs/l/d/workday-boeing-external-careers-JR2026523972?s=gh-new-grad-jobs-2027	dropped	DROP:no-target-role-match	2026-09-19	2026-09-19	1	
zapply.jobs/l/d/workday-ameriprise-ameriprise-r26_3646	Ameriprise Financial	Business Analyst	https://zapply.jobs/l/d/workday-ameriprise-ameriprise-R26_3646?s=gh-new-grad-jobs-2027	dropped	DROP:no-target-role-match	2026-09-19	2026-09-19	1	
zapply.jobs/l/d/workday-comcast-comcast-careers-r444515	Comcast	Scientist 2, Data Science	https://zapply.jobs/l/d/workday-comcast-comcast-careers-R444515?s=gh-new-grad-jobs-2027	dropped	DROP:no-target-role-match	2026-09-19	2026-09-19	1	
zapply.jobs/l/d/workday-comcast-comcast-careers-r444599	Comcast	Data Scientist 3 - Comcast Advertising	https://zapply.jobs/l/d/workday-comcast-comcast-careers-R444599?s=gh-new-grad-jobs-2027	dropped	DROP:no-target-role-match	2026-09-19	2026-09-19	1	
zapply.jobs/l/d/workday-capitalone-capital-one-r1001235	Capital One	AI Engineer 5 (FM Hosting, LLM Inference)	https://zapply.jobs/l/d/workday-capitalone-capital-one-R1001235?s=gh-new-grad-jobs-2027	dropped	DROP:no-target-role-match	2026-09-19	2026-09-19	1	
zapply.jobs/l/d/workday-capitalone-capital-one-r1001112	Capital One	AI Engineer 4 (AI Foundations, LLM Core and Agentic AI)	https://zapply.jobs/l/d/workday-capitalone-capital-one-R1001112?s=gh-new-grad-jobs-2027	dropped	DROP:no-target-role-match	2026-09-19	2026-09-19	1	
zapply.jobs/l/d/workday-capitalone-capital-one-r237204	Capital One	Applied Researcher I (AI Foundations)	https://zapply.jobs/l/d/workday-capitalone-capital-one-R237204?s=gh-new-grad-jobs-2027	dropped	DROP:no-target-role-match	2026-09-19	2026-09-19	1	
zapply.jobs/l/d/workday-guidehouse-external-43494	Guidehouse	Cybersecurity Strategy Consultant	https://zapply.jobs/l/d/workday-guidehouse-external-43494?s=gh-new-grad-jobs-2027	dropped	DROP:no-target-role-match	2026-09-19	2026-09-19	1	
zapply.jobs/l/d/workday-guidehouse-external-43135	Guidehouse	Jr. Information Security Officer (ISSO)	https://zapply.jobs/l/d/workday-guidehouse-external-43135?s=gh-new-grad-jobs-2027	dropped	DROP:no-target-role-match	2026-09-19	2026-09-19	1	
zapply.jobs/l/d/workday-pae-amentum-careers-r0170533	Amentum	Cyber Security SME - Information System Security Officer (ISSO)	https://zapply.jobs/l/d/workday-pae-amentum-careers-R0170533?s=gh-new-grad-jobs-2027	dropped	DROP:no-target-role-match	2026-09-19	2026-09-19	1	
zapply.jobs/l/d/workday-cisco-cisco-careers-2024998	Cisco	AI Security Engineer	https://zapply.jobs/l/d/workday-cisco-cisco-careers-2024998?s=gh-new-grad-jobs-2027	dropped	DROP:no-target-role-match	2026-09-19	2026-09-19	1	
zapply.jobs/l/d/workday-cisco-cisco-careers-2024999	Cisco	AI Application Security Engineer	https://zapply.jobs/l/d/workday-cisco-cisco-careers-2024999?s=gh-new-grad-jobs-2027	dropped	DROP:no-target-role-match	2026-09-19	2026-09-19	1	
zapply.jobs/l/d/workday-elevancehealth-ant-jr207713	Elevance Health	Information Security Advisor - Detection Engineer	https://zapply.jobs/l/d/workday-elevancehealth-ant-JR207713?s=gh-new-grad-jobs-2027	dropped	DROP:no-target-role-match	2026-09-19	2026-09-19	1	
zapply.jobs/l/d/workday-elevancehealth-ant-jr206158	Elevance Health	Security Analyst III - Identity and Access Management (Wellpoint Federal)	https://zapply.jobs/l/d/workday-elevancehealth-ant-JR206158?s=gh-new-grad-jobs-2027	dropped	DROP:no-target-role-match	2026-09-19	2026-09-19	1	
zapply.jobs/l/d/workday-hitachi-hitachi-r0143937	Hitachi	Controls Engineering Internship	https://zapply.jobs/l/d/workday-hitachi-hitachi-R0143937?s=gh-new-grad-jobs-2027	dropped	DROP:intern-coop-phd	2026-09-19	2026-09-19	1	
zapply.jobs/l/d/workday-guidehouse-external-44057	Guidehouse	Mission Systems Engineer	https://zapply.jobs/l/d/workday-guidehouse-external-44057?s=gh-new-grad-jobs-2027	dropped	DROP:no-target-role-match	2026-09-19	2026-09-19	1	
zapply.jobs/l/d/workday-guidehouse-external-42542	Guidehouse	Business Process Engineer	https://zapply.jobs/l/d/workday-guidehouse-external-42542?s=gh-new-grad-jobs-2027	dropped	DROP:no-target-role-match	2026-09-19	2026-09-19	1	
zapply.jobs/l/d/workday-guidehouse-external-42981	Guidehouse	Journeyman Avionics Engineer (Computer Systems and Software Airworthiness)	https://zapply.jobs/l/d/workday-guidehouse-external-42981?s=gh-new-grad-jobs-2027	dropped	DROP:no-target-role-match	2026-09-19	2026-09-19	1	
zapply.jobs/l/d/workday-globalhr-rec-rtx-ext-gateway-01875573	RTX	Electrical Engineer II – Computing Products (Onsite)	https://zapply.jobs/l/d/workday-globalhr-rec-rtx-ext-gateway-01875573?s=gh-new-grad-jobs-2027	dropped	DROP:no-target-role-match	2026-09-19	2026-09-19	1	
zapply.jobs/l/d/workday-globalhr-rec-rtx-ext-gateway-01872988	RTX	Manufacturing Engineering Intern (Summer 2027)	https://zapply.jobs/l/d/workday-globalhr-rec-rtx-ext-gateway-01872988?s=gh-new-grad-jobs-2027	dropped	DROP:intern-coop-phd	2026-09-19	2026-09-19	1	
zapply.jobs/l/d/workday-globalhr-rec-rtx-ext-gateway-01876436	RTX	Quality Process Engineer - ACF	https://zapply.jobs/l/d/workday-globalhr-rec-rtx-ext-gateway-01876436?s=gh-new-grad-jobs-2027	dropped	DROP:no-target-role-match	2026-09-19	2026-09-19	1	
zapply.jobs/l/d/workday-regalrexnord-careers-r26_04588	Regal Rexnord	Manufacturing Engineer III	https://zapply.jobs/l/d/workday-regalrexnord-careers-R26_04588?s=gh-new-grad-jobs-2027	dropped	DROP:no-target-role-match	2026-09-19	2026-09-19	1	
zapply.jobs/l/d/workday-regalrexnord-careers-r26_04586	Regal Rexnord	Manufacturing Engineer I	https://zapply.jobs/l/d/workday-regalrexnord-careers-R26_04586?s=gh-new-grad-jobs-2027	dropped	DROP:no-target-role-match	2026-09-19	2026-09-19	1	
zapply.jobs/l/d/workday-regalrexnord-careers-r26_04170	Regal Rexnord	Quality Engineer	https://zapply.jobs/l/d/workday-regalrexnord-careers-R26_04170?s=gh-new-grad-jobs-2027	dropped	DROP:no-target-role-match	2026-09-19	2026-09-19	1	
zapply.jobs/l/d/workday-rollsroyce-professional-jr6153424	Rolls-Royce	Controls Systems Engineering Quality and Process Assurance	https://zapply.jobs/l/d/workday-rollsroyce-professional-JR6153424?s=gh-new-grad-jobs-2027	dropped	DROP:no-target-role-match	2026-09-19	2026-09-19	1	
zapply.jobs/l/d/workday-carrier-jobs-30201677	Carrier Global	Electronic Manufacturing Test Engineer	https://zapply.jobs/l/d/workday-carrier-jobs-30201677?s=gh-new-grad-jobs-2027	dropped	DROP:no-target-role-match	2026-09-19	2026-09-19	1	
zapply.jobs/l/d/workday-carrier-jobs-30205234	Carrier Global	Controls Engineer	https://zapply.jobs/l/d/workday-carrier-jobs-30205234?s=gh-new-grad-jobs-2027	dropped	DROP:no-target-role-match	2026-09-19	2026-09-19	1	
zapply.jobs/l/d/workday-carrier-jobs-30215910	Carrier Global	Industrial Engineering Techs	https://zapply.jobs/l/d/workday-carrier-jobs-30215910?s=gh-new-grad-jobs-2027	dropped	DROP:no-target-role-match	2026-09-19	2026-09-19	1	
zapply.jobs/l/d/workday-boeing-external-careers-jr2026524944	Boeing	Spacecraft Propulsion Engineer (Mid Career) - Millennium Space Systems	https://zapply.jobs/l/d/workday-boeing-external-careers-JR2026524944?s=gh-new-grad-jobs-2027	dropped	DROP:no-target-role-match	2026-09-19	2026-09-19	1	
zapply.jobs/l/d/workday-boeing-external-careers-jr2026507595	Boeing	Wiring Manufacturing Engineer	https://zapply.jobs/l/d/workday-boeing-external-careers-JR2026507595?s=gh-new-grad-jobs-2027	dropped	DROP:no-target-role-match	2026-09-19	2026-09-19	1	
zapply.jobs/l/d/workday-boeing-external-careers-jr2026522483	Boeing	Software Test Infrastructure/SW Test Engineer (Associate, Experienced, or Senior)	https://zapply.jobs/l/d/workday-boeing-external-careers-JR2026522483?s=gh-new-grad-jobs-2027	dropped	DROP:no-target-role-match	2026-09-19	2026-09-19	1	
zapply.jobs/l/d/workday-generalmotors-careers-gm-jr-202618741	General Motors	Controls Engineer	https://zapply.jobs/l/d/workday-generalmotors-careers-gm-JR-202618741?s=gh-new-grad-jobs-2027	dropped	DROP:no-target-role-match	2026-09-19	2026-09-19	1	
zapply.jobs/l/d/workday-avav-avav-7964	AeroVironment	RF PCBA Design and Test Engineer	https://zapply.jobs/l/d/workday-avav-avav-7964?s=gh-new-grad-jobs-2027	dropped	DROP:no-target-role-match	2026-09-19	2026-09-19	1	
zapply.jobs/l/d/workday-avav-avav-8760	AeroVironment	Aeromechanical Engineer	https://zapply.jobs/l/d/workday-avav-avav-8760?s=gh-new-grad-jobs-2027	dropped	DROP:no-target-role-match	2026-09-19	2026-09-19	1	
zapply.jobs/l/d/workday-hitachi-hitachi-r0145675	Hitachi	Intern – Procurement Buyer	https://zapply.jobs/l/d/workday-hitachi-hitachi-R0145675?s=gh-new-grad-jobs-2027	dropped	DROP:intern-coop-phd	2026-09-19	2026-09-19	1	
zapply.jobs/l/d/workday-hitachi-hitachi-r0143848	Hitachi	Quality Technician	https://zapply.jobs/l/d/workday-hitachi-hitachi-R0143848?s=gh-new-grad-jobs-2027	dropped	DROP:no-target-role-match	2026-09-19	2026-09-19	1	
zapply.jobs/l/d/workday-wf-wellsfargojobs-r-568565	Wells Fargo	Branch Operations Coordinator Helena East	https://zapply.jobs/l/d/workday-wf-wellsfargojobs-R-568565?s=gh-new-grad-jobs-2027	dropped	DROP:no-target-role-match	2026-09-19	2026-09-19	1	
zapply.jobs/l/d/workday-wf-wellsfargojobs-r-576830	Wells Fargo	Branch Operations Coordinator - Bozeman Smith Center	https://zapply.jobs/l/d/workday-wf-wellsfargojobs-R-576830?s=gh-new-grad-jobs-2027	dropped	DROP:no-target-role-match	2026-09-19	2026-09-19	1	
zapply.jobs/l/d/workday-wf-wellsfargojobs-r-564738	Wells Fargo	Securities Operations Specialist	https://zapply.jobs/l/d/workday-wf-wellsfargojobs-R-564738?s=gh-new-grad-jobs-2027	dropped	DROP:no-target-role-match	2026-09-19	2026-09-19	1	
zapply.jobs/l/d/workday-oshkoshcorporation-oshkosh-r24297	Oshkosh Corporation	Airport Services Maintenance Repair Technician 1 - Orlando International Airport - MCO-AB	https://zapply.jobs/l/d/workday-oshkoshcorporation-oshkosh-R24297?s=gh-new-grad-jobs-2027	dropped	DROP:no-target-role-match	2026-09-19	2026-09-19	1	
zapply.jobs/l/d/workday-oshkoshcorporation-oshkosh-r49203	Oshkosh Corporation	Offline Technician	https://zapply.jobs/l/d/workday-oshkoshcorporation-oshkosh-R49203?s=gh-new-grad-jobs-2027	dropped	DROP:no-target-role-match	2026-09-19	2026-09-19	1	
zapply.jobs/l/d/workday-guidehouse-external-43966	Guidehouse	Procurement Support Specialist	https://zapply.jobs/l/d/workday-guidehouse-external-43966?s=gh-new-grad-jobs-2027	dropped	DROP:no-target-role-match	2026-09-19	2026-09-19	1	
zapply.jobs/l/d/workday-guidehouse-external-42929	Guidehouse	Supply Chain Optimization Consultant II	https://zapply.jobs/l/d/workday-guidehouse-external-42929?s=gh-new-grad-jobs-2027	dropped	DROP:no-target-role-match	2026-09-19	2026-09-19	1	
zapply.jobs/l/d/workday-guidehouse-external-42861	Guidehouse	Power Platform & Automation Solutions Consultant	https://zapply.jobs/l/d/workday-guidehouse-external-42861?s=gh-new-grad-jobs-2027	dropped	DROP:no-target-role-match	2026-09-19	2026-09-19	1	
zapply.jobs/l/d/workday-ngc-northrop-grumman-external-site-r10250491	Northrop Grumman	Manager Supply Chain 1	https://zapply.jobs/l/d/workday-ngc-northrop-grumman-external-site-R10250491?s=gh-new-grad-jobs-2027	dropped	DROP:no-target-role-match	2026-09-19	2026-09-19	1	
zapply.jobs/l/d/workday-ngc-northrop-grumman-external-site-r10251903	Northrop Grumman	Supply Chain Operations Coordinator 2 or 3	https://zapply.jobs/l/d/workday-ngc-northrop-grumman-external-site-R10251903?s=gh-new-grad-jobs-2027	dropped	DROP:no-target-role-match	2026-09-19	2026-09-19	1	
zapply.jobs/l/d/workday-pfizer-pfizercareers-4963466	Pfizer	Bioprocess Technician III	https://zapply.jobs/l/d/workday-pfizer-pfizercareers-4963466?s=gh-new-grad-jobs-2027	dropped	DROP:no-target-role-match	2026-09-19	2026-09-19	1	
zapply.jobs/l/d/workday-zoetis-zoetis-jr00021048	Zoetis	Facilities & Production Maintenance Technician	https://zapply.jobs/l/d/workday-zoetis-zoetis-JR00021048?s=gh-new-grad-jobs-2027	dropped	DROP:no-target-role-match	2026-09-19	2026-09-19	1	
zapply.jobs/l/d/workday-zoetis-zoetis-jr00021652	Zoetis	Laboratory Technician - Virus Operations 1st shift 7:15am - 3:45pm	https://zapply.jobs/l/d/workday-zoetis-zoetis-JR00021652?s=gh-new-grad-jobs-2027	dropped	DROP:no-target-role-match	2026-09-19	2026-09-19	1	
zapply.jobs/l/d/workday-zoetis-zoetis-jr00021654	Zoetis	Laboratory Technician - Downstream Processing 2nd Shift Monday - Friday 2:00pm - 10:30pm	https://zapply.jobs/l/d/workday-zoetis-zoetis-JR00021654?s=gh-new-grad-jobs-2027	dropped	DROP:no-target-role-match	2026-09-19	2026-09-19	1	
zapply.jobs/l/d/workday-regalrexnord-careers-r26_04974	Regal Rexnord	Maintenance Technician 3rd Shift	https://zapply.jobs/l/d/workday-regalrexnord-careers-R26_04974?s=gh-new-grad-jobs-2027	dropped	DROP:no-target-role-match	2026-09-19	2026-09-19	1	
zapply.jobs/l/d/workday-swa-external-r-2026-72164	Southwest Airlines	Talent Acquisition Program Manager	https://zapply.jobs/l/d/workday-swa-external-R-2026-72164?s=gh-new-grad-jobs-2027	dropped	DROP:no-target-role-match	2026-09-19	2026-09-19	1	
zapply.jobs/l/d/workday-medtronic-medtroniccareers-r77906	Medtronic	Facilities Maintenance Technician II	https://zapply.jobs/l/d/workday-medtronic-medtroniccareers-R77906?s=gh-new-grad-jobs-2027	dropped	DROP:no-target-role-match	2026-09-19	2026-09-19	1	
zapply.jobs/l/d/workday-mastercard-corporatecareers-r-259398	Mastercard	Managing Consultant, Services Business Development-USFI, Regional Banks	https://zapply.jobs/l/d/workday-mastercard-corporatecareers-R-259398?s=gh-new-grad-jobs-2027	dropped	DROP:no-target-role-match	2026-09-19	2026-09-19	1	
zapply.jobs/l/d/workday-carrier-jobs-30216823	Carrier Global	Field Sales Representative – Building Automation Systems	https://zapply.jobs/l/d/workday-carrier-jobs-30216823?s=gh-new-grad-jobs-2027	dropped	DROP:no-target-role-match	2026-09-19	2026-09-19	1	
zapply.jobs/l/d/workday-carrier-jobs-30205739	Carrier Global	Carrier Rentals HVAC Technician II	https://zapply.jobs/l/d/workday-carrier-jobs-30205739?s=gh-new-grad-jobs-2027	dropped	DROP:no-target-role-match	2026-09-19	2026-09-19	1	
zapply.jobs/l/d/workday-boeing-external-careers-jr2026524191	Boeing	F-15 Flight Line Engines Technician - Qatar	https://zapply.jobs/l/d/workday-boeing-external-careers-JR2026524191?s=gh-new-grad-jobs-2027	dropped	DROP:no-target-role-match	2026-09-19	2026-09-19	1	
zapply.jobs/l/d/workday-boeing-external-careers-jr2026520387	Boeing	Experienced Supply Chain Specialist/Field Supply Chain Specialist	https://zapply.jobs/l/d/workday-boeing-external-careers-JR2026520387?s=gh-new-grad-jobs-2027	dropped	DROP:no-target-role-match	2026-09-19	2026-09-19	1	
zapply.jobs/l/d/workday-boeing-external-careers-jr2026523259	Boeing	F-15 Flight Line Weapons Technician - Qatar	https://zapply.jobs/l/d/workday-boeing-external-careers-JR2026523259?s=gh-new-grad-jobs-2027	dropped	DROP:no-target-role-match	2026-09-19	2026-09-19	1	
zapply.jobs/l/d/workday-pae-amentum-careers-r0171068	Amentum	Electronic Technician III	https://zapply.jobs/l/d/workday-pae-amentum-careers-R0171068?s=gh-new-grad-jobs-2027	dropped	DROP:no-target-role-match	2026-09-19	2026-09-19	1	
zapply.jobs/l/d/workday-pae-amentum-careers-r0170953	Amentum	System Integrator Technician	https://zapply.jobs/l/d/workday-pae-amentum-careers-R0170953?s=gh-new-grad-jobs-2027	dropped	DROP:no-target-role-match	2026-09-19	2026-09-19	1	
zapply.jobs/l/d/workday-ameriprise-ameriprise-r26_2832	Ameriprise Financial	Service Operations Specialist	https://zapply.jobs/l/d/workday-ameriprise-ameriprise-R26_2832?s=gh-new-grad-jobs-2027	dropped	DROP:no-target-role-match	2026-09-19	2026-09-19	1	
zapply.jobs/l/d/workday-fiserv-ext-r-10395347	Fiserv	Outside Sales Representative - College Point, NY	https://zapply.jobs/l/d/workday-fiserv-ext-R-10395347?s=gh-new-grad-jobs-2027	dropped	DROP:no-target-role-match	2026-09-19	2026-09-19	1	
zapply.jobs/l/d/workday-fiserv-ext-r-10402557	Fiserv	Account Manager - MoneyPass Group	https://zapply.jobs/l/d/workday-fiserv-ext-R-10402557?s=gh-new-grad-jobs-2027	dropped	DROP:no-target-role-match	2026-09-19	2026-09-19	1	
zapply.jobs/l/d/workday-bbinsurance-careers-r26_0000002934	Brown & Brown Insurance	Account Executive	https://zapply.jobs/l/d/workday-bbinsurance-careers-R26_0000002934?s=gh-new-grad-jobs-2027	dropped	DROP:no-target-role-match	2026-09-19	2026-09-19	1	
zapply.jobs/l/d/workday-bbinsurance-careers-r26_0000003157	Brown & Brown Insurance	Commercial Lines Account Manager Assistant	https://zapply.jobs/l/d/workday-bbinsurance-careers-R26_0000003157?s=gh-new-grad-jobs-2027	dropped	DROP:no-target-role-match	2026-09-19	2026-09-19	1	
zapply.jobs/l/d/workday-bbinsurance-careers-r26_0000003150	Brown & Brown Insurance	Life & Health Account Executive (Remote Sales)	https://zapply.jobs/l/d/workday-bbinsurance-careers-R26_0000003150?s=gh-new-grad-jobs-2027	dropped	DROP:no-target-role-match	2026-09-19	2026-09-19	1	
zapply.jobs/l/d/workday-astreya-life-at-astreya-opportunities-r0017430	Astreya	Project Coordinator I	https://zapply.jobs/l/d/workday-astreya-life-at-astreya-opportunities-R0017430?s=gh-new-grad-jobs-2027	dropped	DROP:no-target-role-match	2026-09-19	2026-09-19	1	
zapply.jobs/l/d/workday-elevancehealth-ant-jr205677	Elevance Health	Pharmacy Technician II	https://zapply.jobs/l/d/workday-elevancehealth-ant-JR205677?s=gh-new-grad-jobs-2027	dropped	DROP:no-target-role-match	2026-09-19	2026-09-19	1	
zapply.jobs/l/d/workday-elevancehealth-ant-jr207003	Elevance Health	Pharmacy Technician, Fulfillment - BioPlus Specialty Pharmacy	https://zapply.jobs/l/d/workday-elevancehealth-ant-JR207003?s=gh-new-grad-jobs-2027	dropped	DROP:no-target-role-match	2026-09-19	2026-09-19	1	
zapply.jobs/l/d/workday-elevancehealth-ant-jr203231	Elevance Health	Pharmacy Technician - Purchasing (US)	https://zapply.jobs/l/d/workday-elevancehealth-ant-JR203231?s=gh-new-grad-jobs-2027	dropped	DROP:no-target-role-match	2026-09-19	2026-09-19	1	
zapply.jobs/l/d/workday-guidehouse-external-44647	Guidehouse	Data Scientist	https://zapply.jobs/l/d/workday-guidehouse-external-44647?s=gh-new-grad-data-science-jobs-2027	dropped	DROP:no-target-role-match	2026-09-19	2026-09-19	1	
zapply.jobs/l/d/workday-guidehouse-external-44662	Guidehouse	Junior Data Scientist	https://zapply.jobs/l/d/workday-guidehouse-external-44662?s=gh-new-grad-data-science-jobs-2027	dropped	DROP:no-target-role-match	2026-09-19	2026-09-19	1	
zapply.jobs/l/d/workday-guidehouse-external-39905	Guidehouse	Data Analyst	https://zapply.jobs/l/d/workday-guidehouse-external-39905?s=gh-new-grad-data-science-jobs-2027	dropped	DROP:no-target-role-match	2026-09-19	2026-09-19	1	
zapply.jobs/l/d/workday-guidehouse-external-39904	Guidehouse	Operations Research Analyst	https://zapply.jobs/l/d/workday-guidehouse-external-39904?s=gh-new-grad-data-science-jobs-2027	dropped	DROP:no-target-role-match	2026-09-19	2026-09-19	1	
zapply.jobs/l/d/workday-usaa-usaajobswd-r0120923	USAA	Decision Science Analyst Intern	https://zapply.jobs/l/d/workday-usaa-usaajobswd-R0120923?s=gh-new-grad-data-science-jobs-2027	dropped	DROP:intern-coop-phd	2026-09-19	2026-09-19	1	
zapply.jobs/l/d/workday-bbinsurance-careers-r26_0000003223	Brown & Brown Insurance	Data Quality Analyst	https://zapply.jobs/l/d/workday-bbinsurance-careers-R26_0000003223?s=gh-new-grad-data-science-jobs-2027	dropped	DROP:no-target-role-match	2026-09-19	2026-09-19	1	
zapply.jobs/l/d/workday-guidehouse-external-42933	Guidehouse	AI/ML Engineer	https://zapply.jobs/l/d/workday-guidehouse-external-42933?s=gh-new-grad-data-science-jobs-2027	dropped	DROP:no-target-role-match	2026-09-19	2026-09-19	1	
zapply.jobs/l/d/workday-capitalone-capital-one-r1001201	Capital One	AI Engineer 5 (AI Foundations, LLM Core and Agentic AI)	https://zapply.jobs/l/d/workday-capitalone-capital-one-R1001201?s=gh-new-grad-data-science-jobs-2027	dropped	DROP:no-target-role-match	2026-09-19	2026-09-19	1	
zapply.jobs/l/d/workday-cmegroup-cme-careers-34824	CME Group	Software Engineering Fellowship - Summer 2027	https://zapply.jobs/l/d/workday-cmegroup-cme-careers-34824?s=gh-new-grad-jobs-2027	dropped	DROP:intern-coop-phd	2026-09-19	2026-09-19	1	
zapply.jobs/l/d/workday-cmegroup-cme-careers-34821	CME Group	Software Engineering Internship - Summer 2027	https://zapply.jobs/l/d/workday-cmegroup-cme-careers-34821?s=gh-new-grad-jobs-2027	dropped	DROP:intern-coop-phd	2026-09-19	2026-09-19	1	
zapply.jobs/l/d/workday-baxter-baxter-jr-210027	Baxter International	QA Systems Engineer	https://zapply.jobs/l/d/workday-baxter-baxter-JR-210027?s=gh-new-grad-jobs-2027	dropped	DROP:no-target-role-match	2026-09-19	2026-09-19	1	
zapply.jobs/l/d/workday-cat-caterpillarcareers-r0000394813	Caterpillar	Supply Chain Team Lead (1st Shift)	https://zapply.jobs/l/d/workday-cat-caterpillarcareers-R0000394813?s=gh-new-grad-jobs-2027	dropped	DROP:no-target-role-match	2026-09-19	2026-09-19	1	
zapply.jobs/l/d/workday-cat-caterpillarcareers-r0000394416	Caterpillar	Shop Support Engineer	https://zapply.jobs/l/d/workday-cat-caterpillarcareers-R0000394416?s=gh-new-grad-jobs-2027	dropped	DROP:no-target-role-match	2026-09-19	2026-09-19	1	
zapply.jobs/l/d/workday-cat-caterpillarcareers-r0000392281	Caterpillar	EHS Technician III	https://zapply.jobs/l/d/workday-cat-caterpillarcareers-R0000392281?s=gh-new-grad-jobs-2027	dropped	DROP:no-target-role-match	2026-09-19	2026-09-19	1	
zapply.jobs/l/d/workday-baxter-baxter-jr-209235	Baxter International	Field Service Technician I	https://zapply.jobs/l/d/workday-baxter-baxter-JR-209235?s=gh-new-grad-jobs-2027	dropped	DROP:no-target-role-match	2026-09-19	2026-09-19	1	
zapply.jobs/l/d/workday-hp-externalcareersite-3167682	HP Inc	Product Manager, Print as a Service	https://zapply.jobs/l/d/workday-hp-externalcareersite-3167682?s=gh-new-grad-jobs-2027	dropped	DROP:non-target-country	2026-09-19	2026-09-19	1	
zapply.jobs/l/d/workday-relx-relx-r110947	RELX	ReactJS Java API Software Engineer	https://zapply.jobs/l/d/workday-relx-relx-R110947?s=gh-new-grad-jobs-2027	dropped	DROP:no-target-role-match	2026-09-19	2026-09-19	1	
zapply.jobs/l/d/workday-moog-moog-external-career-site-r-26-19967	Moog	Embedded Software Engineer	https://zapply.jobs/l/d/workday-moog-moog-external-career-site-R-26-19967?s=gh-new-grad-jobs-2027	dropped	DROP:no-target-role-match	2026-09-19	2026-09-19	1	
zapply.jobs/l/d/workday-cardinalhealth-ext-20187636	Cardinal Health	Software Engineer, Commercial Technologies (Specialty Networks)	https://zapply.jobs/l/d/workday-cardinalhealth-ext-20187636?s=gh-new-grad-jobs-2027	dropped	DROP:no-target-role-match	2026-09-19	2026-09-19	1	
zapply.jobs/l/d/workday-microchiphr-external-r3962-26	Microchip Technology	Engineer I-Software Development	https://zapply.jobs/l/d/workday-microchiphr-external-R3962-26?s=gh-new-grad-jobs-2027	dropped	DROP:no-target-role-match	2026-09-19	2026-09-19	1	
zapply.jobs/l/d/workday-fis-searchjobs-jr0309714	FIS	Software Engineers II - Risk and Fraud Technology	https://zapply.jobs/l/d/workday-fis-searchjobs-JR0309714?s=gh-new-grad-jobs-2027	dropped	DROP:no-target-role-match	2026-09-19	2026-09-19	1	
zapply.jobs/l/d/workday-trimble-trimblecareers-r53360	Trimble	Embedded Software Engineer	https://zapply.jobs/l/d/workday-trimble-trimblecareers-R53360?s=gh-new-grad-jobs-2027	dropped	DROP:no-target-role-match	2026-09-19	2026-09-19	1	
zapply.jobs/l/d/workday-jll-jllcareers-req532346	JLL	Reliability Engineer	https://zapply.jobs/l/d/workday-jll-jllcareers-REQ532346?s=gh-new-grad-jobs-2027	dropped	DROP:no-target-role-match	2026-09-19	2026-09-19	1	
zapply.jobs/l/d/workday-pnc-external-r235728	PNC Financial Services	Product Owner II	https://zapply.jobs/l/d/workday-pnc-external-R235728?s=gh-new-grad-jobs-2027	dropped	DROP:no-target-role-match	2026-09-19	2026-09-19	1	
zapply.jobs/l/d/workday-pnc-external-r234511	PNC Financial Services	Product Owner III - Near Real Time Data	https://zapply.jobs/l/d/workday-pnc-external-R234511?s=gh-new-grad-jobs-2027	dropped	DROP:no-target-role-match	2026-09-19	2026-09-19	1	
zapply.jobs/l/d/workday-pnc-external-r234446	PNC Financial Services	Product Owner III	https://zapply.jobs/l/d/workday-pnc-external-R234446?s=gh-new-grad-jobs-2027	dropped	DROP:no-target-role-match	2026-09-19	2026-09-19	1	
zapply.jobs/l/d/workday-remitly-remitly-careers-r_106936	Remitly	Product Manager	https://zapply.jobs/l/d/workday-remitly-remitly-careers-R_106936?s=gh-new-grad-jobs-2027	dropped	DROP:outside-target-metro	2026-09-19	2026-09-19	1	
zapply.jobs/l/d/workday-visa-visa-ref088594w	Visa	2027 Sophomore Internship Program - Software Engineer Intern, Bellevue	https://zapply.jobs/l/d/workday-visa-visa-REF088594W?s=gh-new-grad-jobs-2027	dropped	DROP:intern-coop-phd	2026-09-19	2026-09-19	1	
zapply.jobs/l/d/workday-visa-visa-ref088596w	Visa	2027 Sophomore Internship Program - Software Engineer Intern, Austin	https://zapply.jobs/l/d/workday-visa-visa-REF088596W?s=gh-new-grad-jobs-2027	dropped	DROP:intern-coop-phd	2026-09-19	2026-09-19	1	
zapply.jobs/l/d/workday-visa-visa-ref088591w	Visa	2027 Sophomore Internship Program - Software Engineer Intern, Foster City	https://zapply.jobs/l/d/workday-visa-visa-REF088591W?s=gh-new-grad-jobs-2027	dropped	DROP:intern-coop-phd	2026-09-19	2026-09-19	1	
zapply.jobs/l/d/workday-caci-external-332346	CACI	Mobile Developer (iOS / Swift)	https://zapply.jobs/l/d/workday-caci-external-332346?s=gh-new-grad-jobs-2027	dropped	DROP:no-target-role-match	2026-09-19	2026-09-19	1	
zapply.jobs/l/d/workday-caci-external-332347	CACI	Mobile Developer (Android/Java)	https://zapply.jobs/l/d/workday-caci-external-332347?s=gh-new-grad-jobs-2027	dropped	DROP:no-target-role-match	2026-09-19	2026-09-19	1	
zapply.jobs/l/d/workday-caci-external-332333	CACI	Splunk Software Engineer-TS/SCI with Poly	https://zapply.jobs/l/d/workday-caci-external-332333?s=gh-new-grad-jobs-2027	dropped	DROP:no-target-role-match	2026-09-19	2026-09-19	1	
zapply.jobs/l/d/workday-onto-onto-careers-r-6352	Onto Innovation	Software Engineer 3	https://zapply.jobs/l/d/workday-onto-onto-careers-R-6352?s=gh-new-grad-jobs-2027	dropped	DROP:no-target-role-match	2026-09-19	2026-09-19	1	
zapply.jobs/l/d/workday-asml-asmlext1-j-00352651	ASML	Embedded Software Engineer	https://zapply.jobs/l/d/workday-asml-asmlext1-J-00352651?s=gh-new-grad-jobs-2027	dropped	DROP:no-target-role-match	2026-09-19	2026-09-19	1	
zapply.jobs/l/d/workday-highmarkhealth-highmark-j277921	Highmark Health	Full Stack Angular/Oracle/GCP Developer	https://zapply.jobs/l/d/workday-highmarkhealth-highmark-J277921?s=gh-new-grad-jobs-2027	dropped	DROP:no-target-role-match	2026-09-19	2026-09-19	1	
zapply.jobs/l/d/workday-statestreet-global-r-798145	State Street	Full Stack Java Developer, AVP	https://zapply.jobs/l/d/workday-statestreet-global-R-798145?s=gh-new-grad-jobs-2027	dropped	DROP:no-target-role-match	2026-09-19	2026-09-19	1	
zapply.jobs/l/d/workday-statestreet-global-r-798133	State Street	Software Engineering & Development - Release Manager	https://zapply.jobs/l/d/workday-statestreet-global-R-798133?s=gh-new-grad-jobs-2027	dropped	DROP:no-target-role-match	2026-09-19	2026-09-19	1	
zapply.jobs/l/d/workday-fmr-fidelitycareers-2135269	Fidelity Investments	Product Analyst, Digital Channels	https://zapply.jobs/l/d/workday-fmr-fidelitycareers-2135269?s=gh-new-grad-jobs-2027	dropped	DROP:no-target-role-match	2026-09-19	2026-09-19	1	
zapply.jobs/l/d/workday-disney-disneycareer-10148555	Disney	Software Engineer II, AI Performance	https://zapply.jobs/l/d/workday-disney-disneycareer-10148555?s=gh-new-grad-jobs-2027	dropped	DROP:no-target-role-match	2026-09-19	2026-09-19	1	
zapply.jobs/l/d/workday-disney-disneycareer-10148557	Disney	Software Engineer II, AI Insights	https://zapply.jobs/l/d/workday-disney-disneycareer-10148557?s=gh-new-grad-jobs-2027	dropped	DROP:no-target-role-match	2026-09-19	2026-09-19	1	
zapply.jobs/l/d/workday-hpe-jobsathpe-1211881	HPE (University)	AI and Machine Learning Engineer I Graduate	https://zapply.jobs/l/d/workday-hpe-jobsathpe-1211881?s=gh-new-grad-jobs-2027	dropped	DROP:no-target-role-match	2026-09-19	2026-09-19	1	
zapply.jobs/l/d/workday-relx-relx-r114712	RELX	Manager Data Science	https://zapply.jobs/l/d/workday-relx-relx-R114712?s=gh-new-grad-jobs-2027	dropped	DROP:no-target-role-match	2026-09-19	2026-09-19	1	
zapply.jobs/l/d/workday-avnet-external-jr-024325	Avnet	Material Operations Business Analyst	https://zapply.jobs/l/d/workday-avnet-external-JR-024325?s=gh-new-grad-jobs-2027	dropped	DROP:no-target-role-match	2026-09-19	2026-09-19	1	
zapply.jobs/l/d/workday-avnet-external-jr-024208	Avnet	Material Operations Business Analyst I	https://zapply.jobs/l/d/workday-avnet-external-JR-024208?s=gh-new-grad-jobs-2027	dropped	DROP:no-target-role-match	2026-09-19	2026-09-19	1	
zapply.jobs/l/d/workday-northeastern-careers-r142533	Northeastern University	Research Scientist, Defense Industrial Base Institute	https://zapply.jobs/l/d/workday-northeastern-careers-R142533?s=gh-new-grad-jobs-2027	dropped	DROP:no-target-role-match	2026-09-19	2026-09-19	1	
zapply.jobs/l/d/workday-utaustin-utstaff-r_00048941	University of Texas at Austin	Research Engineering/ Scientist Associate II – Computational Research	https://zapply.jobs/l/d/workday-utaustin-utstaff-R_00048941?s=gh-new-grad-jobs-2027	dropped	DROP:no-target-role-match	2026-09-19	2026-09-19	1	
zapply.jobs/l/d/workday-aig-aig-jr2603744	AIG	2027 Early Careers: Analyst, Gen AI Engineering – United States, Atlanta, GA	https://zapply.jobs/l/d/workday-aig-aig-JR2603744?s=gh-new-grad-jobs-2027	dropped	DROP:no-target-role-match	2026-09-19	2026-09-19	1	
zapply.jobs/l/d/workday-aig-aig-jr2603656	AIG	2027 Early Careers: Analyst, Gen AI - Data Science – United States, Atlanta, GA	https://zapply.jobs/l/d/workday-aig-aig-JR2603656?s=gh-new-grad-jobs-2027	dropped	DROP:no-target-role-match	2026-09-19	2026-09-19	1	
zapply.jobs/l/d/workday-vanguard-vanguard-external-181844	Vanguard	AI Engineer	https://zapply.jobs/l/d/workday-vanguard-vanguard-external-181844?s=gh-new-grad-jobs-2027	dropped	DROP:no-target-role-match	2026-09-19	2026-09-19	1	
zapply.jobs/l/d/workday-wf-wellsfargojobs-r-576608	Wells Fargo	Credit Card, Business Analyst	https://zapply.jobs/l/d/workday-wf-wellsfargojobs-R-576608?s=gh-new-grad-jobs-2027	dropped	DROP:no-target-role-match	2026-09-19	2026-09-19	1	
zapply.jobs/l/d/workday-caci-external-330984	CACI	Data Scientist	https://zapply.jobs/l/d/workday-caci-external-330984?s=gh-new-grad-jobs-2027	dropped	DROP:no-target-role-match	2026-09-19	2026-09-19	1	
zapply.jobs/l/d/workday-caci-external-332324	CACI	Business Analyst (Agile Methodology)	https://zapply.jobs/l/d/workday-caci-external-332324?s=gh-new-grad-jobs-2027	dropped	DROP:no-target-role-match	2026-09-19	2026-09-19	1	
zapply.jobs/l/d/workday-caci-external-332342	CACI	Data Analytics Tester	https://zapply.jobs/l/d/workday-caci-external-332342?s=gh-new-grad-jobs-2027	dropped	DROP:no-target-role-match	2026-09-19	2026-09-19	1	
zapply.jobs/l/d/workday-generalmotors-careers-gm-jr-202613719	General Motors	AI/ML Engineer - Model Inference	https://zapply.jobs/l/d/workday-generalmotors-careers-gm-JR-202613719?s=gh-new-grad-jobs-2027	dropped	DROP:no-target-role-match	2026-09-19	2026-09-19	1	
zapply.jobs/l/d/workday-highmarkhealth-highmark-j286832	Highmark Health	Manager IT, Provider Data Engineering	https://zapply.jobs/l/d/workday-highmarkhealth-highmark-J286832?s=gh-new-grad-jobs-2027	dropped	DROP:no-target-role-match	2026-09-19	2026-09-19	1	
zapply.jobs/l/d/workday-jj-jj-r-098904	Johnson & Johnson	Production Data Analyst Co-Op	https://zapply.jobs/l/d/workday-jj-jj-R-098904?s=gh-new-grad-jobs-2027	dropped	DROP:intern-coop-phd	2026-09-19	2026-09-19	1	
zapply.jobs/l/d/workday-fmr-fidelitycareers-2133947	Fidelity Investments	Manager, Business Analyst, Electronic Trading	https://zapply.jobs/l/d/workday-fmr-fidelitycareers-2133947?s=gh-new-grad-jobs-2027	dropped	DROP:no-target-role-match	2026-09-19	2026-09-19	1	
zapply.jobs/l/d/workday-blackrock-blackrock-professional-r266542	BlackRock	Associate, Securities Lending Quantitative Research and Algorithmic Trading, BlackRock Global...	https://zapply.jobs/l/d/workday-blackrock-blackrock-professional-R266542?s=gh-new-grad-jobs-2027	dropped	DROP:no-target-role-match	2026-09-19	2026-09-19	1	
zapply.jobs/l/d/workday-cigna-cignacareers-26010876	Cigna	Data Scientist Intern- Master's Program (Hybrid: NJ, TX, or MO)	https://zapply.jobs/l/d/workday-cigna-cignacareers-26010876?s=gh-new-grad-jobs-2027	dropped	DROP:intern-coop-phd	2026-09-19	2026-09-19	1	
zapply.jobs/l/d/workday-trimble-trimblecareers-r57475	Trimble	AI Security Engineer	https://zapply.jobs/l/d/workday-trimble-trimblecareers-R57475?s=gh-new-grad-jobs-2027	dropped	DROP:no-target-role-match	2026-09-19	2026-09-19	1	
zapply.jobs/l/d/workday-vanguard-vanguard-external-182457	Vanguard	AppSec - Secrets Management Specialist	https://zapply.jobs/l/d/workday-vanguard-vanguard-external-182457?s=gh-new-grad-jobs-2027	dropped	DROP:no-target-role-match	2026-09-19	2026-09-19	1	
zapply.jobs/l/d/workday-jj-jj-r-099388	Johnson & Johnson	Medical Device Cybersecurity Co-Op	https://zapply.jobs/l/d/workday-jj-jj-R-099388?s=gh-new-grad-jobs-2027	dropped	DROP:intern-coop-phd	2026-09-19	2026-09-19	1	
zapply.jobs/l/d/workday-philips-jobs-and-careers-590339	Philips	Co-op - Mechanical Engineering Technician - Latham, NY - January-June 2027	https://zapply.jobs/l/d/workday-philips-jobs-and-careers-590339?s=gh-new-grad-jobs-2027	dropped	DROP:intern-coop-phd	2026-09-19	2026-09-19	1	
zapply.jobs/l/d/workday-philips-jobs-and-careers-590387	Philips	Co-op - Electrical Engineering - Latham, NY - January-July 2027	https://zapply.jobs/l/d/workday-philips-jobs-and-careers-590387?s=gh-new-grad-jobs-2027	dropped	DROP:intern-coop-phd	2026-09-19	2026-09-19	1	
zapply.jobs/l/d/workday-relx-relx-r115269	RELX	Systems Engineer	https://zapply.jobs/l/d/workday-relx-relx-R115269?s=gh-new-grad-jobs-2027	dropped	DROP:no-target-role-match	2026-09-19	2026-09-19	1	
zapply.jobs/l/d/workday-brunswick-search-jr-049057	Brunswick	Manufacturing Engineer	https://zapply.jobs/l/d/workday-brunswick-search-JR-049057?s=gh-new-grad-jobs-2027	dropped	DROP:no-target-role-match	2026-09-19	2026-09-19	1	
zapply.jobs/l/d/workday-brunswick-search-jr-051675	Brunswick	Mercury Marine - Quality Engineer, Assembly	https://zapply.jobs/l/d/workday-brunswick-search-JR-051675?s=gh-new-grad-jobs-2027	dropped	DROP:no-target-role-match	2026-09-19	2026-09-19	1	
zapply.jobs/l/d/workday-tranetechnologies-trane-technologies-car-jr-16039	Trane Technologies	Controls Engineer Technician II	https://zapply.jobs/l/d/workday-tranetechnologies-trane-technologies-car-JR-16039?s=gh-new-grad-jobs-2027	dropped	DROP:no-target-role-match	2026-09-19	2026-09-19	1	
zapply.jobs/l/d/workday-tranetechnologies-trane-technologies-car-jr-5898	Trane Technologies	Regional Supplier Quality Engineer	https://zapply.jobs/l/d/workday-tranetechnologies-trane-technologies-car-JR-5898?s=gh-new-grad-jobs-2027	dropped	DROP:no-target-role-match	2026-09-19	2026-09-19	1	
zapply.jobs/l/d/workday-polaris-polarisjobs-r31271	Polaris	Manufacturing Engineer	https://zapply.jobs/l/d/workday-polaris-polarisjobs-R31271?s=gh-new-grad-jobs-2027	dropped	DROP:no-target-role-match	2026-09-19	2026-09-19	1	
zapply.jobs/l/d/workday-aero-external-r016562	Aerospace Corporation	SIGINT Systems Engineer	https://zapply.jobs/l/d/workday-aero-external-R016562?s=gh-new-grad-jobs-2027	dropped	DROP:no-target-role-match	2026-09-19	2026-09-19	1	
zapply.jobs/l/d/workday-dexcom-dexcom-jr121256	Dexcom	Systems Design & Test Engineer 1	https://zapply.jobs/l/d/workday-dexcom-dexcom-JR121256?s=gh-new-grad-jobs-2027	dropped	DROP:no-target-role-match	2026-09-19	2026-09-19	1	
zapply.jobs/l/d/workday-envista-envistacareers-r5027198	Envista Holdings	Implant Direct Manufacturing Engineer II (On-Site Thousand Oaks, CA)	https://zapply.jobs/l/d/workday-envista-envistacareers-R5027198?s=gh-new-grad-jobs-2027	dropped	DROP:no-target-role-match	2026-09-19	2026-09-19	1	
zapply.jobs/l/d/workday-resmed-resmed-external-careers-jr_051641	ResMed	Manufacturing Engineer	https://zapply.jobs/l/d/workday-resmed-resmed-external-careers-JR_051641?s=gh-new-grad-jobs-2027	dropped	DROP:no-target-role-match	2026-09-19	2026-09-19	1	
zapply.jobs/l/d/workday-caci-external-324645	CACI	Virtual Systems Engineer	https://zapply.jobs/l/d/workday-caci-external-324645?s=gh-new-grad-jobs-2027	dropped	DROP:no-target-role-match	2026-09-19	2026-09-19	1	
zapply.jobs/l/d/workday-caci-external-332330	CACI	Optical Manufacturing Engineer (Second Shift)	https://zapply.jobs/l/d/workday-caci-external-332330?s=gh-new-grad-jobs-2027	dropped	DROP:no-target-role-match	2026-09-19	2026-09-19	1	
zapply.jobs/l/d/workday-onto-onto-careers-r-6406	Onto Innovation	Systems Engineer 3	https://zapply.jobs/l/d/workday-onto-onto-careers-R-6406?s=gh-new-grad-jobs-2027	dropped	DROP:no-target-role-match	2026-09-19	2026-09-19	1	
zapply.jobs/l/d/workday-onto-onto-careers-r-6417	Onto Innovation	Mechanical Engineer 3	https://zapply.jobs/l/d/workday-onto-onto-careers-R-6417?s=gh-new-grad-jobs-2027	dropped	DROP:no-target-role-match	2026-09-19	2026-09-19	1	
zapply.jobs/l/d/workday-asml-asmlext1-j-00352284	ASML	System Integration and Test Engineer - 2nd Shift	https://zapply.jobs/l/d/workday-asml-asmlext1-J-00352284?s=gh-new-grad-jobs-2027	dropped	DROP:no-target-role-match	2026-09-19	2026-09-19	1	
zapply.jobs/l/d/workday-generalmotors-careers-gm-jr-202620131	General Motors	Manufacturing Engineer	https://zapply.jobs/l/d/workday-generalmotors-careers-gm-JR-202620131?s=gh-new-grad-jobs-2027	dropped	DROP:no-target-role-match	2026-09-19	2026-09-19	1	
zapply.jobs/l/d/workday-msd-searchjobs-r416272	Merck & Co.	Specialist, Bioprocess Engineer	https://zapply.jobs/l/d/workday-msd-searchjobs-R416272?s=gh-new-grad-jobs-2027	dropped	DROP:no-target-role-match	2026-09-19	2026-09-19	1	
zapply.jobs/l/d/workday-msd-searchjobs-r418095	Merck & Co.	Sterile Process Engineer, Specialist (On-site)	https://zapply.jobs/l/d/workday-msd-searchjobs-R418095?s=gh-new-grad-jobs-2027	dropped	DROP:no-target-role-match	2026-09-19	2026-09-19	1	
zapply.jobs/l/d/workday-geaerospace-ge-externalsite-r5038731	GE Aerospace	NPD Manufacturing Engineer	https://zapply.jobs/l/d/workday-geaerospace-ge-externalsite-R5038731?s=gh-new-grad-jobs-2027	dropped	DROP:no-target-role-match	2026-09-19	2026-09-19	1	
zapply.jobs/l/d/workday-geaerospace-ge-externalsite-r5030773	GE Aerospace	3rd Shift - Manufacturing Engineer - Engine Assembly	https://zapply.jobs/l/d/workday-geaerospace-ge-externalsite-R5030773?s=gh-new-grad-jobs-2027	dropped	DROP:no-target-role-match	2026-09-19	2026-09-19	1	
zapply.jobs/l/d/workday-dtna-dtna-external-dt-19779	Daimler Truck	Quality Engineering Intern	https://zapply.jobs/l/d/workday-dtna-dtna-external-DT-19779?s=gh-new-grad-jobs-2027	dropped	DROP:intern-coop-phd	2026-09-19	2026-09-19	1	
zapply.jobs/l/d/workday-philips-jobs-and-careers-586640	Philips	Cardiac Holter Technician	https://zapply.jobs/l/d/workday-philips-jobs-and-careers-586640?s=gh-new-grad-jobs-2027	dropped	DROP:no-target-role-match	2026-09-19	2026-09-19	1	
zapply.jobs/l/d/workday-jabil-jabil-careers-j2465045	Jabil	Maintenance Technician IV CVG 100 Shift 401	https://zapply.jobs/l/d/workday-jabil-jabil-careers-J2465045?s=gh-new-grad-jobs-2027	dropped	DROP:no-target-role-match	2026-09-19	2026-09-19	1	
zapply.jobs/l/d/workday-brunswick-search-jr-051471	Brunswick	Fiberglass Repair Technician	https://zapply.jobs/l/d/workday-brunswick-search-JR-051471?s=gh-new-grad-jobs-2027	dropped	DROP:no-target-role-match	2026-09-19	2026-09-19	1	
zapply.jobs/l/d/workday-brunswick-search-jr-050212	Brunswick	Freedom Boat Club - Marine Repair Technician in Plymouth, MA	https://zapply.jobs/l/d/workday-brunswick-search-JR-050212?s=gh-new-grad-jobs-2027	dropped	DROP:no-target-role-match	2026-09-19	2026-09-19	1	
zapply.jobs/l/d/workday-brunswick-search-jr-051157	Brunswick	Finish Repair Technician	https://zapply.jobs/l/d/workday-brunswick-search-JR-051157?s=gh-new-grad-jobs-2027	dropped	DROP:no-target-role-match	2026-09-19	2026-09-19	1	
zapply.jobs/l/d/greenhouse-planetlabs-8189833	Planet	Manager, Customer Success - Commercial Markets	https://zapply.jobs/l/d/greenhouse-planetlabs-8189833?s=gh-new-grad-jobs-2027	dropped	DROP:no-target-role-match	2026-09-19	2026-09-19	1	
zapply.jobs/l/d/workday-fis-searchjobs-jr0307862	FIS	Product Technical Support Analyst	https://zapply.jobs/l/d/workday-fis-searchjobs-JR0307862?s=gh-new-grad-jobs-2027	dropped	DROP:no-target-role-match	2026-09-19	2026-09-19	1	
zapply.jobs/l/d/workday-fis-searchjobs-jr0308867	FIS	Technical Support Engineer	https://zapply.jobs/l/d/workday-fis-searchjobs-JR0308867?s=gh-new-grad-jobs-2027	dropped	DROP:no-target-role-match	2026-09-19	2026-09-19	1	
zapply.jobs/l/d/workday-eversource-externalsite-r-031995	Eversource Energy	Technician C, Electric Service Support Center (SW)	https://zapply.jobs/l/d/workday-eversource-externalsite-R-031995?s=gh-new-grad-jobs-2027	dropped	DROP:no-target-role-match	2026-09-19	2026-09-19	1	
zapply.jobs/l/d/workday-eversource-externalsite-r-031993	Eversource Energy	Technician B, Electric Service Support Center (SW)	https://zapply.jobs/l/d/workday-eversource-externalsite-R-031993?s=gh-new-grad-jobs-2027	dropped	DROP:no-target-role-match	2026-09-19	2026-09-19	1	
zapply.jobs/l/d/workday-campbellsoup-externalcareers-globalsite-req-67680	Campbell Soup Company	PLC Maintenance Technician 2nd Shift	https://zapply.jobs/l/d/workday-campbellsoup-externalcareers-globalsite-Req-67680?s=gh-new-grad-jobs-2027	dropped	DROP:no-target-role-match	2026-09-19	2026-09-19	1	
zapply.jobs/l/d/workday-relx-relx-r110146	RELX	Clinical Analytics Specialist – MD	https://zapply.jobs/l/d/workday-relx-relx-R110146?s=gh-new-grad-data-science-jobs-2027	dropped	DROP:no-target-role-match	2026-09-19	2026-09-19	1	
zapply.jobs/l/d/workday-aero-external-r016617	Aerospace Corporation	Space Enterprise Optimization Analyst/ Space Enterprise Optimization Specialist	https://zapply.jobs/l/d/workday-aero-external-R016617?s=gh-new-grad-data-science-jobs-2027	dropped	DROP:no-target-role-match	2026-09-19	2026-09-19	1	
zapply.jobs/l/d/workday-wustl-external-jr97605	Wash U	Research Technician II (Temporary) - Molecular Microbiology	https://zapply.jobs/l/d/workday-wustl-external-JR97605?s=gh-new-grad-data-science-jobs-2027	dropped	DROP:no-target-role-match	2026-09-19	2026-09-19	1	
zapply.jobs/l/d/workday-wustl-external-jr97597	Wash U	Research Technician II - Cardiothoracic Surgery	https://zapply.jobs/l/d/workday-wustl-external-JR97597?s=gh-new-grad-data-science-jobs-2027	dropped	DROP:no-target-role-match	2026-09-19	2026-09-19	1	
zapply.jobs/l/d/workday-wf-wellsfargojobs-r-572530	Wells Fargo	Technology Business Systems Consultant	https://zapply.jobs/l/d/workday-wf-wellsfargojobs-R-572530?s=gh-new-grad-data-science-jobs-2027	dropped	DROP:no-target-role-match	2026-09-19	2026-09-19	1	
zapply.jobs/l/d/workday-caci-external-331684	CACI	Cybersecurity Assessment Data Analyst	https://zapply.jobs/l/d/workday-caci-external-331684?s=gh-new-grad-data-science-jobs-2027	dropped	DROP:no-target-role-match	2026-09-19	2026-09-19	1	
zapply.jobs/l/d/workday-medtronic-medtroniccareers-r74785	Medtronic	Business Process Program Manager	https://zapply.jobs/l/d/workday-medtronic-medtroniccareers-R74785?s=gh-new-grad-data-science-jobs-2027	dropped	DROP:no-target-role-match	2026-09-19	2026-09-19	1	
zapply.jobs/l/d/workday-troweprice-troweprice-78144	T. Rowe Price	Investment Vehicle Product Manager, Exchange-Traded Fund (ETF)	https://zapply.jobs/l/d/workday-troweprice-troweprice-78144?s=gh-new-grad-jobs-2027	dropped	DROP:outside-target-metro	2026-09-19	2026-09-19	1	
zapply.jobs/l/d/workday-bah-bah-jobs-r0249816	Booz Allen Hamilton	Learning Platform Developer	https://zapply.jobs/l/d/workday-bah-bah-jobs-R0249816?s=gh-new-grad-jobs-2027	dropped	DROP:no-target-role-match	2026-09-19	2026-09-19	1	
zapply.jobs/l/d/workday-bah-bah-jobs-r0249879	Booz Allen Hamilton	Software Engineer	https://zapply.jobs/l/d/workday-bah-bah-jobs-R0249879?s=gh-new-grad-jobs-2027	dropped	DROP:no-target-role-match	2026-09-19	2026-09-19	1	
zapply.jobs/l/d/workday-sbdinc-stanley-black-decker-career-site-req-1000052168	Stanley Black & Decker	Product Manager (Metal & Wood Drilling – DEWALT) – Hybrid -Towson, Maryland	https://zapply.jobs/l/d/workday-sbdinc-stanley-black-decker-career-site-REQ-1000052168?s=gh-new-grad-jobs-2027	dropped	DROP:outside-target-metro	2026-09-19	2026-09-19	1	
zapply.jobs/l/d/workday-bah-bah-jobs-r0249859	Booz Allen Hamilton	Application Security Engineer	https://zapply.jobs/l/d/workday-bah-bah-jobs-R0249859?s=gh-new-grad-jobs-2027	dropped	DROP:no-target-role-match	2026-09-19	2026-09-19	1	
zapply.jobs/l/d/workday-blueorigin-blueorigin-r72734	Blue Origin	Mechanical Engineer, RF Payloads - TeraWave	https://zapply.jobs/l/d/workday-blueorigin-blueorigin-R72734?s=gh-new-grad-jobs-2027	dropped	DROP:no-target-role-match	2026-09-19	2026-09-19	1	
zapply.jobs/l/d/workday-blueorigin-blueorigin-r67570	Blue Origin	Electrical Engineer, User Terminals - TeraWave	https://zapply.jobs/l/d/workday-blueorigin-blueorigin-R67570?s=gh-new-grad-jobs-2027	dropped	DROP:no-target-role-match	2026-09-19	2026-09-19	1	
zapply.jobs/l/d/workday-bah-bah-jobs-r0247458	Booz Allen Hamilton	Aerospace Engineer	https://zapply.jobs/l/d/workday-bah-bah-jobs-R0247458?s=gh-new-grad-jobs-2027	dropped	DROP:no-target-role-match	2026-09-19	2026-09-19	1	
zapply.jobs/l/d/workday-pae-amentum-careers-r0170813	Amentum	Mid-Level System Test Engineer IRES - SSFB	https://zapply.jobs/l/d/workday-pae-amentum-careers-R0170813?s=gh-new-grad-jobs-2027	dropped	DROP:no-target-role-match	2026-09-19	2026-09-19	1	
zapply.jobs/l/d/workday-kbr-kbr-careers-r2130096	KBR	RF Systems Engineer	https://zapply.jobs/l/d/workday-kbr-kbr-careers-R2130096?s=gh-new-grad-jobs-2027	dropped	DROP:no-target-role-match	2026-09-19	2026-09-19	1	
zapply.jobs/l/d/workday-kbr-kbr-careers-r2130329	KBR	Strategic Interfaces Systems Engineer	https://zapply.jobs/l/d/workday-kbr-kbr-careers-R2130329?s=gh-new-grad-jobs-2027	dropped	DROP:no-target-role-match	2026-09-19	2026-09-19	1	
zapply.jobs/l/d/workday-adobe-external-experienced-r169819	Adobe	Software Quality Engineer	https://zapply.jobs/l/d/workday-adobe-external-experienced-R169819?s=gh-new-grad-jobs-2027	dropped	DROP:no-target-role-match	2026-09-19	2026-09-19	1	
zapply.jobs/l/d/workday-gevernova-vernova-externalsite-r5053078	GE Vernova	GE Vernova Combustion Mechanical Engineer	https://zapply.jobs/l/d/workday-gevernova-vernova-externalsite-R5053078?s=gh-new-grad-jobs-2027	dropped	DROP:no-target-role-match	2026-09-19	2026-09-19	1	
zapply.jobs/l/d/workday-gevernova-vernova-externalsite-r5052741	GE Vernova	Modal Laboratory Test Engineer	https://zapply.jobs/l/d/workday-gevernova-vernova-externalsite-R5052741?s=gh-new-grad-jobs-2027	dropped	DROP:no-target-role-match	2026-09-19	2026-09-19	1	
zapply.jobs/l/d/workday-gevernova-vernova-externalsite-r5052737	GE Vernova	2nd shift Lead Test Engineer	https://zapply.jobs/l/d/workday-gevernova-vernova-externalsite-R5052737?s=gh-new-grad-jobs-2027	dropped	DROP:no-target-role-match	2026-09-19	2026-09-19	1	
zapply.jobs/l/d/workday-bah-bah-jobs-r0249771	Booz Allen Hamilton	Signals Analyst	https://zapply.jobs/l/d/workday-bah-bah-jobs-R0249771?s=gh-new-grad-data-science-jobs-2027	dropped	DROP:no-target-role-match	2026-09-19	2026-09-19	1	
zapply.jobs/l/d/workday-bah-bah-jobs-r0248948	Booz Allen Hamilton	Cyber Threat Intelligence Analyst	https://zapply.jobs/l/d/workday-bah-bah-jobs-R0248948?s=gh-new-grad-data-science-jobs-2027	dropped	DROP:no-target-role-match	2026-09-19	2026-09-19	1	
zapply.jobs/l/d/workday-bah-bah-jobs-r0244009	Booz Allen Hamilton	Palantir Data Engineer	https://zapply.jobs/l/d/workday-bah-bah-jobs-R0244009?s=gh-new-grad-data-science-jobs-2027	dropped	DROP:no-target-role-match	2026-09-19	2026-09-19	1	
zapply.jobs/l/d/workday-intel-external-jr0287337	Intel	Silicon Photonics Quality & Reliability Engineer	https://zapply.jobs/l/d/workday-intel-external-JR0287337?s=gh-new-grad-jobs-2027	dropped	DROP:non-target-country	2026-09-19	2026-09-19	1	
zapply.jobs/l/d/workday-ffive-f5jobs-rp1038795	F5	Software Development Engineer I (Former Summer 2026 Interns)	https://zapply.jobs/l/d/workday-ffive-f5jobs-RP1038795?s=gh-new-grad-jobs-2027	dropped	DROP:intern-coop-phd	2026-09-19	2026-09-19	1	
zapply.jobs/l/d/workday-ngc-northrop-grumman-external-site-r10239275	Northrop Grumman	2027 Intern Software Engineer	https://zapply.jobs/l/d/workday-ngc-northrop-grumman-external-site-R10239275?s=gh-new-grad-jobs-2027	dropped	DROP:intern-coop-phd	2026-09-19	2026-09-19	1	
zapply.jobs/l/d/workday-ngc-northrop-grumman-external-site-r10242913	Northrop Grumman	Embedded Software Engineer – Level 3 or 4	https://zapply.jobs/l/d/workday-ngc-northrop-grumman-external-site-R10242913?s=gh-new-grad-jobs-2027	dropped	DROP:no-target-role-match	2026-09-19	2026-09-19	1	
zapply.jobs/l/d/workday-ngc-northrop-grumman-external-site-r10251537	Northrop Grumman	Industrial Security Analyst	https://zapply.jobs/l/d/workday-ngc-northrop-grumman-external-site-R10251537?s=gh-new-grad-jobs-2027	dropped	DROP:no-target-role-match	2026-09-19	2026-09-19	1	
zapply.jobs/l/d/workday-conagrabrands-careers-us-req-039494	Conagra Brands	Systems Engineer - Executive Support	https://zapply.jobs/l/d/workday-conagrabrands-careers-us-Req-039494?s=gh-new-grad-jobs-2027	dropped	DROP:no-target-role-match	2026-09-19	2026-09-19	1	
zapply.jobs/l/d/workday-generac-external-jr16745	Generac	Mechanical Engineer II	https://zapply.jobs/l/d/workday-generac-external-JR16745?s=gh-new-grad-jobs-2027	dropped	DROP:no-target-role-match	2026-09-19	2026-09-19	1	
zapply.jobs/l/d/workday-flir-flircareers-req34048	Teledyne	Process Engineer	https://zapply.jobs/l/d/workday-flir-flircareers-REQ34048?s=gh-new-grad-jobs-2027	dropped	DROP:no-target-role-match	2026-09-19	2026-09-19	1	
zapply.jobs/l/d/workday-snc-snc-external-career-site-r0030827	Sierra Nevada Corporation	Mechanical Engineer I	https://zapply.jobs/l/d/workday-snc-snc-external-career-site-R0030827?s=gh-new-grad-jobs-2027	dropped	DROP:no-target-role-match	2026-09-19	2026-09-19	1	
zapply.jobs/l/d/workday-ngc-northrop-grumman-external-site-r10251750	Northrop Grumman	2027 Manufacturing Engineer Intern	https://zapply.jobs/l/d/workday-ngc-northrop-grumman-external-site-R10251750?s=gh-new-grad-jobs-2027	dropped	DROP:intern-coop-phd	2026-09-19	2026-09-19	1	
zapply.jobs/l/d/workday-ngc-northrop-grumman-external-site-r10251653	Northrop Grumman	Integration and Test Engineer - Level 4 (26-436)	https://zapply.jobs/l/d/workday-ngc-northrop-grumman-external-site-R10251653?s=gh-new-grad-jobs-2027	dropped	DROP:no-target-role-match	2026-09-19	2026-09-19	1	
zapply.jobs/l/d/workday-ngc-northrop-grumman-external-site-r10251780	Northrop Grumman	Sentinel Modeling Simulation & Analysis Systems Engineer - 19937	https://zapply.jobs/l/d/workday-ngc-northrop-grumman-external-site-R10251780?s=gh-new-grad-jobs-2027	dropped	DROP:no-target-role-match	2026-09-19	2026-09-19	1	
zapply.jobs/l/d/workday-disney-disneycareer-10159879	Disney	Software Engineer II	https://zapply.jobs/l/d/workday-disney-disneycareer-10159879?s=gh-new-grad-jobs-2027	dropped	DROP:no-target-role-match	2026-09-19	2026-09-19	1	
zapply.jobs/l/d/workday-blueorigin-blueorigin-r72444	Blue Origin	Embedded Software Engineer III - New Glenn Avionics	https://zapply.jobs/l/d/workday-blueorigin-blueorigin-R72444?s=gh-new-grad-jobs-2027	dropped	DROP:no-target-role-match	2026-09-19	2026-09-19	1	
zapply.jobs/l/d/workday-cisco-cisco-careers-2019484	Cisco	Software Engineer	https://zapply.jobs/l/d/workday-cisco-cisco-careers-2019484?s=gh-new-grad-jobs-2027	dropped	DROP:no-target-role-match	2026-09-19	2026-09-19	1	
zapply.jobs/l/d/workday-jci-jci-wd30272708	Johnson Controls	HVAC Building Controls Application Engineer	https://zapply.jobs/l/d/workday-jci-jci-WD30272708?s=gh-new-grad-jobs-2027	dropped	DROP:no-target-role-match	2026-09-19	2026-09-19	1	
zapply.jobs/l/d/workday-jci-jci-wd30272369	Johnson Controls	Embedded Software Engineer I - Product Development	https://zapply.jobs/l/d/workday-jci-jci-WD30272369?s=gh-new-grad-jobs-2027	dropped	DROP:no-target-role-match	2026-09-19	2026-09-19	1	
zapply.jobs/l/d/workday-cisco-cisco-careers-2026181	Cisco	Business Analyst I (Intern) United States	https://zapply.jobs/l/d/workday-cisco-cisco-careers-2026181?s=gh-new-grad-jobs-2027	dropped	DROP:intern-coop-phd	2026-09-19	2026-09-19	1	
zapply.jobs/l/d/workday-jj-jj-r-099389	Johnson & Johnson	(PALM) and Artificial Intelligence Co-Op	https://zapply.jobs/l/d/workday-jj-jj-R-099389?s=gh-new-grad-jobs-2027	dropped	DROP:intern-coop-phd	2026-09-19	2026-09-19	1	
zapply.jobs/l/d/workday-jj-jj-r-098401	Johnson & Johnson	Data Science Neuroscience PhD Co-op	https://zapply.jobs/l/d/workday-jj-jj-R-098401?s=gh-new-grad-jobs-2027	dropped	DROP:intern-coop-phd	2026-09-19	2026-09-19	1	
zapply.jobs/l/d/workday-blueorigin-blueorigin-r71998	Blue Origin	Cyber Security Engineer III	https://zapply.jobs/l/d/workday-blueorigin-blueorigin-R71998?s=gh-new-grad-jobs-2027	dropped	DROP:no-target-role-match	2026-09-19	2026-09-19	1	
zapply.jobs/l/d/workday-cat-caterpillarcareers-r0000390318	Caterpillar	Manufacturing Engineer	https://zapply.jobs/l/d/workday-cat-caterpillarcareers-R0000390318?s=gh-new-grad-jobs-2027	dropped	DROP:no-target-role-match	2026-09-19	2026-09-19	1	
zapply.jobs/l/d/workday-kbr-kbr-careers-r2129964	KBR	UABOS Turkey: Structural Engineer	https://zapply.jobs/l/d/workday-kbr-kbr-careers-R2129964?s=gh-new-grad-jobs-2027	dropped	DROP:non-target-country	2026-09-19	2026-09-19	1	
zapply.jobs/l/d/workday-blueorigin-blueorigin-r62006	Blue Origin	Lunar Lander Production Manufacturing Engineer (All levels, All shifts)	https://zapply.jobs/l/d/workday-blueorigin-blueorigin-R62006?s=gh-new-grad-jobs-2027	dropped	DROP:no-target-role-match	2026-09-19	2026-09-19	1	
zapply.jobs/l/d/workday-flir-flircareers-req33818	Teledyne	Electrical Engineer	https://zapply.jobs/l/d/workday-flir-flircareers-REQ33818?s=gh-new-grad-jobs-2027	dropped	DROP:no-target-role-match	2026-09-19	2026-09-19	1	
zapply.jobs/l/d/workday-cisco-cisco-careers-2024667	Cisco	ASIC Design Verification Eng II Full Time - United States	https://zapply.jobs/l/d/workday-cisco-cisco-careers-2024667?s=gh-new-grad-jobs-2027	dropped	DROP:no-target-role-match	2026-09-19	2026-09-19	1	
zapply.jobs/l/d/workday-disney-disneycareer-10142558	Disney	Decision Scientist - Course Developer/Instructor	https://zapply.jobs/l/d/workday-disney-disneycareer-10142558?s=gh-new-grad-data-science-jobs-2027	dropped	DROP:no-target-role-match	2026-09-19	2026-09-19	1	
zapply.jobs/l/d/workday-jj-jj-r-098453	Johnson & Johnson	Clinical Epidemiology and Data Science Co-op	https://zapply.jobs/l/d/workday-jj-jj-R-098453?s=gh-new-grad-data-science-jobs-2027	dropped	DROP:intern-coop-phd	2026-09-19	2026-09-19	1	
zapply.jobs/l/d/workday-jj-jj-r-099282	Johnson & Johnson	Data Analyst, Service & Repair	https://zapply.jobs/l/d/workday-jj-jj-R-099282?s=gh-new-grad-data-science-jobs-2027	dropped	DROP:no-target-role-match	2026-09-19	2026-09-19	1	
study.com/pages/jobapplication.html?gh_jid=5429313008	Study.com	Software Engineer New Grad - AI-Native	https://study.com/pages/jobApplication.html/?gh_jid=5429313008	dropped	DROP:no-target-role-match	2026-09-19	2026-09-19	1	
zapply.jobs/l/d/workday-expedia-private-r-109895	Expedia Group	Product Manager III, Rapid API - Post-Booking	https://zapply.jobs/l/d/workday-expedia-private-R-109895?s=gh-new-grad-jobs-2027	dropped	DROP:outside-target-metro	2026-09-19	2026-09-19	1	
zapply.jobs/l/d/greenhouse-pinterest-8213988	Pinterest	Software Engineer II, Data Analytics & Engineering	https://zapply.jobs/l/d/greenhouse-pinterest-8213988?s=gh-new-grad-jobs-2027	dropped	DROP:no-target-role-match	2026-09-19	2026-09-19	1	
zapply.jobs/l/d/workday-ms-external-pt-jr041494	Morgan Stanley	Generative AI, Backend Engineer	https://zapply.jobs/l/d/workday-ms-external-PT-JR041494?s=gh-new-grad-jobs-2027	dropped	DROP:no-target-role-match	2026-09-19	2026-09-19	1	
zapply.jobs/l/d/microsoft-200056606	Microsoft	Software Engineer II - Excel Team	https://zapply.jobs/l/d/microsoft-200056606?s=gh-new-grad-jobs-2027	dropped	DROP:no-target-role-match	2026-09-19	2026-09-19	1	
zapply.jobs/l/d/workday-gdit-external-career-site-rq224779	GDIT	Data Scientist - TS/SCI w/Poly	https://zapply.jobs/l/d/workday-gdit-external-career-site-RQ224779?s=gh-new-grad-jobs-2027	dropped	DROP:no-target-role-match	2026-09-19	2026-09-19	1	
zapply.jobs/l/d/workday-gdit-external-career-site-rq228583	GDIT	AI/ML Engineer - TS/SCI w/poly	https://zapply.jobs/l/d/workday-gdit-external-career-site-RQ228583?s=gh-new-grad-jobs-2027	dropped	DROP:no-target-role-match	2026-09-19	2026-09-19	1	
zapply.jobs/l/d/ashby-plaid-bc64da24-0699-4611-8e62-49ffafe2a3e9	Plaid	Security Engineer - Platform Security	https://zapply.jobs/l/d/ashby-plaid-bc64da24-0699-4611-8e62-49ffafe2a3e9?s=gh-new-grad-jobs-2027	dropped	DROP:no-target-role-match	2026-09-19	2026-09-19	1	
zapply.jobs/l/d/greenhouse-astranis-4705660006	Astranis	Environmental Test Engineer Associate (Winter 2027)	https://zapply.jobs/l/d/greenhouse-astranis-4705660006?s=gh-new-grad-jobs-2027	dropped	DROP:no-target-role-match	2026-09-19	2026-09-19	1	
zapply.jobs/l/d/greenhouse-astranis-4705652006	Astranis	Environmental Test Engineer Intern (Winter 2027)	https://zapply.jobs/l/d/greenhouse-astranis-4705652006?s=gh-new-grad-jobs-2027	dropped	DROP:intern-coop-phd	2026-09-19	2026-09-19	1	
zapply.jobs/l/d/workday-jabil-jabil-careers-j2462165	Jabil	Quality Engineer Technician	https://zapply.jobs/l/d/workday-jabil-jabil-careers-J2462165?s=gh-new-grad-jobs-2027	dropped	DROP:no-target-role-match	2026-09-19	2026-09-19	1	
zapply.jobs/l/d/workday-jabil-jabil-careers-j2464698	Jabil	Quality Engineer III	https://zapply.jobs/l/d/workday-jabil-jabil-careers-J2464698?s=gh-new-grad-jobs-2027	dropped	DROP:no-target-role-match	2026-09-19	2026-09-19	1	
zapply.jobs/l/d/greenhouse-andurilindustries-5243043007	Anduril	Thermal Engineer, Thermal Protection Systems (TPS)	https://zapply.jobs/l/d/greenhouse-andurilindustries-5243043007?s=gh-new-grad-jobs-2027	dropped	DROP:no-target-role-match	2026-09-19	2026-09-19	1	
zapply.jobs/l/d/microsoft-200057051	Microsoft	Hardware Engineering Internship (6-Month Program)	https://zapply.jobs/l/d/microsoft-200057051?s=gh-new-grad-jobs-2027	dropped	DROP:intern-coop-phd	2026-09-19	2026-09-19	1	
zapply.jobs/l/d/workday-gdit-external-career-site-rq227975	GDIT	Databricks Engineer	https://zapply.jobs/l/d/workday-gdit-external-career-site-RQ227975?s=gh-new-grad-data-science-jobs-2027	dropped	DROP:no-target-role-match	2026-09-19	2026-09-19	1	
zapply.jobs/l/d/greenhouse-botauto-5429357008	Bot Auto	Intern, Software Engineer AI Agents (Fall 2026/Winter 2027)	https://zapply.jobs/l/d/greenhouse-botauto-5429357008?s=gh-new-grad-jobs-2027	dropped	DROP:intern-coop-phd	2026-09-19	2026-09-19	1	
zapply.jobs/l/d/gem-retool-am9icg9zddpep7_hgz1mhriexptgyuzm	Retool	Software Engineer, Sandbox & Agent Executor	https://zapply.jobs/l/d/gem-retool-am9icG9zdDpEp7_HGZ1MHRIeXpTgYUZm?s=gh-new-grad-jobs-2027	dropped	DROP:no-target-role-match	2026-09-19	2026-09-19	1	
zapply.jobs/l/d/gem-retool-am9icg9zddrwsqkmo7gekkxg6frvxgv7	Retool	Software Engineer, Agent Platform	https://zapply.jobs/l/d/gem-retool-am9icG9zdDrWsqKmo7GEKkxG6frVxgV7?s=gh-new-grad-jobs-2027	dropped	DROP:no-target-role-match	2026-09-19	2026-09-19	1	
zapply.jobs/l/d/greenhouse-reddit-8214910	Reddit	Software Engineer, Ingestion Platform	https://zapply.jobs/l/d/greenhouse-reddit-8214910?s=gh-new-grad-jobs-2027	dropped	DROP:no-target-role-match	2026-09-19	2026-09-19	1	
zapply.jobs/l/d/workday-micron-external-jr111970	Micron Technology	Full Stack AI Engineer	https://zapply.jobs/l/d/workday-micron-external-JR111970?s=gh-new-grad-jobs-2027	dropped	DROP:no-target-role-match	2026-09-19	2026-09-19	1	
zapply.jobs/l/d/ashby-poshmark-29f36dfd-7d52-4dac-a257-9e197d390775	Poshmark	Software Engineer II, Machine Learning	https://zapply.jobs/l/d/ashby-poshmark-29f36dfd-7d52-4dac-a257-9e197d390775?s=gh-new-grad-jobs-2027	dropped	DROP:no-target-role-match	2026-09-19	2026-09-19	1	
zapply.jobs/l/d/ashby-poshmark-22fe890a-5c2c-4133-a91c-2e82348bc5d8	Poshmark	Software Engineer II, Cloud Platform	https://zapply.jobs/l/d/ashby-poshmark-22fe890a-5c2c-4133-a91c-2e82348bc5d8?s=gh-new-grad-jobs-2027	dropped	DROP:no-target-role-match	2026-09-19	2026-09-19	1	
zapply.jobs/l/d/sr-llnl-3743990015408206	LLNL	Computing Undergraduate Student Intern: DevOps Internship Program - Summer 2027	https://zapply.jobs/l/d/sr-llnl-3743990015408206?s=gh-new-grad-jobs-2027	dropped	DROP:intern-coop-phd	2026-09-19	2026-09-19	1	
zapply.jobs/l/d/ashby-mercor-1dcab154-b92d-4a5f-aed5-b1b8c049cdbc	Mercor	Research Engineer - Environments, Data and Post-Training	https://zapply.jobs/l/d/ashby-mercor-1dcab154-b92d-4a5f-aed5-b1b8c049cdbc?s=gh-new-grad-jobs-2027	dropped	DROP:no-target-role-match	2026-09-19	2026-09-19	1	
zapply.jobs/l/d/workday-paloaltonetworks-panwexternalcareers-jr-017121	Palo Alto Networks	Principle Manufacturing Engineer	https://zapply.jobs/l/d/workday-paloaltonetworks-panwexternalcareers-JR-017121?s=gh-new-grad-jobs-2027	dropped	DROP:no-target-role-match	2026-09-19	2026-09-19	1	
zapply.jobs/l/d/workday-capitalone-capital-one-r1001161	Capital One	Full Stack Engineer 4	https://zapply.jobs/l/d/workday-capitalone-capital-one-R1001161?s=gh-new-grad-jobs-2027	dropped	DROP:no-target-role-match	2026-09-19	2026-09-19	1	
zapply.jobs/l/d/workday-capitalone-capital-one-r249759	Capital One	Senior Associate, Product Manager - Capital One Travel	https://zapply.jobs/l/d/workday-capitalone-capital-one-R249759?s=gh-new-grad-jobs-2027	dropped	DROP:outside-target-metro	2026-09-19	2026-09-19	1	
zapply.jobs/l/d/greenhouse-lyft-8806570002	Lyft	Backend Software Engineer, Airports	https://zapply.jobs/l/d/greenhouse-lyft-8806570002?s=gh-new-grad-jobs-2027	dropped	DROP:no-target-role-match	2026-09-19	2026-09-19	1	
zapply.jobs/l/d/greenhouse-spacex-8822280002	SpaceX	Software Engineer	https://zapply.jobs/l/d/greenhouse-spacex-8822280002?s=gh-new-grad-jobs-2027	dropped	DROP:no-target-role-match	2026-09-19	2026-09-19	1	
zapply.jobs/l/d/greenhouse-waymo-8214519	Waymo	2027 Summer Intern, MS/PhD, Software Engineer, Multiverse	https://zapply.jobs/l/d/greenhouse-waymo-8214519?s=gh-new-grad-jobs-2027	dropped	DROP:intern-coop-phd	2026-09-19	2026-09-19	1	
zapply.jobs/l/d/workday-citi-2-26992613	Citi	Software Engineer GEN AI, Assistant Vice President	https://zapply.jobs/l/d/workday-citi-2-26992613?s=gh-new-grad-jobs-2027	dropped	DROP:no-target-role-match	2026-09-19	2026-09-19	1	
zapply.jobs/l/d/workday-capitalone-capital-one-r1000998	Capital One	Senior Associate, Data Scientist - Credit Card Innovation	https://zapply.jobs/l/d/workday-capitalone-capital-one-R1000998?s=gh-new-grad-data-science-jobs-2027	dropped	DROP:no-target-role-match	2026-09-19	2026-09-19	1	
zapply.jobs/l/d/workday-capitalone-capital-one-r245360	Capital One	Principal Associate, Data Scientist - Business Cards & Payments	https://zapply.jobs/l/d/workday-capitalone-capital-one-R245360?s=gh-new-grad-data-science-jobs-2027	dropped	DROP:no-target-role-match	2026-09-19	2026-09-19	1	
zapply.jobs/l/d/workday-capitalone-capital-one-r1001086	Capital One	Principal Associate, Data Scientist - Recommendation & Personalization Systems	https://zapply.jobs/l/d/workday-capitalone-capital-one-R1001086?s=gh-new-grad-data-science-jobs-2027	dropped	DROP:no-target-role-match	2026-09-19	2026-09-19	1	
zapply.jobs/l/d/workday-capitalone-capital-one-r1000395	Capital One	Manager, Data Analyst - Enterprise AML Advisory	https://zapply.jobs/l/d/workday-capitalone-capital-one-R1000395?s=gh-new-grad-data-science-jobs-2027	dropped	DROP:no-target-role-match	2026-09-19	2026-09-19	1	
zapply.jobs/l/d/workday-pae-amentum-careers-r0167871	Amentum	Biometrics (Fingerprint) Technician - On Call	https://zapply.jobs/l/d/workday-pae-amentum-careers-R0167871?s=gh-new-grad-data-science-jobs-2027	dropped	DROP:no-target-role-match	2026-09-19	2026-09-19	1	
starbucks.eightfold.ai/careers/job/481080890968	Starbucks	Shift Supervisor	https://starbucks.eightfold.ai/careers/job/481080890968	dropped	DROP:no-target-role-match	2026-09-19	2026-09-19	1	
noom.com/careers/job-listings?gh_jid=8114573	Noom	Agentic Engineer New Grad	https://www.noom.com/careers/job-listings/?gh_jid=8114573	dropped	DROP:no-target-role-match	2026-09-19	2026-09-19	1	
jobs.hunterdouglas.com/division/hunterdouglas/job/7999435003?gh_jid=7999435003	Hunter Douglas	Product Specialist	https://jobs.hunterdouglas.com/division/hunterdouglas/job/7999435003?gh_jid=7999435003	dropped	DROP:no-target-role-match	2026-09-19	2026-09-19	1	
lifeattiktok.com/search/7686999927260105013	TikTok	Machine Learning Engineer Graduate - E-Commerce Recommendation Video	https://lifeattiktok.com/search/7686999927260105013	dropped	DROP:no-target-role-match	2026-09-19	2026-09-19	1	
wolve.pinpointhq.com/en/postings/2b2e514b-4709-4897-960d-77909fe33ab8	Wolverine Trading	Entry Level C++ Software Engineer	https://wolve.pinpointhq.com/en/postings/2b2e514b-4709-4897-960d-77909fe33ab8?ats=pinpointhq	dropped	DROP:no-target-role-match	2026-09-19	2026-09-19	1	
bcrta.applytojob.com/apply/vyqqgozhek/parttime-planning-technology-technician	Butler County Regional Transit Authority	Planning & Technology Technician	https://bcrta.applytojob.com/apply/vYQQgOZheK/PartTime-Planning-Technology-Technician	dropped	DROP:no-target-role-match	2026-09-19	2026-09-19	1	
jobs.bytedance.com/en/position/7686733097398290693/detail	ByteDance	Software Engineer - AI Compute	https://jobs.bytedance.com/en/position/7686733097398290693/detail	dropped	DROP:no-target-role-match	2026-09-19	2026-09-19	1	
jobs.bytedance.com/en/position/7686732729746950405/detail	ByteDance	Graduate Software Engineer - AI Compute	https://jobs.bytedance.com/en/position/7686732729746950405/detail	dropped	DROP:no-target-role-match	2026-09-19	2026-09-19	1	
jobs.intuit.com/job/toronto/software-developer-1-canada-tax-content/27595/100815475200	Intuit	Software Developer 1 - Canada Tax Content	https://jobs.intuit.com/job/toronto/software-developer-1-canada-tax-content/27595/100815475200	dropped	DROP:non-target-country	2026-09-19	2026-09-19	1	
job-boards.greenhouse.io/togetherai/jobs/5211582007	Together AI	Software Engineer New Grad	https://job-boards.greenhouse.io/togetherai/jobs/5211582007	dropped	DROP:no-target-role-match	2026-09-19	2026-09-19	1	
jobs.ashbyhq.com/valency/2bcd9b30-d76b-40ee-afc7-43302ce18fff/application	Valency	Software Engineer - Full-stack	https://jobs.ashbyhq.com/valency/2bcd9b30-d76b-40ee-afc7-43302ce18fff/application?embed=true	dropped	DROP:no-target-role-match	2026-09-19	2026-09-19	1	
jobs.lever.co/thinkahead/79b4cd4c-b1e0-4f02-b95f-fd44b3d5d9ae/apply	AHEAD	Associate Technical Consultant - Application Development	https://jobs.lever.co/thinkahead/79b4cd4c-b1e0-4f02-b95f-fd44b3d5d9ae/apply	dropped	DROP:no-target-role-match	2026-09-19	2026-09-19	1	
jobs.lever.co/thinkahead/1ebcedcb-82ba-4d19-ac88-aa73a812dd81/apply	AHEAD	Associate AI Engineer	https://jobs.lever.co/thinkahead/1ebcedcb-82ba-4d19-ac88-aa73a812dd81/apply	dropped	DROP:no-target-role-match	2026-09-19	2026-09-19	1	
jobs.lever.co/thinkahead/14fefcf2-720f-4333-8bcc-ff3ba62d3b8e/apply	AHEAD	Associate Data Engineer	https://jobs.lever.co/thinkahead/14fefcf2-720f-4333-8bcc-ff3ba62d3b8e/apply	dropped	DROP:no-target-role-match	2026-09-19	2026-09-19	1	
jobs.lever.co/steerbridge/a49cfd8c-c7ec-4378-9233-412eb16dd96a/apply	SteerBridge	Junior Data Engineer	https://jobs.lever.co/steerbridge/a49cfd8c-c7ec-4378-9233-412eb16dd96a/apply	dropped	DROP:no-target-role-match	2026-09-19	2026-09-19	1	
eewl.fa.us6.oraclecloud.com/hcmui/candidateexperience/en/sites/cx/job/11289	Sundt	Business Intelligence Analyst 1	https://eewl.fa.us6.oraclecloud.com/hcmUI/CandidateExperience/en/sites/CX/job/11289	dropped	DROP:no-target-role-match	2026-09-19	2026-09-19	1	
eedu.fa.em3.oraclecloud.com/hcmui/candidateexperience/en/sites/cx_1003/job/202605389	WTW	Data Scientist New Grad - Insurance Consulting	https://eedu.fa.em3.oraclecloud.com/hcmUI/CandidateExperience/en/sites/CX_1003/job/202605389	dropped	DROP:non-target-country	2026-09-19	2026-09-19	1	
jobs.lever.co/matchgroup/69396299-e587-4063-aef6-0ce2fd66e9ee/apply	Match Group	AI Product Engineer	https://jobs.lever.co/matchgroup/69396299-e587-4063-aef6-0ce2fd66e9ee/apply	dropped	DROP:non-target-country	2026-09-19	2026-09-19	1	
zapply.jobs/l/d/workday-leidos-external-r-00192560	Leidos	Data Scientist	https://zapply.jobs/l/d/workday-leidos-external-R-00192560?s=gh-new-grad-jobs-2027	dropped	DROP:no-target-role-match	2026-09-19	2026-09-19	1	
recruiting.paylocity.com/recruiting/jobs/details/4517553	Evereve	Inventory Specialist - Stores	https://recruiting.paylocity.com/Recruiting/Jobs/Details/4517553	dropped	DROP:no-target-role-match	2026-09-19	2026-09-19	1	
zapply.jobs/l/d/lever-belvederetrading-3d118f1b-08e1-4b81-8d4d-bac869d166a7	Belvedere Trading	Engineer- Data Visualization Platform	https://zapply.jobs/l/d/lever-belvederetrading-3d118f1b-08e1-4b81-8d4d-bac869d166a7?s=gh-new-grad-data-science-jobs-2027	dropped	DROP:no-target-role-match	2026-09-19	2026-09-19	1	
zapply.jobs/l/d/greenhouse-drweng-8189760	DRW	Data Analyst, Exploration	https://zapply.jobs/l/d/greenhouse-drweng-8189760?s=gh-new-grad-jobs-2027	dropped	DROP:no-target-role-match	2026-09-19	2026-09-19	1	
zapply.jobs/l/d/workday-kbr-kbr-careers-r2127259	KBR	Predictive Research Analyst	https://zapply.jobs/l/d/workday-kbr-kbr-careers-R2127259?s=gh-new-grad-data-science-jobs-2027	dropped	DROP:no-target-role-match	2026-09-19	2026-09-19	1	
zapply.jobs/l/d/microsoft-200037066	Microsoft	Applied AI Engineer II	https://zapply.jobs/l/d/microsoft-200037066?s=gh-new-grad-jobs-2027	dropped	DROP:no-target-role-match	2026-09-19	2026-09-19	1	
zapply.jobs/l/d/workday-cvshealth-cvs-health-careers-r1031650	CVS Health	Manager, Data Engineer	https://zapply.jobs/l/d/workday-cvshealth-cvs-health-careers-R1031650?s=gh-new-grad-jobs-2027	dropped	DROP:no-target-role-match	2026-09-19	2026-09-19	1	
zapply.jobs/l/d/greenhouse-waymo-8199365	Waymo	2027 Summer Intern, PhD, Product Data Science	https://zapply.jobs/l/d/greenhouse-waymo-8199365?s=gh-new-grad-jobs-2027	dropped	DROP:intern-coop-phd	2026-09-19	2026-09-19	1	
zapply.jobs/l/d/ashby-campfire-2b30b7a1-3649-40e5-804a-ea07bfc94318	Campfire	Data Engineer	https://zapply.jobs/l/d/ashby-campfire-2b30b7a1-3649-40e5-804a-ea07bfc94318?s=gh-new-grad-jobs-2027	dropped	DROP:no-target-role-match	2026-09-19	2026-09-19	1	
zapply.jobs/l/d/ashby-cartesia-fe858684-270e-4eda-ac99-b3f218306661	Cartesia	Analytics Engineer	https://zapply.jobs/l/d/ashby-cartesia-fe858684-270e-4eda-ac99-b3f218306661?s=gh-new-grad-jobs-2027	dropped	DROP:no-target-role-match	2026-09-19	2026-09-19	1	
zapply.jobs/l/d/greenhouse-waymo-8212478	Waymo	Machine Learning Engineer, Perception	https://zapply.jobs/l/d/greenhouse-waymo-8212478?s=gh-new-grad-jobs-2027	dropped	DROP:no-target-role-match	2026-09-19	2026-09-19	1	
zapply.jobs/l/d/sr-respecinc-744000150418849	RE/SPEC Inc.	Business Analyst 3 (Contractor) - 529701783R	https://zapply.jobs/l/d/sr-RESPECInc-744000150418849?s=gh-new-grad-jobs-2027	dropped	DROP:no-target-role-match	2026-09-19	2026-09-19	1	
zapply.jobs/l/d/apple-200681112	Apple	Machine Learning Engineer	https://zapply.jobs/l/d/apple-200681112?s=gh-new-grad-jobs-2027	dropped	DROP:no-target-role-match	2026-09-19	2026-09-19	1	
zapply.jobs/l/d/greenhouse-iterativehealth-4714222006	Iterative Health	Applied AI Engineer	https://zapply.jobs/l/d/greenhouse-iterativehealth-4714222006?s=gh-new-grad-jobs-2027	dropped	DROP:no-target-role-match	2026-09-19	2026-09-19	1	
zapply.jobs/l/d/greenhouse-togetherai-5238411007	Together AI	Systems Research Engineer Intern - GPU Programming (Winter 2027)	https://zapply.jobs/l/d/greenhouse-togetherai-5238411007?s=gh-new-grad-jobs-2027	dropped	DROP:intern-coop-phd	2026-09-19	2026-09-19	1	
zapply.jobs/l/d/greenhouse-togetherai-5238460007	Together AI	Systems Research Engineer Intern - GPU Programming (Summer 2027)	https://zapply.jobs/l/d/greenhouse-togetherai-5238460007?s=gh-new-grad-jobs-2027	dropped	DROP:intern-coop-phd	2026-09-19	2026-09-19	1	
zapply.jobs/l/d/workday-leidos-external-r-00190545	Leidos	Systems Engineer – Microsoft 365 Security & Compliance / Endpoint Security Engineer (GCC)	https://zapply.jobs/l/d/workday-leidos-external-R-00190545?s=gh-new-grad-jobs-2027	dropped	DROP:no-target-role-match	2026-09-19	2026-09-19	1	
zapply.jobs/l/d/greenhouse-togetherai-5238465007	Together AI	Research Intern, Model Shaping (Winter 2027)	https://zapply.jobs/l/d/greenhouse-togetherai-5238465007?s=gh-new-grad-data-science-jobs-2027	dropped	DROP:intern-coop-phd	2026-09-19	2026-09-19	1	
zapply.jobs/l/d/greenhouse-togetherai-5238466007	Together AI	Research Intern, Model Shaping (Summer 2027)	https://zapply.jobs/l/d/greenhouse-togetherai-5238466007?s=gh-new-grad-data-science-jobs-2027	dropped	DROP:intern-coop-phd	2026-09-19	2026-09-19	1	
fa-ewjt-saasfaprod1.fa.ocs.oraclecloud.com/hcmui/candidateexperience/en/sites/cx_2/job/20370	EXL	Data Engineer	https://fa-ewjt-saasfaprod1.fa.ocs.oraclecloud.com/hcmUI/CandidateExperience/en/sites/CX_2/job/20370	dropped	DROP:no-target-role-match	2026-09-19	2026-09-19	1	
jobs.smartrecruiters.com/boschgroup/744000150327262	Bosch Home Comfort	Marketing Analyst Graduate	https://jobs.smartrecruiters.com/BoschGroup/744000150327262	dropped	DROP:no-target-role-match	2026-09-19	2026-09-19	1	
expleo-jobs-gb-en.icims.com/jobs/55816/job	Expleo	Pre-Sales Executive	https://expleo-jobs-gb-en.icims.com/jobs/55816/job?mobile=true&needsRedirect=false	dropped	DROP:no-target-role-match	2026-09-19	2026-09-19	1	
zapply.jobs/l/d/greenhouse-hudl-8204033	Hudl	Information Security Analyst	https://zapply.jobs/l/d/greenhouse-hudl-8204033?s=gh-new-grad-jobs-2027	dropped	DROP:no-target-role-match	2026-09-19	2026-09-19	1	
zapply.jobs/l/d/sr-llnl-3743990015373427	LLNL	Business Analyst	https://zapply.jobs/l/d/sr-llnl-3743990015373427?s=gh-new-grad-jobs-2027	dropped	DROP:no-target-role-match	2026-09-19	2026-09-19	1	
zapply.jobs/l/d/microsoft-200056717	Microsoft	AI Security Engineer	https://zapply.jobs/l/d/microsoft-200056717?s=gh-new-grad-jobs-2027	dropped	DROP:no-target-role-match	2026-09-19	2026-09-19	1	
accordience.com/jobs?gh_jid=4934501101	Accordience	Junior AI & Automation Specialist	https://accordience.com/jobs/?gh_jid=4934501101	dropped	DROP:non-target-country	2026-09-19	2026-09-19	1	
apply.workable.com/brady-martz/j/39c6a58f26/apply	Brady Martz	AI Prototyping Engineer	https://apply.workable.com/brady-martz/j/39C6A58F26/apply	dropped	DROP:no-target-role-match	2026-09-19	2026-09-19	1	
lifeattiktok.com/search/7686283601340369205	TikTok	Machine Learning Engineer Intern - E-Commerce Recommendation Mall - 2027 Start - PhD	https://lifeattiktok.com/search/7686283601340369205	dropped	DROP:intern-coop-phd	2026-09-19	2026-09-19	1	
zapply.jobs/l/d/greenhouse-genevatrading-5240107007	Geneva Trading	AI Engineer Internship - Summer 2027	https://zapply.jobs/l/d/greenhouse-genevatrading-5240107007?s=gh-new-grad-data-science-jobs-2027	dropped	DROP:intern-coop-phd	2026-09-19	2026-09-19	1	
job-boards.greenhouse.io/covar/jobs/5240360007	CoVar	Machine Learning Internship Summer 2027	https://job-boards.greenhouse.io/covar/jobs/5240360007	dropped	DROP:intern-coop-phd	2026-09-19	2026-09-19	1	
d3engineering.applytojob.com/apply/9yw3suzex8/computer-vision-ai-engineer-coop	D3 Embedded	Computer Vision / AI Engineer Co-op	http://d3engineering.applytojob.com/apply/9Yw3SuZeX8/Computer-Vision-AI-Engineer-Coop	dropped	DROP:intern-coop-phd	2026-09-19	2026-09-19	1	
job-boards.greenhouse.io/eqtcorporation/jobs/5422414008	EQT Corporation	Data Engineering Intern	https://job-boards.greenhouse.io/eqtcorporation/jobs/5422414008	dropped	DROP:intern-coop-phd	2026-09-19	2026-09-19	1	
jobs.lever.co/kitware/ff25a349-a362-45d2-b1e4-2487c1df4f75	Kitware	AI Research Internship	https://jobs.lever.co/kitware/ff25a349-a362-45d2-b1e4-2487c1df4f75	dropped	DROP:intern-coop-phd	2026-09-19	2026-09-19	1	
uscareers-lennox.icims.com/jobs/54897/ai-engineering-intern-summer-2027/job	Lennox	AI Engineering Intern Summer 2027	https://uscareers-lennox.icims.com/jobs/54897/ai-engineering-intern-summer-2027/job	dropped	DROP:intern-coop-phd	2026-09-19	2026-09-19	1	
uscareers-lennox.icims.com/jobs/54804/ai-%26-analytics-2027-intern/job	Lennox	AI & Analytics 2027 Intern	https://uscareers-lennox.icims.com/jobs/54804/ai-%26-analytics-2027-intern/job	dropped	DROP:intern-coop-phd	2026-09-19	2026-09-19	1	
campus-libertymutual.icims.com/jobs/261811/solaria-labs-data-science-co-op-%28january---june-2027%29/job	Liberty Mutual	Solaria Labs Data Science Co-op - January - June 2027	https://campus-libertymutual.icims.com/jobs/261811/solaria-labs-data-science-co-op-%28january---june-2027%29/job	dropped	DROP:intern-coop-phd	2026-09-19	2026-09-19	1	
jobs-cesi.icims.com/jobs/11219/ai-intern/job	Metova Federal	AI Intern	https://jobs-cesi.icims.com/jobs/11219/ai-intern/job	dropped	DROP:intern-coop-phd	2026-09-19	2026-09-19	1	
job-boards.greenhouse.io/sharkninjaoperatingllc/jobs/4713808006	SharkNinja	Applied AI & Analytics Intern Opportunities	https://job-boards.greenhouse.io/sharkninjaoperatingllc/jobs/4713808006	dropped	DROP:intern-coop-phd	2026-09-19	2026-09-19	1	
job-boards.greenhouse.io/sharkninjaoperatingllc/jobs/4713793006	SharkNinja	Applied AI & Analytics Co-op Opportunities	https://job-boards.greenhouse.io/sharkninjaoperatingllc/jobs/4713793006	dropped	DROP:intern-coop-phd	2026-09-19	2026-09-19	1	
smithnephew.wd5.myworkdayjobs.com/en-us/external/job/us---pittsburgh-pa/intern-ai-center-of-excellence-data-science_r92480-1	Smith+Nephew	Intern AI Center of Excellence Data Science	https://smithnephew.wd5.myworkdayjobs.com/en-US/external/job/US---Pittsburgh-PA/Intern-AI-Center-of-Excellence-Data-Science_R92480-1	dropped	DROP:intern-coop-phd	2026-09-19	2026-09-19	1	
zapply.jobs/l/d/workday-kla-search-2635441	KLA	Research Scientist - Plasma Light Source Development	https://zapply.jobs/l/d/workday-kla-search-2635441?s=gh-new-grad-jobs-2027	dropped	DROP:no-target-role-match	2026-09-19	2026-09-19	1	
zapply.jobs/l/d/workday-travelers-external-r-52261	The Travelers Companies	Data Engineer II, GenAI	https://zapply.jobs/l/d/workday-travelers-external-R-52261?s=gh-new-grad-jobs-2027	dropped	DROP:no-target-role-match	2026-09-19	2026-09-19	1	
zapply.jobs/l/d/workday-cranecompany-careers-jr102572	Crane Co.	Business Analyst	https://zapply.jobs/l/d/workday-cranecompany-careers-JR102572?s=gh-new-grad-jobs-2027	dropped	DROP:no-target-role-match	2026-09-19	2026-09-19	1	
zapply.jobs/l/d/workday-thehartford-careers-external-r2627114	The Hartford	Data Science Intern - Summer 2027	https://zapply.jobs/l/d/workday-thehartford-careers-external-R2627114?s=gh-new-grad-jobs-2027	dropped	DROP:intern-coop-phd	2026-09-19	2026-09-19	1	
zapply.jobs/l/d/workday-motorolasolutions-careers-r68261	Motorola Solutions	AI & Data Analytics Intern - Supply Resilience 2027 internship	https://zapply.jobs/l/d/workday-motorolasolutions-careers-R68261?s=gh-new-grad-jobs-2027	dropped	DROP:intern-coop-phd	2026-09-19	2026-09-19	1	
zapply.jobs/l/d/workday-wf-wellsfargojobs-r-576273	Wells Fargo	Securities Quantitative Analytics Associate (Req #001903)	https://zapply.jobs/l/d/workday-wf-wellsfargojobs-R-576273?s=gh-new-grad-jobs-2027	dropped	DROP:no-target-role-match	2026-09-19	2026-09-19	1	
zapply.jobs/l/d/workday-freddiemac-external-jr17638	Freddie Mac	Multifamily Multifamily Graduate Intern - Quantitative - Summer 2027	https://zapply.jobs/l/d/workday-freddiemac-external-JR17638?s=gh-new-grad-jobs-2027	dropped	DROP:intern-coop-phd	2026-09-19	2026-09-19	1	
zapply.jobs/l/d/workday-peak6group-apexfintechsolutions-jr105178	Apex Fintech Solutions	Business Analyst (GSD)	https://zapply.jobs/l/d/workday-peak6group-apexfintechsolutions-JR105178?s=gh-new-grad-jobs-2027	dropped	DROP:no-target-role-match	2026-09-19	2026-09-19	1	
zapply.jobs/l/d/workday-quickenloans-rocket-careers-r-084664	Rocket Companies	Data Engineer II	https://zapply.jobs/l/d/workday-quickenloans-rocket-careers-R-084664?s=gh-new-grad-jobs-2027	dropped	DROP:no-target-role-match	2026-09-19	2026-09-19	1	
zapply.jobs/l/d/workday-fis-searchjobs-jr0309689	FIS	Data Analytics and AI, FIS University Program	https://zapply.jobs/l/d/workday-fis-searchjobs-JR0309689?s=gh-new-grad-jobs-2027	dropped	DROP:no-target-role-match	2026-09-19	2026-09-19	1	
zapply.jobs/l/d/workday-fis-searchjobs-jr0309690	FIS	Intern, Data Analytics and AI, FIS University Program	https://zapply.jobs/l/d/workday-fis-searchjobs-JR0309690?s=gh-new-grad-jobs-2027	dropped	DROP:intern-coop-phd	2026-09-19	2026-09-19	1	
zapply.jobs/l/d/workday-pnc-external-r235611	PNC Financial Services	Quantitative Analytics & Model Development Analyst Sr	https://zapply.jobs/l/d/workday-pnc-external-R235611?s=gh-new-grad-jobs-2027	dropped	DROP:no-target-role-match	2026-09-19	2026-09-19	1	
zapply.jobs/l/d/workday-kiongroup-kiongroup-jr-0095913	KION Group	Business Analyst	https://zapply.jobs/l/d/workday-kiongroup-kiongroup-JR-0095913?s=gh-new-grad-jobs-2027	dropped	DROP:no-target-role-match	2026-09-19	2026-09-19	1	
zapply.jobs/l/d/workday-tel-tel-careers-r26-01506	TEL	Research Scientist, Simulation Summer 2027 Intern	https://zapply.jobs/l/d/workday-tel-tel-careers-R26-01506?s=gh-new-grad-jobs-2027	dropped	DROP:intern-coop-phd	2026-09-19	2026-09-19	1	
zapply.jobs/l/d/workday-tel-tel-careers-r26-01498	TEL	Data Platforms Engineer Summer 2027 Intern	https://zapply.jobs/l/d/workday-tel-tel-careers-R26-01498?s=gh-new-grad-jobs-2027	dropped	DROP:intern-coop-phd	2026-09-19	2026-09-19	1	
zapply.jobs/l/d/workday-tel-tel-careers-r26-01559	TEL	Research Scientist, Multiscale Modeling Summer 2027 Intern	https://zapply.jobs/l/d/workday-tel-tel-careers-R26-01559?s=gh-new-grad-jobs-2027	dropped	DROP:intern-coop-phd	2026-09-19	2026-09-19	1	
zapply.jobs/l/d/workday-groundswell-groundswell-jr101093	Groundswell	Applied Data Scientist, AI Data Platforms	https://zapply.jobs/l/d/workday-groundswell-groundswell-JR101093?s=gh-new-grad-jobs-2027	dropped	DROP:no-target-role-match	2026-09-19	2026-09-19	1	
zapply.jobs/l/d/workday-generalmotors-careers-gm-jr-202618536	General Motors	Data Scientist – Employee Research	https://zapply.jobs/l/d/workday-generalmotors-careers-gm-JR-202618536?s=gh-new-grad-jobs-2027	dropped	DROP:no-target-role-match	2026-09-19	2026-09-19	1	
zapply.jobs/l/d/workday-statestreet-global-r-798043	State Street	Investment Business Analyst, Officer, State Street Investment Management	https://zapply.jobs/l/d/workday-statestreet-global-R-798043?s=gh-new-grad-jobs-2027	dropped	DROP:no-target-role-match	2026-09-19	2026-09-19	1	
zapply.jobs/l/d/workday-cibc-search-2613362	CIBC	Databricks Data Engineer, Risk Technology	https://zapply.jobs/l/d/workday-cibc-search-2613362?s=gh-new-grad-jobs-2027	dropped	DROP:no-target-role-match	2026-09-19	2026-09-19	1	
zapply.jobs/l/d/workday-aes-aes-us-r1064986	AES Corporation	Quantitative Risk Analyst, Global Portfolio Risk Analytics	https://zapply.jobs/l/d/workday-aes-aes-us-R1064986?s=gh-new-grad-jobs-2027	dropped	DROP:no-target-role-match	2026-09-19	2026-09-19	1	
zapply.jobs/l/d/workday-statestreet-global-r-792375	State Street	Artificial Intelligence & Machine Learning, Off (US Only)	https://zapply.jobs/l/d/workday-statestreet-global-R-792375?s=gh-new-grad-jobs-2027	dropped	DROP:no-target-role-match	2026-09-19	2026-09-19	1	
zapply.jobs/l/d/workday-statestreet-global-r-790399	State Street	IT Business Analyst, Assistant Vice President	https://zapply.jobs/l/d/workday-statestreet-global-R-790399?s=gh-new-grad-jobs-2027	dropped	DROP:no-target-role-match	2026-09-19	2026-09-19	1	
zapply.jobs/l/d/workday-modernatx-m-tx-r19737	Moderna	Scientist, CMC Quantitative Sciences	https://zapply.jobs/l/d/workday-modernatx-m-tx-R19737?s=gh-new-grad-jobs-2027	dropped	DROP:no-target-role-match	2026-09-19	2026-09-19	1	
zapply.jobs/l/d/workday-gaig-gaig-external-r9576	National Interstate Insurance	Catastrophe Modeling & Data Analytics Intern (Spring 2027)	https://zapply.jobs/l/d/workday-gaig-gaig-external-R9576?s=gh-new-grad-jobs-2027	dropped	DROP:intern-coop-phd	2026-09-19	2026-09-19	1	
zapply.jobs/l/d/workday-avisbudget-abg-careers-r0190389	Avis Budget Group	Accelerate - Data Analytics Intern Summer 2027	https://zapply.jobs/l/d/workday-avisbudget-abg-careers-R0190389?s=gh-new-grad-jobs-2027	dropped	DROP:intern-coop-phd	2026-09-19	2026-09-19	1	
zapply.jobs/l/d/workday-generac-external-jr17001	Generac	Data Science Intern - Summer 2027	https://zapply.jobs/l/d/workday-generac-external-JR17001?s=gh-new-grad-jobs-2027	dropped	DROP:intern-coop-phd	2026-09-19	2026-09-19	1	
zapply.jobs/l/d/workday-clarios-clarioscareers-wd50211	Clarios	Data Science Intern (Summer 2027)	https://zapply.jobs/l/d/workday-clarios-clarioscareers-WD50211?s=gh-new-grad-jobs-2027	dropped	DROP:intern-coop-phd	2026-09-19	2026-09-19	1	
zapply.jobs/l/d/workday-ngc-northrop-grumman-external-site-r10247717	Northrop Grumman	Manager Data Analytics 2	https://zapply.jobs/l/d/workday-ngc-northrop-grumman-external-site-R10247717?s=gh-new-grad-jobs-2027	dropped	DROP:no-target-role-match	2026-09-19	2026-09-19	1	
zapply.jobs/l/d/workday-baxter-baxter-jr-207288	Baxter International	Research Scientist I	https://zapply.jobs/l/d/workday-baxter-baxter-JR-207288?s=gh-new-grad-jobs-2027	dropped	DROP:no-target-role-match	2026-09-19	2026-09-19	1	
zapply.jobs/l/d/workday-utaustin-utstaff-r_00048795	University of Texas at Austin	Research Engineering/ Scientist Associate II, Nuclear Engineering Teaching Lab in Cockrell...	https://zapply.jobs/l/d/workday-utaustin-utstaff-R_00048795?s=gh-new-grad-jobs-2027	dropped	DROP:no-target-role-match	2026-09-19	2026-09-19	1	
zapply.jobs/l/d/workday-utaustin-utstaff-r_00048612	University of Texas at Austin	Research Engineering/Scientist Associate III	https://zapply.jobs/l/d/workday-utaustin-utstaff-R_00048612?s=gh-new-grad-jobs-2027	dropped	DROP:no-target-role-match	2026-09-19	2026-09-19	1	
zapply.jobs/l/d/workday-visa-visa-ref088578w	Visa	Staff Research Scientist, Intern - PhD Quantum	https://zapply.jobs/l/d/workday-visa-visa-REF088578W?s=gh-new-grad-jobs-2027	dropped	DROP:intern-coop-phd	2026-09-19	2026-09-19	1	
zapply.jobs/l/d/workday-pru-careers-r-125032	Prudential Financial	Specialist, Network Security Analyst	https://zapply.jobs/l/d/workday-pru-careers-R-125032?s=gh-new-grad-jobs-2027	dropped	DROP:no-target-role-match	2026-09-19	2026-09-19	1	
zapply.jobs/l/d/workday-guidehouse-external-44625	Guidehouse	Cybersecurity Consultant	https://zapply.jobs/l/d/workday-guidehouse-external-44625?s=gh-new-grad-jobs-2027	dropped	DROP:no-target-role-match	2026-09-19	2026-09-19	1	
zapply.jobs/l/d/workday-elevancehealth-ant-jr200597	Elevance Health	CyberArk EPM Operations Security Analyst III	https://zapply.jobs/l/d/workday-elevancehealth-ant-JR200597?s=gh-new-grad-jobs-2027	dropped	DROP:no-target-role-match	2026-09-19	2026-09-19	1	
zapply.jobs/l/d/workday-fis-searchjobs-jr0309680	FIS	Intern, Risk and Cybersecurity, FIS University Program	https://zapply.jobs/l/d/workday-fis-searchjobs-JR0309680?s=gh-new-grad-jobs-2027	dropped	DROP:intern-coop-phd	2026-09-19	2026-09-19	1	
zapply.jobs/l/d/workday-fis-searchjobs-jr0309682	FIS	Risk and Cybersecurity, FIS University Program	https://zapply.jobs/l/d/workday-fis-searchjobs-JR0309682?s=gh-new-grad-jobs-2027	dropped	DROP:no-target-role-match	2026-09-19	2026-09-19	1	
zapply.jobs/l/d/workday-pnc-external-r236119	PNC Financial Services	Security Engineer - Cloud Security Controls	https://zapply.jobs/l/d/workday-pnc-external-R236119?s=gh-new-grad-jobs-2027	dropped	DROP:no-target-role-match	2026-09-19	2026-09-19	1	
zapply.jobs/l/d/workday-pnc-external-r219826	PNC Financial Services	Security Analyst: Forensic Investigations	https://zapply.jobs/l/d/workday-pnc-external-R219826?s=gh-new-grad-jobs-2027	dropped	DROP:no-target-role-match	2026-09-19	2026-09-19	1	
zapply.jobs/l/d/workday-caci-external-332293	CACI	Cyber Security Engineer - NSS Tools	https://zapply.jobs/l/d/workday-caci-external-332293?s=gh-new-grad-jobs-2027	dropped	DROP:no-target-role-match	2026-09-19	2026-09-19	1	
zapply.jobs/l/d/workday-caci-external-332268	CACI	Cyber Security Analyst, ISSM	https://zapply.jobs/l/d/workday-caci-external-332268?s=gh-new-grad-jobs-2027	dropped	DROP:no-target-role-match	2026-09-19	2026-09-19	1	
zapply.jobs/l/d/workday-caci-external-332261	CACI	Cybersecurity Engineer	https://zapply.jobs/l/d/workday-caci-external-332261?s=gh-new-grad-jobs-2027	dropped	DROP:no-target-role-match	2026-09-19	2026-09-19	1	
zapply.jobs/l/d/workday-bah-bah-jobs-r0248145	Booz Allen Hamilton	Cybersecurity Test Engineer, Junior	https://zapply.jobs/l/d/workday-bah-bah-jobs-R0248145?s=gh-new-grad-jobs-2027	dropped	DROP:no-target-role-match	2026-09-19	2026-09-19	1	
zapply.jobs/l/d/workday-ngc-northrop-grumman-external-site-r10251390	Northrop Grumman	Industrial Security Analyst - Level 4	https://zapply.jobs/l/d/workday-ngc-northrop-grumman-external-site-R10251390?s=gh-new-grad-jobs-2027	dropped	DROP:no-target-role-match	2026-09-19	2026-09-19	1	
zapply.jobs/l/d/sr-wellmarkinc-744000150269748	Wellmark, Inc.	Security Analyst Internship	https://zapply.jobs/l/d/sr-WellmarkInc-744000150269748?s=gh-new-grad-jobs-2027	dropped	DROP:intern-coop-phd	2026-09-19	2026-09-19	1	
zapply.jobs/l/d/workday-gdit-external-career-site-rq220108	GDIT	Cyber Security Project Engineer - TS/SCI w/Polygraph	https://zapply.jobs/l/d/workday-gdit-external-career-site-RQ220108?s=gh-new-grad-jobs-2027	dropped	DROP:no-target-role-match	2026-09-19	2026-09-19	1	
zapply.jobs/l/d/amazon-1a97cba3-eb8d-4ab7-8719-9f8877eb3040	Amazon.com Services LLC	Security Engineer II, Ads Security	https://zapply.jobs/l/d/amazon-1a97cba3-eb8d-4ab7-8719-9f8877eb3040?s=gh-new-grad-jobs-2027	dropped	DROP:no-target-role-match	2026-09-19	2026-09-19	1	
zapply.jobs/l/d/greenhouse-figureai-4714390006	Figure AI	Security Engineer, Enterprise Security	https://zapply.jobs/l/d/greenhouse-figureai-4714390006?s=gh-new-grad-jobs-2027	dropped	DROP:no-target-role-match	2026-09-19	2026-09-19	1	
zapply.jobs/l/d/greenhouse-figureai-4714381006	Figure AI	Security Engineer - Infrastructure Security	https://zapply.jobs/l/d/greenhouse-figureai-4714381006?s=gh-new-grad-jobs-2027	dropped	DROP:no-target-role-match	2026-09-19	2026-09-19	1	
zapply.jobs/l/d/greenhouse-launchdarkly-7998757003	LaunchDarkly	Product Security Engineer	https://zapply.jobs/l/d/greenhouse-launchdarkly-7998757003?s=gh-new-grad-jobs-2027	dropped	DROP:no-target-role-match	2026-09-19	2026-09-19	1	
zapply.jobs/l/d/workday-pae-amentum-careers-r0170950	Amentum	Job Posting Title Junior Naval Systems Security Engineer	https://zapply.jobs/l/d/workday-pae-amentum-careers-R0170950?s=gh-new-grad-jobs-2027	dropped	DROP:no-target-role-match	2026-09-19	2026-09-19	1	
zapply.jobs/l/d/workday-leidos-external-r-00192322	Leidos	Vulnerability Analysis Subject Matter Expert (SME)	https://zapply.jobs/l/d/workday-leidos-external-R-00192322?s=gh-new-grad-jobs-2027	dropped	DROP:no-target-role-match	2026-09-19	2026-09-19	1	
zapply.jobs/l/d/workday-leidos-external-r-00192511	Leidos	Cyber Security Engineer	https://zapply.jobs/l/d/workday-leidos-external-R-00192511?s=gh-new-grad-jobs-2027	dropped	DROP:no-target-role-match	2026-09-19	2026-09-19	1	
zapply.jobs/l/d/greenhouse-trace3-8212306	Trace3	Cybersecurity Engineer III	https://zapply.jobs/l/d/greenhouse-trace3-8212306?s=gh-new-grad-jobs-2027	dropped	DROP:no-target-role-match	2026-09-19	2026-09-19	1	
zapply.jobs/l/d/ashby-apex-technology-inc-8baf633d-8e83-4ef1-9d3c-0f52fd1b6540	Apex Technology	Mission Security Engineer	https://zapply.jobs/l/d/ashby-apex-technology-inc-8baf633d-8e83-4ef1-9d3c-0f52fd1b6540?s=gh-new-grad-jobs-2027	dropped	DROP:no-target-role-match	2026-09-19	2026-09-19	1	
zapply.jobs/l/d/ashby-cerebras-84a9df6b-fe96-4711-8106-971d829b6dc2	Cerebras Systems	Network Security Engineer (Remote)	https://zapply.jobs/l/d/ashby-cerebras-84a9df6b-fe96-4711-8106-971d829b6dc2?s=gh-new-grad-jobs-2027	dropped	DROP:no-target-role-match	2026-09-19	2026-09-19	1	
zapply.jobs/l/d/sr-intuitive-744000150210807	Intuitive	Information Security Engineer	https://zapply.jobs/l/d/sr-Intuitive-744000150210807?s=gh-new-grad-jobs-2027	dropped	DROP:no-target-role-match	2026-09-19	2026-09-19	1	
zapply.jobs/l/d/greenhouse-purestorage-8211966	Pure Storage	Associate Security Engineer	https://zapply.jobs/l/d/greenhouse-purestorage-8211966?s=gh-new-grad-jobs-2027	dropped	DROP:no-target-role-match	2026-09-19	2026-09-19	1	
zapply.jobs/l/d/workday-guidehouse-external-44337	Guidehouse	AI/ML Data Scientist	https://zapply.jobs/l/d/workday-guidehouse-external-44337?s=gh-new-grad-data-science-jobs-2027	dropped	DROP:no-target-role-match	2026-09-19	2026-09-19	1	
zapply.jobs/l/d/workday-bah-bah-jobs-r0249703	Booz Allen Hamilton	Data Scientist	https://zapply.jobs/l/d/workday-bah-bah-jobs-R0249703?s=gh-new-grad-data-science-jobs-2027	dropped	DROP:no-target-role-match	2026-09-19	2026-09-19	1	
zapply.jobs/l/d/workday-bah-bah-jobs-r0247418	Booz Allen Hamilton	Data Scientist, Junior	https://zapply.jobs/l/d/workday-bah-bah-jobs-R0247418?s=gh-new-grad-data-science-jobs-2027	dropped	DROP:no-target-role-match	2026-09-19	2026-09-19	1	
zapply.jobs/l/d/workday-visa-visa-ref088582w	Visa	Staff Research Scientist, Intern - PhD Agentic AI	https://zapply.jobs/l/d/workday-visa-visa-REF088582W?s=gh-new-grad-data-science-jobs-2027	dropped	DROP:intern-coop-phd	2026-09-19	2026-09-19	1	
zapply.jobs/l/d/workday-visa-visa-ref088579w	Visa	Staff Research Scientist, Intern - PhD Foundational AI	https://zapply.jobs/l/d/workday-visa-visa-REF088579W?s=gh-new-grad-data-science-jobs-2027	dropped	DROP:intern-coop-phd	2026-09-19	2026-09-19	1	
zapply.jobs/l/d/workday-cat-caterpillarcareers-r0000394255	Caterpillar	Data Scientist I, Cat Digital	https://zapply.jobs/l/d/workday-cat-caterpillarcareers-R0000394255?s=gh-new-grad-data-science-jobs-2027	dropped	DROP:no-target-role-match	2026-09-19	2026-09-19	1	
zapply.jobs/l/d/workday-cat-caterpillarcareers-r0000394837	Caterpillar	Data Scientist	https://zapply.jobs/l/d/workday-cat-caterpillarcareers-R0000394837?s=gh-new-grad-data-science-jobs-2027	dropped	DROP:no-target-role-match	2026-09-19	2026-09-19	1	
zapply.jobs/l/d/amazon-ae1faa2c-e8f8-4965-a27c-2d7ad9f01746	Amazon Development Center U.S., Inc.	Software Development Engineer, AWS Analytics Engineering	https://zapply.jobs/l/d/amazon-ae1faa2c-e8f8-4965-a27c-2d7ad9f01746?s=gh-new-grad-data-science-jobs-2027	dropped	DROP:no-target-role-match	2026-09-19	2026-09-19	1	
zapply.jobs/l/d/amazon-9176f5e2-5d31-461c-ac45-614d6be6cae6	Amazon Kuiper Manufacturing Enterprises LLC	Software Development Engineer, Leo Data Science Platform	https://zapply.jobs/l/d/amazon-9176f5e2-5d31-461c-ac45-614d6be6cae6?s=gh-new-grad-data-science-jobs-2027	dropped	DROP:no-target-role-match	2026-09-19	2026-09-19	1	
zapply.jobs/l/d/amazon-740d1b29-882a-4a22-82bf-afd2966187f9	Amazon Web Services, Inc.	Applied Scientist, AWS Infrastructure Services Science	https://zapply.jobs/l/d/amazon-740d1b29-882a-4a22-82bf-afd2966187f9?s=gh-new-grad-data-science-jobs-2027	dropped	DROP:no-target-role-match	2026-09-19	2026-09-19	1	
zapply.jobs/l/d/amazon-e443669d-0d43-4852-afa9-00a32161b8f7	Amazon.com Services LLC	Applied Scientist, Modeling and Optimization, Modeling and Optimization	https://zapply.jobs/l/d/amazon-e443669d-0d43-4852-afa9-00a32161b8f7?s=gh-new-grad-data-science-jobs-2027	dropped	DROP:no-target-role-match	2026-09-19	2026-09-19	1	
zapply.jobs/l/d/qualcomm-3096875	Qualcomm	Machine Learning Engineer - Generative AI	https://zapply.jobs/l/d/qualcomm-3096875?s=gh-new-grad-data-science-jobs-2027	dropped	DROP:no-target-role-match	2026-09-19	2026-09-19	1	
zapply.jobs/l/d/sr-abbvie-3743990015355176	AbbVie	Associate, Data Sciences II	https://zapply.jobs/l/d/sr-AbbVie-3743990015355176?s=gh-new-grad-data-science-jobs-2027	dropped	DROP:no-target-role-match	2026-09-19	2026-09-19	1	
zapply.jobs/l/d/greenhouse-purestorage-8209527	Pure Storage	Machine Learning Engineer, Digital Experience	https://zapply.jobs/l/d/greenhouse-purestorage-8209527?s=gh-new-grad-data-science-jobs-2027	dropped	DROP:no-target-role-match	2026-09-19	2026-09-19	1	
zapply.jobs/l/d/workday-kla-search-2641129	KLA	Data Scientist - Palantir Developer	https://zapply.jobs/l/d/workday-kla-search-2641129?s=gh-new-grad-data-science-jobs-2027	dropped	DROP:no-target-role-match	2026-09-19	2026-09-19	1	
zapply.jobs/l/d/sr-linkedin3-744000150161419	LinkedIn	People Analytics Engineer	https://zapply.jobs/l/d/sr-LinkedIn3-744000150161419?s=gh-new-grad-data-science-jobs-2027	dropped	DROP:no-target-role-match	2026-09-19	2026-09-19	1	
zapply.jobs/l/d/workday-relx-relx-r118614	RELX	Legal Content Analyst (Labor and Employment)	https://zapply.jobs/l/d/workday-relx-relx-R118614?s=gh-new-grad-data-science-jobs-2027	dropped	DROP:no-target-role-match	2026-09-19	2026-09-19	1	
zapply.jobs/l/d/workday-pnc-external-r224490	PNC Financial Services	Business Analytics Consultant - Regulatory Reporting System Support	https://zapply.jobs/l/d/workday-pnc-external-R224490?s=gh-new-grad-data-science-jobs-2027	dropped	DROP:no-target-role-match	2026-09-19	2026-09-19	1	
zapply.jobs/l/d/workday-caci-external-330304	CACI	Operations Research System Analyst (ORSA)	https://zapply.jobs/l/d/workday-caci-external-330304?s=gh-new-grad-data-science-jobs-2027	dropped	DROP:no-target-role-match	2026-09-19	2026-09-19	1	
zapply.jobs/l/d/workday-tel-tel-careers-r26-01504	TEL	Business Intelligence Analyst Summer 2027 Intern	https://zapply.jobs/l/d/workday-tel-tel-careers-R26-01504?s=gh-new-grad-data-science-jobs-2027	dropped	DROP:intern-coop-phd	2026-09-19	2026-09-19	1	
zapply.jobs/l/d/workday-bdx-external-career-site-usa-r-552562	Becton Dickinson	Bioinformatics Specialist	https://zapply.jobs/l/d/workday-bdx-external-career-site-usa-R-552562?s=gh-new-grad-data-science-jobs-2027	dropped	DROP:no-target-role-match	2026-09-19	2026-09-19	1	
zapply.jobs/l/d/workday-kbr-kbr-careers-r2130078	KBR	Space Intelligence Analyst	https://zapply.jobs/l/d/workday-kbr-kbr-careers-R2130078?s=gh-new-grad-data-science-jobs-2027	dropped	DROP:no-target-role-match	2026-09-19	2026-09-19	1	
zapply.jobs/l/d/workday-kbr-kbr-careers-r2130082	KBR	Intelligence Analyst	https://zapply.jobs/l/d/workday-kbr-kbr-careers-R2130082?s=gh-new-grad-data-science-jobs-2027	dropped	DROP:no-target-role-match	2026-09-19	2026-09-19	1	
zapply.jobs/l/d/workday-blueorigin-blueorigin-r71153	Blue Origin	Financial Analyst II - New Glenn FP&A	https://zapply.jobs/l/d/workday-blueorigin-blueorigin-R71153?s=gh-new-grad-data-science-jobs-2027	dropped	DROP:no-target-role-match	2026-09-19	2026-09-19	1	
zapply.jobs/l/d/workday-cisco-cisco-careers-2024561	Cisco	Data Analyst I (Intern) - United States	https://zapply.jobs/l/d/workday-cisco-cisco-careers-2024561?s=gh-new-grad-data-science-jobs-2027	dropped	DROP:intern-coop-phd	2026-09-19	2026-09-19	1	
zapply.jobs/l/d/workday-jj-jj-r-098020	Johnson & Johnson	Data Analytics & Dashboard Developer - JJMT Electrophysiology	https://zapply.jobs/l/d/workday-jj-jj-R-098020?s=gh-new-grad-data-science-jobs-2027	dropped	DROP:no-target-role-match	2026-09-19	2026-09-19	1	
zapply.jobs/l/d/amazon-7b4cd567-a4da-4fd0-a5ed-505ef3e67c3d	Amazon.com Services LLC	Data Engineer, Marketing Tech BI, Stores Finance Analytics & Insights	https://zapply.jobs/l/d/amazon-7b4cd567-a4da-4fd0-a5ed-505ef3e67c3d?s=gh-new-grad-data-science-jobs-2027	dropped	DROP:no-target-role-match	2026-09-19	2026-09-19	1	
zapply.jobs/l/d/amazon-b824ac5e-731e-4a9d-b90b-d2472a290bb0	Amazon.com Services LLC	Applied Science Manager - Perception, Amazon Robotics	https://zapply.jobs/l/d/amazon-b824ac5e-731e-4a9d-b90b-d2472a290bb0?s=gh-new-grad-data-science-jobs-2027	dropped	DROP:no-target-role-match	2026-09-19	2026-09-19	1	
zapply.jobs/l/d/workday-capitalone-capital-one-r1000962	Capital One	Business Manager, Marketing, Analytics & Product Strategy	https://zapply.jobs/l/d/workday-capitalone-capital-one-R1000962?s=gh-new-grad-data-science-jobs-2027	dropped	DROP:no-target-role-match	2026-09-19	2026-09-19	1	
zapply.jobs/l/d/workday-pae-amentum-careers-r0161907	Amentum	Program Analyst & Data Analytics Coordinator	https://zapply.jobs/l/d/workday-pae-amentum-careers-R0161907?s=gh-new-grad-data-science-jobs-2027	dropped	DROP:no-target-role-match	2026-09-19	2026-09-19	1	
zapply.jobs/l/d/greenhouse-drweng-8189730	DRW	Data Analyst, Stewardship	https://zapply.jobs/l/d/greenhouse-drweng-8189730?s=gh-new-grad-data-science-jobs-2027	dropped	DROP:no-target-role-match	2026-09-19	2026-09-19	1	
zapply.jobs/l/d/lever-veeva-ba79f7a5-3f93-47e2-a531-5ed06049b6f3	Veeva Systems	AI Solution Analyst	https://zapply.jobs/l/d/lever-veeva-ba79f7a5-3f93-47e2-a531-5ed06049b6f3?s=gh-new-grad-data-science-jobs-2027	dropped	DROP:no-target-role-match	2026-09-19	2026-09-19	1	
zapply.jobs/l/d/workday-amat-external-r2628349	Applied Materials	Mgr, Business Intelligence Analyst	https://zapply.jobs/l/d/workday-amat-external-R2628349?s=gh-new-grad-data-science-jobs-2027	dropped	DROP:no-target-role-match	2026-09-19	2026-09-19	1	
zapply.jobs/l/d/greenhouse-squarepointcapital-8209423	Squarepoint Capital	Quantitative Researcher - Discretionary Oil	https://zapply.jobs/l/d/greenhouse-squarepointcapital-8209423?s=gh-new-grad-data-science-jobs-2027	dropped	DROP:no-target-role-match	2026-09-19	2026-09-19	1	
zapply.jobs/l/d/workday-wustl-external-jr97574	Wash U	Bioinformatics Research Analyst - Psychiatry	https://zapply.jobs/l/d/workday-wustl-external-JR97574?s=gh-new-grad-data-science-jobs-2027	dropped	DROP:no-target-role-match	2026-09-19	2026-09-19	1	
zapply.jobs/l/d/workday-guidehouse-external-44639	Guidehouse	Data Engineer & Automation Developer	https://zapply.jobs/l/d/workday-guidehouse-external-44639?s=gh-new-grad-data-science-jobs-2027	dropped	DROP:no-target-role-match	2026-09-19	2026-09-19	1	
zapply.jobs/l/d/workday-caci-external-332252	CACI	JIATF 401 Data Engineer	https://zapply.jobs/l/d/workday-caci-external-332252?s=gh-new-grad-data-science-jobs-2027	dropped	DROP:no-target-role-match	2026-09-19	2026-09-19	1	
zapply.jobs/l/d/workday-caci-external-332263	CACI	DAI Databricks Data Engineer	https://zapply.jobs/l/d/workday-caci-external-332263?s=gh-new-grad-data-science-jobs-2027	dropped	DROP:no-target-role-match	2026-09-19	2026-09-19	1	
zapply.jobs/l/d/workday-bah-bah-jobs-r0243381	Booz Allen Hamilton	Data Engineer	https://zapply.jobs/l/d/workday-bah-bah-jobs-R0243381?s=gh-new-grad-data-science-jobs-2027	dropped	DROP:no-target-role-match	2026-09-19	2026-09-19	1	
zapply.jobs/l/d/workday-kbr-kbr-careers-r2130080	KBR	Mid Level Software and Data Engineer	https://zapply.jobs/l/d/workday-kbr-kbr-careers-R2130080?s=gh-new-grad-data-science-jobs-2027	dropped	DROP:no-target-role-match	2026-09-19	2026-09-19	1	
zapply.jobs/l/d/amazon-1fc3ad04-4d2f-4bd6-8b02-8426d0490fd1	Amazon.com Services LLC	Data Engineer, Ring Agent Platforms	https://zapply.jobs/l/d/amazon-1fc3ad04-4d2f-4bd6-8b02-8426d0490fd1?s=gh-new-grad-data-science-jobs-2027	dropped	DROP:no-target-role-match	2026-09-19	2026-09-19	1	
zapply.jobs/l/d/amazon-451fa0ca-64b8-4a74-9021-20c2cac46f7c	Amazon.com Services LLC	Data Engineer III, Amazon Manufacturing Services (AMS)	https://zapply.jobs/l/d/amazon-451fa0ca-64b8-4a74-9021-20c2cac46f7c?s=gh-new-grad-data-science-jobs-2027	dropped	DROP:no-target-role-match	2026-09-19	2026-09-19	1	
zapply.jobs/l/d/amazon-a097786d-9d7c-4eff-8162-f1c78aa00cb7	Amazon.com Services LLC	Data Engineer II, WW Ops Finance S&A	https://zapply.jobs/l/d/amazon-a097786d-9d7c-4eff-8162-f1c78aa00cb7?s=gh-new-grad-data-science-jobs-2027	dropped	DROP:no-target-role-match	2026-09-19	2026-09-19	1	
zapply.jobs/l/d/apple-200684319	Apple	Data Engineer, (Data Products, Apple Ads)	https://zapply.jobs/l/d/apple-200684319?s=gh-new-grad-data-science-jobs-2027	dropped	DROP:no-target-role-match	2026-09-19	2026-09-19	1	
zapply.jobs/l/d/workday-guidehouse-external-44635	Guidehouse	PMO and Reporting Analyst	https://zapply.jobs/l/d/workday-guidehouse-external-44635?s=gh-new-grad-data-science-jobs-2027	dropped	DROP:no-target-role-match	2026-09-19	2026-09-19	1	
zapply.jobs/l/d/amazon-d0080553-0e53-431b-91be-55a9d9159278	Amazon Web Services, Inc.	Business Intelligence Engineer, Capacity Delivery Reliability	https://zapply.jobs/l/d/amazon-d0080553-0e53-431b-91be-55a9d9159278?s=gh-new-grad-data-science-jobs-2027	dropped	DROP:no-target-role-match	2026-09-19	2026-09-19	1	
zapply.jobs/l/d/workday-sysco-syscocareers-r261902	Sysco	Financial Systems and Reporting Analyst	https://zapply.jobs/l/d/workday-sysco-syscocareers-R261902?s=gh-new-grad-data-science-jobs-2027	dropped	DROP:no-target-role-match	2026-09-19	2026-09-19	1	
zapply.jobs/l/d/workday-bah-bah-jobs-r0247417	Booz Allen Hamilton	AI Engineer, Junior	https://zapply.jobs/l/d/workday-bah-bah-jobs-R0247417?s=gh-new-grad-data-science-jobs-2027	dropped	DROP:no-target-role-match	2026-09-19	2026-09-19	1	
zapply.jobs/l/d/workday-expedia-private-r-108774	Expedia Group	AI Engineer III	https://zapply.jobs/l/d/workday-expedia-private-R-108774?s=gh-new-grad-data-science-jobs-2027	dropped	DROP:no-target-role-match	2026-09-19	2026-09-19	1	
zapply.jobs/l/d/amazon-a54f93e5-6a15-483d-909f-3a12d2ff5ca3	Amazon.com Services LLC	Machine Learning Data Linguist, Alexa AI	https://zapply.jobs/l/d/amazon-a54f93e5-6a15-483d-909f-3a12d2ff5ca3?s=gh-new-grad-data-science-jobs-2027	dropped	DROP:no-target-role-match	2026-09-19	2026-09-19	1	
zapply.jobs/l/d/qualcomm-3095746	Qualcomm	Machine Learning & Artificial Intelligence Engineering Internship – Summer 2027	https://zapply.jobs/l/d/qualcomm-3095746?s=gh-new-grad-data-science-jobs-2027	dropped	DROP:intern-coop-phd	2026-09-19	2026-09-19	1	
zapply.jobs/l/d/sr-boschgroup-744000150217869	Bosch Group	AI Engineering Intern (October 2026 - August 2027)	https://zapply.jobs/l/d/sr-BoschGroup-744000150217869?s=gh-new-grad-data-science-jobs-2027	dropped	DROP:intern-coop-phd	2026-09-19	2026-09-19	1	
zapply.jobs/l/d/workday-verizon-verizon-careers-r-1100307	Verizon	AI Engineer — AI Platform Engineering	https://zapply.jobs/l/d/workday-verizon-verizon-careers-R-1100307?s=gh-new-grad-data-science-jobs-2027	dropped	DROP:no-target-role-match	2026-09-19	2026-09-19	1	
stripe.com/jobs/search?gh_jid=8212508	Stripe	Software Engineer - Early Career - Immediate Start	https://stripe.com/jobs/search?gh_jid=8212508	dropped	DROP:no-target-role-match	2026-09-19	2026-09-19	1	
stripe.com/jobs/search?gh_jid=8212517	Stripe	Software Engineer	https://stripe.com/jobs/search?gh_jid=8212517	dropped	DROP:non-target-country	2026-09-19	2026-09-19	1	
apply.workable.com/get-career-site/j/f5e119065e/apply	Global Engineering & Technology, Inc. (GET)	Analyst	https://apply.workable.com/get-career-site/j/F5E119065E/apply	dropped	DROP:no-target-role-match	2026-09-19	2026-09-19	1	
edel.fa.us2.oraclecloud.com/hcmui/candidateexperience/en/sites/cx_2001/job/24399	Fortinet	Software Development Engineer - Gui	https://edel.fa.us2.oraclecloud.com/hcmUI/CandidateExperience/en/sites/CX_2001/job/24399	dropped	DROP:no-target-role-match	2026-09-19	2026-09-19	1	
dutchbros.wd1.myworkdayjobs.com/en-us/dbshops/job/1208-e-park-st-hollister-ca-95023/broista---hollister--ca_req-20130	Dutch Bros	Broista	https://dutchbros.wd1.myworkdayjobs.com/en-US/DBShops/job/1208-E-Park-St-Hollister-CA-95023/Broista---Hollister--CA_REQ-20130	dropped	DROP:no-target-role-match	2026-09-19	2026-09-19	1	
aig.wd1.myworkdayjobs.com/aig/job/nc-charlotte/xmlname-2027-early-careers--analyst--data-office---united-states--charlotte--nc--jersey-city--parsippany--nj----new-york--ny_jr2603619-1	AIG	Data Office Analyst	https://aig.wd1.myworkdayjobs.com/aig/job/NC-Charlotte/XMLNAME-2027-Early-Careers--Analyst--Data-Office---United-States--Charlotte--NC--Jersey-City--Parsippany--NJ----New-York--NY_JR2603619-1	dropped	DROP:no-target-role-match	2026-09-19	2026-09-19	1	
micron.wd1.myworkdayjobs.com/external/job/folsom-ca/new-college-grad---memory-system-architect--hbm-generative-ai_jr111840	Micron Technology	Memory System Architect New Grad - HBM Generative AI	https://micron.wd1.myworkdayjobs.com/External/job/Folsom-CA/New-College-Grad---Memory-System-Architect--HBM-Generative-AI_JR111840	dropped	DROP:no-target-role-match	2026-09-19	2026-09-19	1	
aig.wd1.myworkdayjobs.com/aig/job/ga-atlanta/xmlname-2027-early-careers--analyst--gen-ai-data-engineering---united-states--atlanta--ga_jr2603744-1	AIG	Gen AI Engineering Analyst	https://aig.wd1.myworkdayjobs.com/aig/job/GA-Atlanta/XMLNAME-2027-Early-Careers--Analyst--Gen-AI-Data-Engineering---United-States--Atlanta--GA_JR2603744-1	dropped	DROP:no-target-role-match	2026-09-19	2026-09-19	1	
bah.wd1.myworkdayjobs.com/confidential/job/rome-ny/hardware-test-engineer_r0249841	Booz Allen	Hardware Test Engineer	https://bah.wd1.myworkdayjobs.com/Confidential/job/Rome-NY/Hardware-Test-Engineer_R0249841	dropped	DROP:no-target-role-match	2026-09-19	2026-09-19	1	
msiexpress.wd5.myworkdayjobs.com/msi_express_external_careers/job/rosendale-wi/batch-mixer-1st-shift_r-101861	MSI Express	Batch Mixer	https://msiexpress.wd5.myworkdayjobs.com/MSI_Express_External_Careers/job/Rosendale-WI/Batch-Mixer-1st-shift_R-101861	dropped	DROP:no-target-role-match	2026-09-19	2026-09-19	1	
amat.wd1.myworkdayjobs.com/external/job/santa-claraca/algorithm-developer-ii--e2-_r2628905	Applied Materials	Algorithm Developer 2	https://amat.wd1.myworkdayjobs.com/External/job/Santa-ClaraCA/Algorithm-Developer-II--E2-_R2628905	dropped	DROP:no-target-role-match	2026-09-19	2026-09-19	1	
oumedicine.wd5.myworkdayjobs.com/ouhealthcareers/job/oklahoma-city/web-specialist_r0068494	OU Health	Web Specialist	https://oumedicine.wd5.myworkdayjobs.com/OUHealthCareers/job/Oklahoma-City/Web-Specialist_R0068494	dropped	DROP:no-target-role-match	2026-09-19	2026-09-19	1	
wd5.myworkdaysite.com/recruiting/chewy/external/job/plantation-fl/category-analyst-new-graduate-program_r30772	Chewy	Category Analyst New Grad	https://wd5.myworkdaysite.com/recruiting/chewy/External/job/Plantation-FL/Category-Analyst-New-Graduate-Program_R30772	dropped	DROP:no-target-role-match	2026-09-19	2026-09-19	1	
dexcom.wd1.myworkdayjobs.com/dexcom/job/san-diego-california/systems-design---test-engineer-1_jr121256	Dexcom	Systems Design & Test Engineer	https://dexcom.wd1.myworkdayjobs.com/Dexcom/job/San-Diego-California/Systems-Design---Test-Engineer-1_JR121256	dropped	DROP:no-target-role-match	2026-09-19	2026-09-19	1	
moog.wd5.myworkdayjobs.com/moog_external_career_site/job/buffalo-ny/associate-electrical-design-engineer_r-26-20194	Moog	Associate Electrical Design Engineer - Actuation Systems	https://moog.wd5.myworkdayjobs.com/moog_external_career_site/job/Buffalo-NY/Associate-Electrical-Design-Engineer_R-26-20194	dropped	DROP:no-target-role-match	2026-09-19	2026-09-19	1	
walmart.wd504.myworkdayjobs.com/walmartexternal/job/bentonville-ar/senior-product-manager---ai-product---design---rotational-program_r-2651034	Walmart	Senior Product Manager - AI Product & Design - Rotational Program	https://walmart.wd504.myworkdayjobs.com/WalmartExternal/job/Bentonville-AR/Senior-Product-Manager---AI-Product---Design---Rotational-Program_R-2651034	dropped	DROP:outside-target-metro	2026-09-19	2026-09-19	1	
aep.wd1.myworkdayjobs.com/aepcareersite/job/san-angelo-tx/tfs-asset-analyst-assc_r18984	American Electric Power	TFS Asset Analyst Associate	https://aep.wd1.myworkdayjobs.com/AEPCareerSite/job/San-Angelo-TX/TFS-Asset-Analyst-Assc_R18984	dropped	DROP:no-target-role-match	2026-09-19	2026-09-19	1	
utaustin.wd1.myworkdayjobs.com/utstudent/job/austin-tx/senior-student-consultant_r_00048933	University of Texas at Austin	Senior Student Consultant	https://utaustin.wd1.myworkdayjobs.com/utstudent/job/AUSTIN-TX/Senior-Student-Consultant_R_00048933	dropped	DROP:intern-coop-phd	2026-09-19	2026-09-19	1	
graco.wd501.myworkdayjobs.com/graco_careers/job/rogers-minnesota-usa-david-koch-center/associate-electrical-engineer_r0023659	Graco	Associate Electrical Engineer	https://graco.wd501.myworkdayjobs.com/Graco_Careers/job/Rogers-Minnesota-USA-David-Koch-Center/Associate-Electrical-Engineer_R0023659	dropped	DROP:no-target-role-match	2026-09-19	2026-09-19	1	
sbdinc.wd1.myworkdayjobs.com/en-us/stanley_black_decker_career_site/job/towson-md-united-states/engineer-i--electrical_req-1000051847	Stanley Black & Decker	Electrical Engineer 1 - Electrical Hardware	https://sbdinc.wd1.myworkdayjobs.com/en-US/Stanley_Black_Decker_Career_Site/job/Towson-MD-United-States/Engineer-I--Electrical_REQ-1000051847	dropped	DROP:no-target-role-match	2026-09-19	2026-09-19	1	
toyota.wd503.myworkdayjobs.com/tmna/job/plano-texas/software-engineer--early-career-professional-_10325071	Toyota	Software Engineer - Early Career Professional	https://toyota.wd503.myworkdayjobs.com/tmna/job/Plano-Texas/Software-Engineer--Early-Career-Professional-_10325071	dropped	DROP:no-target-role-match	2026-09-19	2026-09-19	1	
dxctechnology.wd1.myworkdayjobs.com/dxcjobs/job/usa---ct---any-city/analyst-i-software-engineering_51586934	DXC Technology	Analyst 1 Software Engineering	https://dxctechnology.wd1.myworkdayjobs.com/dxcjobs/job/USA---CT---ANY-CITY/Analyst-I-Software-Engineering_51586934	dropped	DROP:no-target-role-match	2026-09-19	2026-09-19	1	
aptiv.wd5.myworkdayjobs.com/aptiv_careers/job/can-kanata-2-on---wr/associate-cloud-engineer_j000703943	Aptiv	Associate Cloud Engineer	https://aptiv.wd5.myworkdayjobs.com/aptiv_careers/job/CAN-Kanata-2-ON---WR/Associate-Cloud-Engineer_J000703943	dropped	DROP:non-target-country	2026-09-19	2026-09-19	1	
asml.wd3.myworkdayjobs.com/asmlext1/job/san-diego-ca-usa/system-integration-and-test-engineer---2nd-shift_j-00352284	ASML	System Integration and Test Engineer	https://asml.wd3.myworkdayjobs.com/asmlext1/job/San-Diego-CA-USA/System-Integration-and-Test-Engineer---2nd-Shift_J-00352284	dropped	DROP:no-target-role-match	2026-09-19	2026-09-19	1	
nvidia.wd5.myworkdayjobs.com/nvidiaexternalcareersite/job/us-ca-santa-clara/research-scientist--networking-research---phd-new-college-grad-2026_jr2024900-1	NVIDIA	Research Scientist - Networking Research	https://nvidia.wd5.myworkdayjobs.com/NVIDIAExternalCareerSite/job/US-CA-Santa-Clara/Research-Scientist--Networking-Research---PhD-New-College-Grad-2026_JR2024900-1	dropped	DROP:no-target-role-match	2026-09-19	2026-09-19	1	
job-boards.greenhouse.io/perfectserve/jobs/6188374004	PerfectServe	Mobile Developer 1	https://job-boards.greenhouse.io/perfectserve/jobs/6188374004	dropped	DROP:no-target-role-match	2026-09-19	2026-09-19	1	
spacedynamicslaboratory.applytojob.com/apply/swudlzbedt/entrylevel-fpga-design-engineer	Space Dynamics Laboratory	FPGA Design Engineer	https://spacedynamicslaboratory.applytojob.com/apply/swUDlZbedT/EntryLevel-FPGA-Design-Engineer	dropped	DROP:no-target-role-match	2026-09-19	2026-09-19	1	
jobs.jobvite.com/metropolitantransportationauthority/job/of7mafws	Metropolitan Transportation Authority	Staff Analyst Trainee 1/2 - Operations Planning - Bus Schedules	https://jobs.jobvite.com/metropolitantransportationauthority/job/oF7MAfwS?nl=1&nl=1&fr=false	dropped	DROP:no-target-role-match	2026-09-19	2026-09-19	1	
careers-gdms.icims.com/jobs/75010/job	General Dynamics Mission Systems	ASIC FPGA Engineer	https://careers-gdms.icims.com/jobs/75010/job?mobile=true&needsRedirect=false	dropped	DROP:no-target-role-match	2026-09-19	2026-09-19	1	
careers-gdms.icims.com/jobs/75011/job	General Dynamics Mission Systems	Embedded Software Engineer	https://careers-gdms.icims.com/jobs/75011/job?mobile=true&needsRedirect=false	dropped	DROP:no-target-role-match	2026-09-19	2026-09-19	1	
jobs.ashbyhq.com/meow/56e3b840-11a0-4e98-baca-44e8e26b5218/application	Meow	Software Engineer New Grad	https://jobs.ashbyhq.com/meow/56e3b840-11a0-4e98-baca-44e8e26b5218/application?embed=true	dropped	DROP:no-target-role-match	2026-09-19	2026-09-19	1	
apply.workable.com/staffordgray/j/13a72a78a0/apply	Stafford Gray	Full Stack .NET Developer	https://apply.workable.com/staffordgray/j/13A72A78A0/apply	dropped	DROP:no-target-role-match	2026-09-19	2026-09-19	1	
jobs.ashbyhq.com/radiant-industries/1ec29cec-d18f-417d-adc6-31adda87c687/application	Radiant	Software Engineer New Grad	https://jobs.ashbyhq.com/radiant-industries/1ec29cec-d18f-417d-adc6-31adda87c687/application?embed=true	dropped	DROP:no-target-role-match	2026-09-19	2026-09-19	1	
badgermeter.wd5.myworkdayjobs.com/us_careersite/job/us---wi---milwaukee-hq/engineer-i--hydro-lab_4456	Badger Meter	Engineer 1 - Hydro Lab	https://badgermeter.wd5.myworkdayjobs.com/US_CareerSite/job/US---WI---Milwaukee-HQ/Engineer-I--Hydro-Lab_4456	dropped	DROP:no-target-role-match	2026-09-19	2026-09-19	1	
assaabloy.jobs2web.com/job/berlin-associate-engineer-ct-06037/1438188233	ASSA ABLOY	Associate Engineer	https://assaabloy.jobs2web.com/job/Berlin-Associate-Engineer-CT-06037/1438188233/?ats=successfactors	dropped	DROP:no-target-role-match	2026-09-19	2026-09-19	1	
globalhr.wd5.myworkdayjobs.com/rec_rtx_ext_gateway/job/us-ma-tewksbury-tb2--50-apple-hill-dr--sudbury-bldg-tewksbury-tb2-200-sudbury/test-solutions-northeast-test-development-engineer-i_01865268	RTX	Test Development Engineer 1 - Test Solutions	https://globalhr.wd5.myworkdayjobs.com/rec_rtx_ext_gateway/job/US-MA-TEWKSBURY-TB2--50-Apple-Hill-Dr--SUDBURY-BLDG-Tewksbury-Tb2-200-Sudbury/Test-Solutions-Northeast-Test-Development-Engineer-I_01865268	dropped	DROP:no-target-role-match	2026-09-19	2026-09-19	1	
fa-eowa-saasfaprod1.fa.ocs.oraclecloud.com/hcmui/candidateexperience/en/sites/csxcareers/job/54866	CSX	Technology Leadership Development Associate	https://fa-eowa-saasfaprod1.fa.ocs.oraclecloud.com/hcmUI/CandidateExperience/en/sites/CSXCareers/job/54866	dropped	DROP:no-target-role-match	2026-09-19	2026-09-19	1	
fa-enor-saasfaprod1.fa.ocs.oraclecloud.com/hcmui/candidateexperience/en/sites/cx/job/20839	Phoenix Group	Data Governance and Quality Analyst	https://fa-enor-saasfaprod1.fa.ocs.oraclecloud.com/hcmUI/CandidateExperience/en/sites/CX/job/20839	dropped	DROP:non-target-country	2026-09-19	2026-09-19	1	
uscareers2-asm.icims.com/jobs/441050/job	Advantage Solutions	Client Dedicated Coordinator	https://uscareers2-asm.icims.com/jobs/441050/job?mobile=true&needsRedirect=false	dropped	DROP:non-target-country	2026-09-19	2026-09-19	1	
careers.noblis.org/jobs/27847	Noblis	Software Developer - Multiple Levels - Cleared	https://careers.noblis.org/jobs/27847?icims=1	dropped	DROP:no-target-role-match	2026-09-19	2026-09-19	1	
careers.noblis.org/jobs/27849	Noblis	AI/ML Engineer - Multiple levels - Cleared	https://careers.noblis.org/jobs/27849?icims=1	dropped	DROP:no-target-role-match	2026-09-19	2026-09-19	1	
careers.noblis.org/jobs/27850	Noblis	Software Engineer	https://careers.noblis.org/jobs/27850?icims=1	dropped	DROP:no-target-role-match	2026-09-19	2026-09-19	1	
job-boards.eu.greenhouse.io/aisi/jobs/4386112101	AI Security Institute	Software Engineer - Core Technology	https://job-boards.eu.greenhouse.io/aisi/jobs/4386112101	dropped	DROP:non-target-country	2026-09-19	2026-09-19	1	
uk-med.org/vacancies?gh_jid=6197599004	UK-Med	Humanitarian Trainee - Monitoring, Evaluation, Accountability and Learning	https://www.uk-med.org/vacancies/?gh_jid=6197599004	dropped	DROP:no-target-role-match	2026-09-19	2026-09-19	1	
careersenus-itt-inc.icims.com/jobs/17629/job	ITT	Product Design Engineer - High Speed	https://careersenus-itt-inc.icims.com/jobs/17629/job?mobile=true&needsRedirect=false	dropped	DROP:no-target-role-match	2026-09-19	2026-09-19	1	
jobs.smartrecruiters.com/renesaselectronics/744000150054935	Renesas Electronics	Graduate Digital Design Engineer	https://jobs.smartrecruiters.com/RenesasElectronics/744000150054935	dropped	DROP:no-target-role-match	2026-09-19	2026-09-19	1	
job-boards.greenhouse.io/map/jobs/8816115002	VML	Associate Data Insights Consultant	https://job-boards.greenhouse.io/map/jobs/8816115002	dropped	DROP:no-target-role-match	2026-09-19	2026-09-19	1	
job-boards.greenhouse.io/map/jobs/8816124002	VML	Associate Data Engineer	https://job-boards.greenhouse.io/map/jobs/8816124002	dropped	DROP:no-target-role-match	2026-09-19	2026-09-19	1	
job-boards.eu.greenhouse.io/think-cell/jobs/4844701101	think-cell	C++ Developer	https://job-boards.eu.greenhouse.io/think-cell/jobs/4844701101	dropped	DROP:no-target-role-match	2026-09-19	2026-09-19	1	
job-boards.eu.greenhouse.io/prolificacademicltd/jobs/4978732101	Prolific	AI Trainer - Fluent Nepali Speakers	https://job-boards.eu.greenhouse.io/prolificacademicltd/jobs/4978732101	dropped	DROP:no-target-role-match	2026-09-19	2026-09-19	1	
jobs.ashbyhq.com/quantum/75dae293-00ca-4cb4-a546-680d78d3b022/application	Quantum	Graduate Business Analyst	https://jobs.ashbyhq.com/quantum/75dae293-00ca-4cb4-a546-680d78d3b022/application?embed=true	dropped	DROP:non-target-country	2026-09-19	2026-09-19	1	
careers-gdms.icims.com/jobs/74926/job	General Dynamics Mission Systems	Electrical Engineer	https://careers-gdms.icims.com/jobs/74926/job?mobile=true&needsRedirect=false	dropped	DROP:no-target-role-match	2026-09-19	2026-09-19	1	
job-boards.eu.greenhouse.io/prolificacademicltd/jobs/4891089101	Prolific	Gujarati Speaker - Freelance - AI Trainer	https://job-boards.eu.greenhouse.io/prolificacademicltd/jobs/4891089101	dropped	DROP:non-target-country	2026-09-19	2026-09-19	1	
job-boards.eu.greenhouse.io/prolificacademicltd/jobs/4891088101	Prolific	Gujarati Speaker	https://job-boards.eu.greenhouse.io/prolificacademicltd/jobs/4891088101	dropped	DROP:no-target-role-match	2026-09-19	2026-09-19	1	
job-boards.eu.greenhouse.io/prolificacademicltd/jobs/4853457101	Prolific	Computer Science Specialist - AI Training	https://job-boards.eu.greenhouse.io/prolificacademicltd/jobs/4853457101	dropped	DROP:no-target-role-match	2026-09-19	2026-09-19	1	
job-boards.eu.greenhouse.io/prolificacademicltd/jobs/4974797101	Prolific	AI Trainer - Bosnian	https://job-boards.eu.greenhouse.io/prolificacademicltd/jobs/4974797101	dropped	DROP:no-target-role-match	2026-09-19	2026-09-19	1	
job-boards.eu.greenhouse.io/prolificacademicltd/jobs/4895024101	Prolific	AI Trainer - Fluent Lithuanian Speaker	https://job-boards.eu.greenhouse.io/prolificacademicltd/jobs/4895024101	dropped	DROP:no-target-role-match	2026-09-19	2026-09-19	1	
job-boards.eu.greenhouse.io/prolificacademicltd/jobs/4848687101	Prolific	AI Trainer - Advanced Indonesian Fluency	https://job-boards.eu.greenhouse.io/prolificacademicltd/jobs/4848687101	dropped	DROP:no-target-role-match	2026-09-19	2026-09-19	1	
job-boards.eu.greenhouse.io/prolificacademicltd/jobs/4848668101	Prolific	AI Trainer	https://job-boards.eu.greenhouse.io/prolificacademicltd/jobs/4848668101	dropped	DROP:no-target-role-match	2026-09-19	2026-09-19	1	
jobs.smartrecruiters.com/alten/744000150043430	ALTEN Mexico	HIL Testing Engineer	https://jobs.smartrecruiters.com/ALTEN/744000150043430	dropped	DROP:no-target-role-match	2026-09-19	2026-09-19	1	
zapply.jobs/l/d/microsoft-200037984	Microsoft	Applied Science: PhD Microsoft AI Internship Opportunities	https://zapply.jobs/l/d/microsoft-200037984?s=gh-new-grad-data-science-jobs-2027	dropped	DROP:intern-coop-phd	2026-09-19	2026-09-19	1	
zapply.jobs/l/d/microsoft-200052449	Microsoft	Data Science: PhD Internship Opportunities - Redmond	https://zapply.jobs/l/d/microsoft-200052449?s=gh-new-grad-data-science-jobs-2027	dropped	DROP:intern-coop-phd	2026-09-19	2026-09-19	1	
citadel.com/careers/details/quantitative-researcher-post-doctoral-intern-us	Citadel	Quantitative Researcher - Post-Doctoral Intern - US	https://www.citadel.com/careers/details/quantitative-researcher-post-doctoral-intern-us/	dropped	DROP:intern-coop-phd	2026-09-19	2026-09-19	1	
citadelsecurities.com/careers/details/quantitative-researcher-post-doctoral-intern-us	Citadel Securities	Quantitative Researcher - Post-Doctoral Intern - US	https://www.citadelsecurities.com/careers/details/quantitative-researcher-post-doctoral-intern-us/	dropped	DROP:intern-coop-phd	2026-09-19	2026-09-19	1	
zapply.jobs/l/d/greenhouse-waymo-8202801	Waymo	2027 Summer Intern, MS/PhD, Machine Learning, Simulator Evaluation	https://zapply.jobs/l/d/greenhouse-waymo-8202801?s=gh-new-grad-data-science-jobs-2027	dropped	DROP:intern-coop-phd	2026-09-19	2026-09-19	1	
zapply.jobs/l/d/greenhouse-waymo-8202025	Waymo	2027 Summer Intern, PhD, Machine Learning, Computer Vision	https://zapply.jobs/l/d/greenhouse-waymo-8202025?s=gh-new-grad-data-science-jobs-2027	dropped	DROP:intern-coop-phd	2026-09-19	2026-09-19	1	
americancentury.wd5.myworkdayjobs.com/en-us/americancenturyinvestments/job/kansas-city-missouri/quantitative-research-intern_r0005728	American Century Investments	Quantitative Research Intern	https://americancentury.wd5.myworkdayjobs.com/en-US/americancenturyinvestments/job/Kansas-City-Missouri/Quantitative-Research-Intern_R0005728	dropped	DROP:intern-coop-phd	2026-09-19	2026-09-19	1	
barr.wd1.myworkdayjobs.com/en-us/barrcareers/job/minneapolis-mn/internship---data-science--remote-_r-102342	Barr	Internship - Data Science - Remote	https://barr.wd1.myworkdayjobs.com/en-US/barrcareers/job/Minneapolis-MN/Internship---Data-Science--Remote-_R-102342	dropped	DROP:intern-coop-phd	2026-09-19	2026-09-19	1	
zapply.jobs/l/d/ashby-gecko-robotics-c097505b-0a28-4a33-a917-268f463641e8	Gecko Robotics	AI/Machine Learning Engineering Intern	https://zapply.jobs/l/d/ashby-gecko-robotics-c097505b-0a28-4a33-a917-268f463641e8?s=gh-new-grad-data-science-jobs-2027	dropped	DROP:intern-coop-phd	2026-09-19	2026-09-19	1	
kimberlyclark.wd1.myworkdayjobs.com/en-us/global/job/usa-ga-atlanta/xmlname-2027-ai---project-management-co-op_887494	Kimberly-Clark	2027 AI & Project Management Co-Op	https://kimberlyclark.wd1.myworkdayjobs.com/en-US/global/job/USA-GA-Atlanta/XMLNAME-2027-AI---Project-Management-Co-Op_887494	dropped	DROP:intern-coop-phd	2026-09-19	2026-09-19	1	
relx.wd3.myworkdayjobs.com/en-us/lexisnexislegal/job/raleigh-nc/data-science-internship_r118691-1	LexisNexis	Data Science Internship	https://relx.wd3.myworkdayjobs.com/en-US/lexisnexislegal/job/Raleigh-NC/Data-Science-Internship_R118691-1	dropped	DROP:intern-coop-phd	2026-09-19	2026-09-19	1	
liveoakbancshares.wd1.myworkdayjobs.com/en-us/live_oak/job/wilmington-nc/summer-2027-intern--ai-enablement---forward-deployed-engineering_r-002624	Live Oak Bank	Summer 2027 Intern: AI Enablement & Forward-Deployed Engineering	https://liveoakbancshares.wd1.myworkdayjobs.com/en-US/live_oak/job/Wilmington-NC/Summer-2027-Intern--AI-Enablement---Forward-Deployed-Engineering_R-002624	dropped	DROP:intern-coop-phd	2026-09-19	2026-09-19	1	
oshkoshcorporation.wd5.myworkdayjobs.com/en-us/oshkosh/job/hagerstown-maryland-united-states/supply-chain-intern---data-analytics---ai_r49953-1	Oshkosh	Supply Chain Intern - Data Analytics & AI	https://oshkoshcorporation.wd5.myworkdayjobs.com/en-US/oshkosh/job/Hagerstown-Maryland-United-States/Supply-Chain-Intern---Data-Analytics---AI_R49953-1	dropped	DROP:intern-coop-phd	2026-09-19	2026-09-19	1	
apply.workable.com/securityriskadvisors/j/0c7a84f4d3	Security Risk Advisors	AI CyberOps Engineering Co-Op	https://apply.workable.com/securityriskadvisors/j/0C7A84F4D3/	dropped	DROP:intern-coop-phd	2026-09-19	2026-09-19	1	
tel.wd3.myworkdayjobs.com/en-us/tel-careers/job/chaska/decision-analysis---ai-summer-2027-intern_r26-01574	Tokyo Electron	Decision Analysis & AI Summer 2027 Intern	https://tel.wd3.myworkdayjobs.com/en-US/tel-careers/job/Chaska/Decision-Analysis---AI-Summer-2027-Intern_R26-01574	dropped	DROP:intern-coop-phd	2026-09-19	2026-09-19	1	
vermeer.wd5.myworkdayjobs.com/en-us/externalcareersite/job/pella-iowa-usa---corporate-office/it-data-engineer-intern_req-22171	Vermeer	IT Data Engineer Intern	https://vermeer.wd5.myworkdayjobs.com/en-US/externalcareersite/job/Pella-Iowa-USA---Corporate-Office/IT-Data-Engineer-Intern_REQ-22171	dropped	DROP:intern-coop-phd	2026-09-19	2026-09-19	1	
wellington.wd5.myworkdayjobs.com/en-us/external/job/boston-ma-united-states/trading-research---analytics-co-op_r94827-1	Wellington Management	Quantitative Trading Co-op	https://wellington.wd5.myworkdayjobs.com/en-US/external/job/Boston-MA-United-States/Trading-Research---Analytics-Co-Op_R94827-1	dropped	DROP:intern-coop-phd	2026-09-19	2026-09-19	1	
wellington.wd5.myworkdayjobs.com/en-us/external/job/boston-ma-united-states/portfolio-reference-data-analyst-co-op_r94829	Wellington Management	Portfolio Reference Data Analyst Co-op	https://wellington.wd5.myworkdayjobs.com/en-US/external/job/Boston-MA-United-States/Portfolio-Reference-Data-Analyst-Co-op_R94829	dropped	DROP:intern-coop-phd	2026-09-19	2026-09-19	1	
worldvision.wd1.myworkdayjobs.com/en-us/worldvisioninternational/job/home-working-united-states/emergency-communications-innovation-and-ai-intern_jr52605	World Vision	Emergency Communications Innovation and AI Intern	https://worldvision.wd1.myworkdayjobs.com/en-US/worldvisioninternational/job/Home-Working-United-States/Emergency-Communications-Innovation-and-AI-Intern_JR52605	dropped	DROP:intern-coop-phd	2026-09-19	2026-09-19	1	
worldvision.wd1.myworkdayjobs.com/en-us/worldvisioninternational/job/home-working-united-states/impact-data-analytics-intern_jr52640	World Vision	Impact Data Analytics Intern	https://worldvision.wd1.myworkdayjobs.com/en-US/worldvisioninternational/job/Home-Working-United-States/Impact-Data-Analytics-Intern_JR52640	dropped	DROP:intern-coop-phd	2026-09-19	2026-09-19	1	
zapply.jobs/l/d/workday-workday-workday-jr-0109828	Workday Inc	Cybersecurity Engineer	https://zapply.jobs/l/d/workday-workday-workday-JR-0109828?s=gh-new-grad-jobs-2027	dropped	DROP:no-target-role-match	2026-09-19	2026-09-19	1	
zapply.jobs/l/d/workday-boeing-external-careers-jr2026523936	Boeing	Product Security Engineer (Entry Level or Associate)	https://zapply.jobs/l/d/workday-boeing-external-careers-JR2026523936?s=gh-new-grad-jobs-2027	dropped	DROP:no-target-role-match	2026-09-19	2026-09-19	1	
zapply.jobs/l/d/workday-boeing-external-careers-jr2026524466	Boeing	Cybersecurity - Information System Security Officer (ISSO) Sign on Bonus Potential	https://zapply.jobs/l/d/workday-boeing-external-careers-JR2026524466?s=gh-new-grad-jobs-2027	dropped	DROP:no-target-role-match	2026-09-19	2026-09-19	1	
zapply.jobs/l/d/workday-allstate-allstate-careers-r35183	Allstate	Managing Engineer - Data Security Engineering	https://zapply.jobs/l/d/workday-allstate-allstate-careers-R35183?s=gh-new-grad-jobs-2027	dropped	DROP:no-target-role-match	2026-09-19	2026-09-19	1	
zapply.jobs/l/d/workday-snc-snc-external-career-site-r0030845	Sierra Nevada Corporation	Systems Security Engineer III	https://zapply.jobs/l/d/workday-snc-snc-external-career-site-R0030845?s=gh-new-grad-jobs-2027	dropped	DROP:no-target-role-match	2026-09-19	2026-09-19	1	
zapply.jobs/l/d/workday-crowdstrike-crowdstrikecareers-r29866	CrowdStrike	Product Security Engineer III (Remote)	https://zapply.jobs/l/d/workday-crowdstrike-crowdstrikecareers-R29866?s=gh-new-grad-jobs-2027	dropped	DROP:no-target-role-match	2026-09-19	2026-09-19	1	
zapply.jobs/l/d/workday-cisco-cisco-careers-2025883	Cisco	Security Engineer I (Full Time) - United States	https://zapply.jobs/l/d/workday-cisco-cisco-careers-2025883?s=gh-new-grad-jobs-2027	dropped	DROP:no-target-role-match	2026-09-19	2026-09-19	1	
zapply.jobs/l/d/workday-gdit-external-career-site-rq225549	GDIT	Cybersecurity Engineer	https://zapply.jobs/l/d/workday-gdit-external-career-site-RQ225549?s=gh-new-grad-jobs-2027	dropped	DROP:no-target-role-match	2026-09-19	2026-09-19	1	
zapply.jobs/l/d/workday-gdit-external-career-site-rq227655	GDIT	F-35 Air Systems Information System Security Engineer Active Secret clearance	https://zapply.jobs/l/d/workday-gdit-external-career-site-RQ227655?s=gh-new-grad-jobs-2027	dropped	DROP:no-target-role-match	2026-09-19	2026-09-19	1	
zapply.jobs/l/d/amazon-25b55d86-9607-4e91-aafa-63ffa26ccc22	Amazon Web Services, Inc.	Systems Development Engineer II, US Amazon Dedicated Cloud Security Engineering	https://zapply.jobs/l/d/amazon-25b55d86-9607-4e91-aafa-63ffa26ccc22?s=gh-new-grad-jobs-2027	dropped	DROP:no-target-role-match	2026-09-19	2026-09-19	1	
zapply.jobs/l/d/amazon-f1277cc6-9462-434a-ae6f-63d05919c6c1	Amazon.com Services LLC	Security Engineer, Security for Employee and Legal Systems (SEALS)	https://zapply.jobs/l/d/amazon-f1277cc6-9462-434a-ae6f-63d05919c6c1?s=gh-new-grad-jobs-2027	dropped	DROP:no-target-role-match	2026-09-19	2026-09-19	1	
zapply.jobs/l/d/greenhouse-rocketlab-7986963003	Rocket Lab	Security Analyst Intern Summer 2027	https://zapply.jobs/l/d/greenhouse-rocketlab-7986963003?s=gh-new-grad-jobs-2027	dropped	DROP:intern-coop-phd	2026-09-19	2026-09-19	1	
zapply.jobs/l/d/greenhouse-rocketlab-7986965003	Rocket Lab	Security Analyst Intern Spring 2027	https://zapply.jobs/l/d/greenhouse-rocketlab-7986965003?s=gh-new-grad-jobs-2027	dropped	DROP:intern-coop-phd	2026-09-19	2026-09-19	1	
zapply.jobs/l/d/workday-globalhr-rec-rtx-ext-gateway-01875058	RTX	Network/Security Analyst- Onsite	https://zapply.jobs/l/d/workday-globalhr-rec-rtx-ext-gateway-01875058?s=gh-new-grad-jobs-2027	dropped	DROP:no-target-role-match	2026-09-19	2026-09-19	1	
zapply.jobs/l/d/workday-globalhr-rec-rtx-ext-gateway-01873854	RTX	Industrial Security Analyst Document Control - Portsmouth, RI	https://zapply.jobs/l/d/workday-globalhr-rec-rtx-ext-gateway-01873854?s=gh-new-grad-jobs-2027	dropped	DROP:no-target-role-match	2026-09-19	2026-09-19	1	
zapply.jobs/l/d/workday-jci-jci-wd30279740	Johnson Controls	Security Analyst	https://zapply.jobs/l/d/workday-jci-jci-WD30279740?s=gh-new-grad-jobs-2027	dropped	DROP:no-target-role-match	2026-09-19	2026-09-19	1	
zapply.jobs/l/d/workday-verizon-verizon-careers-r-1099282	Verizon	Network Security Engineer II	https://zapply.jobs/l/d/workday-verizon-verizon-careers-R-1099282?s=gh-new-grad-jobs-2027	dropped	DROP:no-target-role-match	2026-09-19	2026-09-19	1	
zapply.jobs/l/d/ashby-casca-2019ea63-f6a4-4d89-9e69-bdf765e0a959	Casca	Founding Security Engineer	https://zapply.jobs/l/d/ashby-casca-2019ea63-f6a4-4d89-9e69-bdf765e0a959?s=gh-new-grad-jobs-2027	dropped	DROP:no-target-role-match	2026-09-19	2026-09-19	1	
zapply.jobs/l/d/workday-hitachi-hitachi-r0128931	Hitachi	Data Scientist I or II (MAD-BS-OR)	https://zapply.jobs/l/d/workday-hitachi-hitachi-R0128931?s=gh-new-grad-data-science-jobs-2027	dropped	DROP:no-target-role-match	2026-09-19	2026-09-19	1	
zapply.jobs/l/d/workday-elevancehealth-ant-jr207356	Elevance Health	Data Scientist	https://zapply.jobs/l/d/workday-elevancehealth-ant-JR207356?s=gh-new-grad-data-science-jobs-2027	dropped	DROP:no-target-role-match	2026-09-19	2026-09-19	1	
zapply.jobs/l/d/workday-relx-relx-r97390	RELX	Applied AI Data Scientist	https://zapply.jobs/l/d/workday-relx-relx-R97390?s=gh-new-grad-data-science-jobs-2027	dropped	DROP:no-target-role-match	2026-09-19	2026-09-19	1	
zapply.jobs/l/d/workday-pnc-external-r202728	PNC Financial Services	Fraud Data Scientist (Credit/Debit Card Transaction & Strategy)	https://zapply.jobs/l/d/workday-pnc-external-R202728?s=gh-new-grad-data-science-jobs-2027	dropped	DROP:no-target-role-match	2026-09-19	2026-09-19	1	
zapply.jobs/l/d/workday-pnc-external-r234750	PNC Financial Services	Data Scientist	https://zapply.jobs/l/d/workday-pnc-external-R234750?s=gh-new-grad-data-science-jobs-2027	dropped	DROP:no-target-role-match	2026-09-19	2026-09-19	1	
zapply.jobs/l/d/workday-ngc-northrop-grumman-external-site-r10251111	Northrop Grumman	Data Scientist - Level 4	https://zapply.jobs/l/d/workday-ngc-northrop-grumman-external-site-R10251111?s=gh-new-grad-data-science-jobs-2027	dropped	DROP:no-target-role-match	2026-09-19	2026-09-19	1	
zapply.jobs/l/d/workday-coke-coca-cola-careers-r-134645	Coca-Cola	Machine Learning Engineer II	https://zapply.jobs/l/d/workday-coke-coca-cola-careers-R-134645?s=gh-new-grad-data-science-jobs-2027	dropped	DROP:no-target-role-match	2026-09-19	2026-09-19	1	
zapply.jobs/l/d/workday-intel-external-jr0284193	Intel	Neuromorphic/AI Research Scientist	https://zapply.jobs/l/d/workday-intel-external-JR0284193?s=gh-new-grad-data-science-jobs-2027	dropped	DROP:no-target-role-match	2026-09-19	2026-09-19	1	
zapply.jobs/l/d/workday-ngc-northrop-grumman-external-site-r10251240	Northrop Grumman	Research Scientist - 3 / 4	https://zapply.jobs/l/d/workday-ngc-northrop-grumman-external-site-R10251240?s=gh-new-grad-data-science-jobs-2027	dropped	DROP:no-target-role-match	2026-09-19	2026-09-19	1	
zapply.jobs/l/d/workday-kbr-kbr-careers-r2130058	KBR	Mid-Level Data Scientist	https://zapply.jobs/l/d/workday-kbr-kbr-careers-R2130058?s=gh-new-grad-data-science-jobs-2027	dropped	DROP:no-target-role-match	2026-09-19	2026-09-19	1	
zapply.jobs/l/d/ashby-whatnot-daa0bdf2-e91b-4711-8dfa-ec1781ecf6c9	Whatnot	Machine Learning Engineer, Applied Research	https://zapply.jobs/l/d/ashby-whatnot-daa0bdf2-e91b-4711-8dfa-ec1781ecf6c9?s=gh-new-grad-data-science-jobs-2027	dropped	DROP:no-target-role-match	2026-09-19	2026-09-19	1	
zapply.jobs/l/d/amazon-325d1038-29e2-4a4a-a812-12d879a6d526	Amazon.com Services LLC	Data Science Manager, Procurement	https://zapply.jobs/l/d/amazon-325d1038-29e2-4a4a-a812-12d879a6d526?s=gh-new-grad-data-science-jobs-2027	dropped	DROP:no-target-role-match	2026-09-19	2026-09-19	1	
zapply.jobs/l/d/amazon-94d1db4f-e94a-4b5e-aabf-062d68dc2d84	Amazon.com Services LLC	Applied Scientist, SCOT-Inbound Systems	https://zapply.jobs/l/d/amazon-94d1db4f-e94a-4b5e-aabf-062d68dc2d84?s=gh-new-grad-data-science-jobs-2027	dropped	DROP:no-target-role-match	2026-09-19	2026-09-19	1	
zapply.jobs/l/d/qualcomm-3089336	Qualcomm	Machine Learning Engineer - College Graduate	https://zapply.jobs/l/d/qualcomm-3089336?s=gh-new-grad-data-science-jobs-2027	dropped	DROP:no-target-role-match	2026-09-19	2026-09-19	1	
zapply.jobs/l/d/workday-philips-jobs-and-careers-587832	Philips	Data Scientist - Medical Imaging (Plymouth, MN)	https://zapply.jobs/l/d/workday-philips-jobs-and-careers-587832?s=gh-new-grad-data-science-jobs-2027	dropped	DROP:no-target-role-match	2026-09-19	2026-09-19	1	
zapply.jobs/l/d/greenhouse-captivation-5426491008	Captivation	Artificial Intelligence Machine Learning Engineer 2	https://zapply.jobs/l/d/greenhouse-captivation-5426491008?s=gh-new-grad-data-science-jobs-2027	dropped	DROP:no-target-role-match	2026-09-19	2026-09-19	1	
zapply.jobs/l/d/workday-leidos-external-r-00192425	Leidos	Data Scientist SME	https://zapply.jobs/l/d/workday-leidos-external-R-00192425?s=gh-new-grad-data-science-jobs-2027	dropped	DROP:no-target-role-match	2026-09-19	2026-09-19	1	
zapply.jobs/l/d/workday-wf-wellsfargojobs-r-572466	Wells Fargo	AI Research Scientist, Foundation Models & Agentic AI	https://zapply.jobs/l/d/workday-wf-wellsfargojobs-R-572466?s=gh-new-grad-data-science-jobs-2027	dropped	DROP:no-target-role-match	2026-09-19	2026-09-19	1	
zapply.jobs/l/d/greenhouse-andurilindustries-5240170007	Anduril	Research Scientist	https://zapply.jobs/l/d/greenhouse-andurilindustries-5240170007?s=gh-new-grad-data-science-jobs-2027	dropped	DROP:no-target-role-match	2026-09-19	2026-09-19	1	
zapply.jobs/l/d/workday-amat-external-r2628868	Applied Materials	Data Scientist - Agentic AI / ML	https://zapply.jobs/l/d/workday-amat-external-R2628868?s=gh-new-grad-data-science-jobs-2027	dropped	DROP:no-target-role-match	2026-09-19	2026-09-19	1	
zapply.jobs/l/d/lever-ro-3910baa9-f961-4380-ad0a-01deec07f7a2	Ro	Analytics Engineer, Conversational Analytics	https://zapply.jobs/l/d/lever-ro-3910baa9-f961-4380-ad0a-01deec07f7a2?s=gh-new-grad-data-science-jobs-2027	dropped	DROP:no-target-role-match	2026-09-19	2026-09-19	1	
zapply.jobs/l/d/apple-200683907	Apple	Machine Learning Engineer, Apple Search & Knowledge Platforms	https://zapply.jobs/l/d/apple-200683907?s=gh-new-grad-data-science-jobs-2027	dropped	DROP:no-target-role-match	2026-09-19	2026-09-19	1	
zapply.jobs/l/d/workday-oshkoshcorporation-oshkosh-r49953	Oshkosh Corporation	Supply Chain Intern - Data Analytics & AI	https://zapply.jobs/l/d/workday-oshkoshcorporation-oshkosh-R49953?s=gh-new-grad-data-science-jobs-2027	dropped	DROP:intern-coop-phd	2026-09-19	2026-09-19	1	
zapply.jobs/l/d/workday-barclays-external-career-site-barclays-jr-0000122953	Barclays	Electronic Trading Associate Graduate Program 2027 New York	https://zapply.jobs/l/d/workday-barclays-external-career-site-barclays-JR-0000122953?s=gh-new-grad-data-science-jobs-2027	dropped	DROP:no-target-role-match	2026-09-19	2026-09-19	1	
zapply.jobs/l/d/workday-bbinsurance-careers-r26_0000003167	Brown & Brown Insurance	Specific Stop Loss Data Analyst	https://zapply.jobs/l/d/workday-bbinsurance-careers-R26_0000003167?s=gh-new-grad-data-science-jobs-2027	dropped	DROP:no-target-role-match	2026-09-19	2026-09-19	1	
zapply.jobs/l/d/workday-hp-externalcareersite-3166230	HP Inc	CSS Service Insights Analyst	https://zapply.jobs/l/d/workday-hp-externalcareersite-3166230?s=gh-new-grad-data-science-jobs-2027	dropped	DROP:non-target-country	2026-09-19	2026-09-19	1	
zapply.jobs/l/d/workday-aero-external-r015042	Aerospace Corporation	Space Enterprise Optimization Analyst	https://zapply.jobs/l/d/workday-aero-external-R015042?s=gh-new-grad-data-science-jobs-2027	dropped	DROP:no-target-role-match	2026-09-19	2026-09-19	1	
zapply.jobs/l/d/workday-troweprice-troweprice-82677	T. Rowe Price	2027 Technology and Data Internship	https://zapply.jobs/l/d/workday-troweprice-troweprice-82677?s=gh-new-grad-data-science-jobs-2027	dropped	DROP:intern-coop-phd	2026-09-19	2026-09-19	1	
zapply.jobs/l/d/workday-intel-external-jr0286502	Intel	Operations Research, Engineering Analytics Graduate Intern	https://zapply.jobs/l/d/workday-intel-external-JR0286502?s=gh-new-grad-data-science-jobs-2027	dropped	DROP:intern-coop-phd	2026-09-19	2026-09-19	1	
zapply.jobs/l/d/workday-ngc-northrop-grumman-external-site-r10249020	Northrop Grumman	Operations Research Engineer Level 3/4 (AHT)	https://zapply.jobs/l/d/workday-ngc-northrop-grumman-external-site-R10249020?s=gh-new-grad-data-science-jobs-2027	dropped	DROP:no-target-role-match	2026-09-19	2026-09-19	1	
zapply.jobs/l/d/workday-cat-caterpillarcareers-r0000386462	Caterpillar	Marketing Technology & Data Consultant (Dealer & Marketing Data Focus)	https://zapply.jobs/l/d/workday-cat-caterpillarcareers-R0000386462?s=gh-new-grad-data-science-jobs-2027	dropped	DROP:no-target-role-match	2026-09-19	2026-09-19	1	
zapply.jobs/l/d/workday-disney-disneycareer-10159853	Disney	Associate Data Analyst	https://zapply.jobs/l/d/workday-disney-disneycareer-10159853?s=gh-new-grad-data-science-jobs-2027	dropped	DROP:no-target-role-match	2026-09-19	2026-09-19	1	
zapply.jobs/l/d/workday-blueorigin-blueorigin-r71958	Blue Origin	Manufacturing Operations Platform Engineer II	https://zapply.jobs/l/d/workday-blueorigin-blueorigin-R71958?s=gh-new-grad-data-science-jobs-2027	dropped	DROP:no-target-role-match	2026-09-19	2026-09-19	1	
zapply.jobs/l/d/workday-gdit-external-career-site-rq228340	GDIT	JMSC-P JLVC Database Technician – SECRET Clearance required	https://zapply.jobs/l/d/workday-gdit-external-career-site-RQ228340?s=gh-new-grad-data-science-jobs-2027	dropped	DROP:no-target-role-match	2026-09-19	2026-09-19	1	
zapply.jobs/l/d/amazon-54aa2006-0588-4551-aa56-2084889ccb46	Amazon.com Services LLC	2027 Applied Science Internship - Automated Reasoning - United States, PhD Student Science...	https://zapply.jobs/l/d/amazon-54aa2006-0588-4551-aa56-2084889ccb46?s=gh-new-grad-data-science-jobs-2027	dropped	DROP:intern-coop-phd	2026-09-19	2026-09-19	1	
zapply.jobs/l/d/workable-innovaccer-analytics-c0021c575e	Innovaccer	4572 Software Development Engineer III	https://zapply.jobs/l/d/workable-innovaccer-analytics-C0021C575E?s=gh-new-grad-data-science-jobs-2027	dropped	DROP:no-target-role-match	2026-09-19	2026-09-19	1	
zapply.jobs/l/d/sr-intuitive-744000149967199	Intuitive	Market Intelligence Analyst	https://zapply.jobs/l/d/sr-Intuitive-744000149967199?s=gh-new-grad-data-science-jobs-2027	dropped	DROP:outside-target-metro	2026-09-19	2026-09-19	1	
zapply.jobs/l/d/workday-tranetechnologies-trane-technologies-car-jr-14112	Trane Technologies	Digital Marketing Data Analyst	https://zapply.jobs/l/d/workday-tranetechnologies-trane-technologies-car-JR-14112?s=gh-new-grad-data-science-jobs-2027	dropped	DROP:no-target-role-match	2026-09-19	2026-09-19	1	
zapply.jobs/l/d/workday-capitalone-capital-one-r999597	Capital One	Data Analysis Manager - Analysis Platform Product	https://zapply.jobs/l/d/workday-capitalone-capital-one-R999597?s=gh-new-grad-data-science-jobs-2027	dropped	DROP:no-target-role-match	2026-09-19	2026-09-19	1	
zapply.jobs/l/d/workday-leidos-external-r-00192366	Leidos	Intelligence Analyst	https://zapply.jobs/l/d/workday-leidos-external-R-00192366?s=gh-new-grad-data-science-jobs-2027	dropped	DROP:no-target-role-match	2026-09-19	2026-09-19	1	
zapply.jobs/l/d/microsoft-200053343	Microsoft	Applied Science: PhD Internship Opportunities - Multiple Locations	https://zapply.jobs/l/d/microsoft-200053343?s=gh-new-grad-data-science-jobs-2027	dropped	DROP:intern-coop-phd	2026-09-19	2026-09-19	1	
zapply.jobs/l/d/workday-fmr-fidelitycareers-2134060	Fidelity Investments	Manager, Data Analytics and Insights	https://zapply.jobs/l/d/workday-fmr-fidelitycareers-2134060?s=gh-new-grad-data-science-jobs-2027	dropped	DROP:no-target-role-match	2026-09-19	2026-09-19	1	
zapply.jobs/l/d/workday-icf-icfexternal-career-site-r2603056	ICF	Data Engineer- Remote	https://zapply.jobs/l/d/workday-icf-icfexternal-career-site-R2603056?s=gh-new-grad-data-science-jobs-2027	dropped	DROP:no-target-role-match	2026-09-19	2026-09-19	1	
zapply.jobs/l/d/workday-caci-external-331290	CACI	Cybersecurity Data Engineer – Cloud & SIEM	https://zapply.jobs/l/d/workday-caci-external-331290?s=gh-new-grad-data-science-jobs-2027	dropped	DROP:no-target-role-match	2026-09-19	2026-09-19	1	
zapply.jobs/l/d/workday-generalmotors-careers-gm-jr-202620428	General Motors	Data Engineer - Data Software Engineering and Cloud Platforms, Early Career	https://zapply.jobs/l/d/workday-generalmotors-careers-gm-JR-202620428?s=gh-new-grad-data-science-jobs-2027	dropped	DROP:no-target-role-match	2026-09-19	2026-09-19	1	
zapply.jobs/l/d/workday-statestreet-global-r-790387	State Street	Data Engineer (Databricks), Assistant Vice President	https://zapply.jobs/l/d/workday-statestreet-global-R-790387?s=gh-new-grad-data-science-jobs-2027	dropped	DROP:no-target-role-match	2026-09-19	2026-09-19	1	
zapply.jobs/l/d/amazon-6a890364-375d-4ab4-8797-2f301252dc37	Amazon Kuiper Commercial Services LLC	Data Engineer, Leo Global Business and Customer Operations	https://zapply.jobs/l/d/amazon-6a890364-375d-4ab4-8797-2f301252dc37?s=gh-new-grad-data-science-jobs-2027	dropped	DROP:no-target-role-match	2026-09-19	2026-09-19	1	
zapply.jobs/l/d/workday-eversource-externalsite-r-031871	Eversource Energy	Analyst, Business Intelligence (Hybrid Schedule)	https://zapply.jobs/l/d/workday-eversource-externalsite-R-031871?s=gh-new-grad-data-science-jobs-2027	dropped	DROP:no-target-role-match	2026-09-19	2026-09-19	1	
zapply.jobs/l/d/workday-cadence-external-careers-r56380	Cadence	AI Engineer, Ontologies & Knowledge Graphs	https://zapply.jobs/l/d/workday-cadence-external-careers-R56380?s=gh-new-grad-data-science-jobs-2027	dropped	DROP:no-target-role-match	2026-09-19	2026-09-19	1	
zapply.jobs/l/d/workday-analogdevices-external-r265579	Analog Devices	AI/ML Engineer Intern	https://zapply.jobs/l/d/workday-analogdevices-external-R265579?s=gh-new-grad-data-science-jobs-2027	dropped	DROP:intern-coop-phd	2026-09-19	2026-09-19	1	
zapply.jobs/l/d/amazon-90c22956-ddce-45e1-9904-66431d348373	Amazon Development Center U.S., Inc.	Software Development Engineer, EC2 Machine Learning Supercompute	https://zapply.jobs/l/d/amazon-90c22956-ddce-45e1-9904-66431d348373?s=gh-new-grad-data-science-jobs-2027	dropped	DROP:no-target-role-match	2026-09-19	2026-09-19	1	
zapply.jobs/l/d/amazon-6de358b6-8dca-4fa1-8fed-59ea0b855849	Annapurna Labs (U.S.) Inc.	Software Engineer - Hardware Abstraction Layer, AWS Machine Learning Accelerators	https://zapply.jobs/l/d/amazon-6de358b6-8dca-4fa1-8fed-59ea0b855849?s=gh-new-grad-data-science-jobs-2027	dropped	DROP:no-target-role-match	2026-09-19	2026-09-19	1	
zapply.jobs/l/d/amazon-f1a610e2-cb16-43ef-ab2b-0d3ac5a28041	Annapurna Labs (U.S.) Inc.	Machine Learning - Compiler Engineer , AWS Neuron, Annapurna Labs	https://zapply.jobs/l/d/amazon-f1a610e2-cb16-43ef-ab2b-0d3ac5a28041?s=gh-new-grad-data-science-jobs-2027	dropped	DROP:no-target-role-match	2026-09-19	2026-09-19	1	
zapply.jobs/l/d/qualcomm-3096146	Qualcomm	Machine Learning / Computer Vision Engineer	https://zapply.jobs/l/d/qualcomm-3096146?s=gh-new-grad-data-science-jobs-2027	dropped	DROP:no-target-role-match	2026-09-19	2026-09-19	1	
zapply.jobs/l/d/qualcomm-3092872	Qualcomm	Machine Learning Researcher	https://zapply.jobs/l/d/qualcomm-3092872?s=gh-new-grad-data-science-jobs-2027	dropped	DROP:no-target-role-match	2026-09-19	2026-09-19	1	
zapply.jobs/l/d/greenhouse-rackner-4734877005	Rackner	AI/ML Engineer — Active TS/SCI Dayton, OH	https://zapply.jobs/l/d/greenhouse-rackner-4734877005?s=gh-new-grad-data-science-jobs-2027	dropped	DROP:no-target-role-match	2026-09-19	2026-09-19	1	
zapply.jobs/l/d/workday-leidos-external-r-00192454	Leidos	AI Engineer	https://zapply.jobs/l/d/workday-leidos-external-R-00192454?s=gh-new-grad-data-science-jobs-2027	dropped	DROP:no-target-role-match	2026-09-19	2026-09-19	1	
job-boards.greenhouse.io/captivation/jobs/5426523008	Captivation	Software Engineer 0 - Multiple Teams	https://job-boards.greenhouse.io/captivation/jobs/5426523008	dropped	DROP:no-target-role-match	2026-09-19	2026-09-19	1	
jobs.ashbyhq.com/cobot/9a96442e-d4bc-4482-9aac-8622d96fa7df/application	Collaborative Robotics	Robotics Data Collection Operator	https://jobs.ashbyhq.com/cobot/9a96442e-d4bc-4482-9aac-8622d96fa7df/application?embed=true	dropped	DROP:no-target-role-match	2026-09-19	2026-09-19	1	
career-schwab.icims.com/jobs/126969/job	Charles Schwab	Senior Risk Analytics and Modeling Specialist	https://career-schwab.icims.com/jobs/126969/job?mobile=true&needsRedirect=false	dropped	DROP:no-target-role-match	2026-09-19	2026-09-19	1	
visa.wd5.myworkdayjobs.com/visa/job/us---bellevue-wa/software-engineer--new-college-grad--bellevue---2027_ref088530w-3	Visa	Software Engineer New Grad	https://visa.wd5.myworkdayjobs.com/Visa/job/US---Bellevue-WA/Software-Engineer--New-College-Grad--Bellevue---2027_REF088530W-3	dropped	DROP:no-target-role-match	2026-09-19	2026-09-19	1	
myhrabc.wd5.myworkdayjobs.com/global/job/remote-philadelphia/ai-enablement-engineer_r266644-1	Cencora	AI Enablement Engineer	https://myhrabc.wd5.myworkdayjobs.com/Global/job/Remote-Philadelphia/AI-Enablement-Engineer_R266644-1	dropped	DROP:no-target-role-match	2026-09-19	2026-09-19	1	
cai.wd5.myworkdayjobs.com/computer_aid/job/ok-client-state/web-application-developer_r8570	CAI	Web Application Developer	https://cai.wd5.myworkdayjobs.com/computer_aid/job/OK-CLIENT-STATE/Web-Application-Developer_R8570	dropped	DROP:no-target-role-match	2026-09-19	2026-09-19	1	
visa.wd5.myworkdayjobs.com/visa/job/us---austin-tx/software-engineer--new-college-grad---2027--austin--tx_ref088586w	Visa	Software Engineer New Grad - 2027	https://visa.wd5.myworkdayjobs.com/Visa/job/US---Austin-TX/Software-Engineer--New-College-Grad---2027--Austin--TX_REF088586W	dropped	DROP:no-target-role-match	2026-09-19	2026-09-19	1	
ngc.wd1.myworkdayjobs.com/northrop_grumman_external_site/job/united-kingdom-new-malden/graduate-software-engineer_r10251080	Northrop Grumman	Graduate Software Engineer	https://ngc.wd1.myworkdayjobs.com/Northrop_Grumman_External_Site/job/United-Kingdom-New-Malden/Graduate-Software-Engineer_R10251080	dropped	DROP:no-target-role-match	2026-09-19	2026-09-19	1	
nvidia.wd5.myworkdayjobs.com/nvidiaexternalcareersite/job/us-ca-santa-clara/ai-compiler-engineer--new-college-grad-2027_jr2026011	NVIDIA	AI Compiler Engineer New Grad	https://nvidia.wd5.myworkdayjobs.com/NVIDIAExternalCareerSite/job/US-CA-Santa-Clara/AI-Compiler-Engineer--New-College-Grad-2027_JR2026011	dropped	DROP:no-target-role-match	2026-09-19	2026-09-19	1	
micron.wd1.myworkdayjobs.com/external/job/minneapolis-mn/new-college-grad---engineer--asic-digital-design_jr112164	Micron Technology	ASIC Digital Design Engineer New Grad	https://micron.wd1.myworkdayjobs.com/External/job/Minneapolis-MN/New-College-Grad---Engineer--ASIC-Digital-Design_JR112164	dropped	DROP:no-target-role-match	2026-09-19	2026-09-19	1	
tandemdiabetes.wd12.myworkdayjobs.com/tandemdiabetes/job/california---barnes/reliability-engineering-technician-i--temp-to-hire-_jr101549-1	Tandem Diabetes Care	Reliability Engineering Technician 1	https://tandemdiabetes.wd12.myworkdayjobs.com/tandemdiabetes/job/California---Barnes/Reliability-Engineering-Technician-I--Temp-to-Hire-_JR101549-1	dropped	DROP:no-target-role-match	2026-09-19	2026-09-19	1	
labcorp.wd1.myworkdayjobs.com/external/job/phoenix-az/ai-transformation-associate---per-diem---seeking-college-students-or-new-grads-_2633522-1	LabCorp	AI Transformation Associate - Per Diem	https://labcorp.wd1.myworkdayjobs.com/external/job/Phoenix-AZ/AI-Transformation-Associate---Per-Diem---Seeking-college-students-or-new-grads-_2633522-1	dropped	DROP:no-target-role-match	2026-09-19	2026-09-19	1	
fis.wd5.myworkdayjobs.com/searchjobs/job/us-fl-jax-347/product-management--fis-university-program_jr0309693	Fidelity National Information Services	Product Manager - FIS University Program	https://fis.wd5.myworkdayjobs.com/searchjobs/job/US-FL-JAX-347/Product-Management--FIS-University-Program_JR0309693	dropped	DROP:outside-target-metro	2026-09-19	2026-09-19	1	
fis.wd5.myworkdayjobs.com/searchjobs/job/us-fl-jax-347/data-analytics-and-ai--fis-university-program_jr0309689	Fidelity National Information Services	Data Analytics and AI - FIS University Program	https://fis.wd5.myworkdayjobs.com/searchjobs/job/US-FL-JAX-347/Data-Analytics-and-AI--FIS-University-Program_JR0309689	dropped	DROP:no-target-role-match	2026-09-19	2026-09-19	1	
ngc.wd1.myworkdayjobs.com/northrop_grumman_external_site/job/united-states-california-san-diego/xmlname-2026-associate-electromechanical-engineer---san-diego-ca_r10251447	Northrop Grumman	Associate Electromechanical Engineer	https://ngc.wd1.myworkdayjobs.com/Northrop_Grumman_External_Site/job/United-States-California-San-Diego/XMLNAME-2026-Associate-Electromechanical-Engineer---San-Diego-CA_R10251447	dropped	DROP:no-target-role-match	2026-09-19	2026-09-19	1	
toyota.wd503.myworkdayjobs.com/tmna/job/plano-texas/associate-sap-data-analyst_10335045	Toyota	Associate SAP Data Analyst - Data and Analytics	https://toyota.wd503.myworkdayjobs.com/tmna/job/Plano-Texas/Associate-SAP-Data-Analyst_10335045	dropped	DROP:no-target-role-match	2026-09-19	2026-09-19	1	
usaa.wd1.myworkdayjobs.com/en-us/usaajobswd/job/san-antonio-home-office-i/future-leaders-program-rotation---data-and-analytics-track_r0120828	USAA	Future Leaders Program - Data and Analytics Track	https://usaa.wd1.myworkdayjobs.com/en-US/USAAJOBSWD/job/San-Antonio-Home-Office-I/Future-Leaders-Program-Rotation---Data-and-Analytics-Track_R0120828	dropped	DROP:no-target-role-match	2026-09-19	2026-09-19	1	
caci.wd1.myworkdayjobs.com/external/job/lisle-il-us/software-engineer_332199	CACI	Software Engineer	https://caci.wd1.myworkdayjobs.com/external/job/Lisle-IL-US/Software-Engineer_332199	dropped	DROP:no-target-role-match	2026-09-19	2026-09-19	1	
aspentech.wd5.myworkdayjobs.com/aspentech/job/bedford-massachusetts/software-developer_r9395	AspenTech	Software Developer 1 - Asset Performance Management	https://aspentech.wd5.myworkdayjobs.com/aspentech/job/Bedford-Massachusetts/Software-Developer_R9395	dropped	DROP:no-target-role-match	2026-09-19	2026-09-19	1	
caci.wd1.myworkdayjobs.com/external/job/lorton-va-us/software-safety-developer-analyst_332049	CACI	Software Safety Developer/Analyst	https://caci.wd1.myworkdayjobs.com/external/job/Lorton-VA-US/Software-Safety-Developer-Analyst_332049	dropped	DROP:no-target-role-match	2026-09-19	2026-09-19	1	
boeing.wd1.myworkdayjobs.com/external_careers/job/usa---el-segundo-ca/space-electronics-test-systems-design-engineer--experienced-lead-_jr2026524763-1	Boeing	Space Electronics Test Systems Design Engineer - Special Test Equipment - Space Electronics	https://boeing.wd1.myworkdayjobs.com/EXTERNAL_CAREERS/job/USA---El-Segundo-CA/Space-Electronics-Test-Systems-Design-Engineer--Experienced-Lead-_JR2026524763-1	dropped	DROP:no-target-role-match	2026-09-19	2026-09-19	1	
micron.wd1.myworkdayjobs.com/external/job/richardson-tx/new-college-grad---ai-infrastructure---hbm-architecture-engineer_jr109578	Micron Technology	AI Infrastructure & HBM Architecture Engineer New Grad	https://micron.wd1.myworkdayjobs.com/External/job/Richardson-TX/New-College-Grad---AI-Infrastructure---HBM-Architecture-Engineer_JR109578	dropped	DROP:no-target-role-match	2026-09-19	2026-09-19	1	
job-boards.greenhouse.io/drweng/jobs/8207750	DRW	Floor Trader	https://job-boards.greenhouse.io/drweng/jobs/8207750	dropped	DROP:no-target-role-match	2026-09-19	2026-09-19	1	
job-boards.greenhouse.io/blenheimchalcot/jobs/8207847	Blenheim Chalcot	Junior Software Engineer	https://job-boards.greenhouse.io/blenheimchalcot/jobs/8207847	dropped	DROP:non-target-country	2026-09-19	2026-09-19	1	
qualcomm.eightfold.ai/careers/job/446721129106	Qualcomm	System AI Engineer New Grad - Display - ASICS Engineering	https://qualcomm.eightfold.ai/careers/job/446721129106	dropped	DROP:non-target-country	2026-09-19	2026-09-19	1	
job-boards.greenhouse.io/headlandstechnologiesllc/jobs/4336806009	Headlands Tech Holdings	C++ Software Developer New Grad	https://job-boards.greenhouse.io/headlandstechnologiesllc/jobs/4336806009	dropped	DROP:no-target-role-match	2026-09-19	2026-09-19	1	
job-boards.greenhouse.io/latitude/jobs/8207723	Latitude AI	Data Services Analyst 2 - Labeling - Contract	https://job-boards.greenhouse.io/latitude/jobs/8207723	dropped	DROP:no-target-role-match	2026-09-19	2026-09-19	1	
jobs.ashbyhq.com/decagon/a8ff946f-d6b1-4059-bc9f-fe6b11504f2f/application	Decagon	Member of Technical Staff New Grad - 2027 Start	https://jobs.ashbyhq.com/decagon/a8ff946f-d6b1-4059-bc9f-fe6b11504f2f/application?embed=true	dropped	DROP:no-target-role-match	2026-09-19	2026-09-19	1	
itcdefense.applytojob.com/apply/bhuatk27be/software-developer-netc-navsup-programs	ITC Defense	Software Developer - .NET/C# - NAVSUP Programs	https://itcdefense.applytojob.com/apply/bHuaTk27be/Software-Developer-NETC-NAVSUP-Programs	dropped	DROP:no-target-role-match	2026-09-19	2026-09-19	1	
careers.aps.com/job/phoenix-gis-technician-iiiiii-az-85021-1807/1430824500	Arizona Public Service	GIS Technician 1/2/3	https://careers.aps.com/job/PHOENIX-GIS-Technician-IIIIII-AZ-85021-1807/1430824500/?ats=successfactors	dropped	DROP:no-target-role-match	2026-09-19	2026-09-19	1	
eofe.fa.us2.oraclecloud.com/hcmui/candidateexperience/en/sites/cx_1001/job/82295	BNY	Data Science Analyst - Engineering - Data Science	https://eofe.fa.us2.oraclecloud.com/hcmUI/CandidateExperience/en/sites/CX_1001/job/82295	dropped	DROP:non-target-country	2026-09-19	2026-09-19	1	
internaljobs.centurylink.com/job/remote-business-analyst/1430579700	CenturyLink	Business Analyst	https://internaljobs.centurylink.com/job/Remote-Business-Analyst/1430579700/?ats=successfactors	dropped	DROP:no-target-role-match	2026-09-19	2026-09-19	1	
jobs.smartrecruiters.com/aecom2/744000149885190	AECOM	Assistant Project Information Specialist	https://jobs.smartrecruiters.com/AECOM2/744000149885190	dropped	DROP:no-target-role-match	2026-09-19	2026-09-19	1	
fa-eups-saasfaprod1.fa.ocs.oraclecloud.com/hcmui/candidateexperience/en/sites/ulsolutionscareers/job/10209	UL Solutions	Medium Voltage Engineer	https://fa-eups-saasfaprod1.fa.ocs.oraclecloud.com/hcmUI/CandidateExperience/en/sites/ULSolutionsCareers/job/10209	dropped	DROP:no-target-role-match	2026-09-19	2026-09-19	1	
jobs.l3harris.com/job/greenville-associate,-software-engineering-tx-75402/1430740500	L3Harris Technologies	Associate Software Engineering	https://jobs.l3harris.com/job/Greenville-Associate,-Software-Engineering-TX-75402/1430740500/?ats=successfactors	dropped	DROP:no-target-role-match	2026-09-19	2026-09-19	1	
boards.greenhouse.io/andurilindustries/jobs/5240165007	Anduril	Software Engineer - Battlespace Awareness	https://boards.greenhouse.io/andurilindustries/jobs/5240165007	dropped	DROP:no-target-role-match	2026-09-19	2026-09-19	1	
moog.wd5.myworkdayjobs.com/moog_external_career_site/job/phoenix-az/associate-electrical-engineer---electronic-design-engineer_r-26-17318	Moog	Associate Electrical Engineer / Electronic Design Engineer	https://moog.wd5.myworkdayjobs.com/moog_external_career_site/job/Phoenix-AZ/Associate-Electrical-Engineer---Electronic-Design-Engineer_R-26-17318	dropped	DROP:no-target-role-match	2026-09-19	2026-09-19	1	
boards.greenhouse.io/andurilindustries/jobs/5239596007	Anduril	Firmware Engineer - Space - Emerging Talent	https://boards.greenhouse.io/andurilindustries/jobs/5239596007	dropped	DROP:no-target-role-match	2026-09-19	2026-09-19	1	
job-boards.greenhouse.io/blenheimchalcot/jobs/8207802	Blenheim Chalcot	Graduate Data Engineer	https://job-boards.greenhouse.io/blenheimchalcot/jobs/8207802	dropped	DROP:non-target-country	2026-09-19	2026-09-19	1	
job-boards.greenhouse.io/fosphamarketing/jobs/8207747	Fospha	Graduate Data Engineer	https://job-boards.greenhouse.io/fosphamarketing/jobs/8207747	dropped	DROP:non-target-country	2026-09-19	2026-09-19	1	
recruiting.paylocity.com/recruiting/jobs/details/4508922	Unilode Aviation	ULD Data Quality Assurance Officer	https://recruiting.paylocity.com/Recruiting/Jobs/Details/4508922	dropped	DROP:no-target-role-match	2026-09-19	2026-09-19	1	
eofe.fa.us2.oraclecloud.com/hcmui/candidateexperience/en/sites/cx_1001/job/82224	BNY	Analyst Program – Product Management	https://eofe.fa.us2.oraclecloud.com/hcmUI/CandidateExperience/en/sites/CX_1001/job/82224	dropped	DROP:non-target-country	2026-09-19	2026-09-19	1	
eofe.fa.us2.oraclecloud.com/hcmui/candidateexperience/en/sites/cx_1001/job/82246	BNY	Data Science Analyst - Engineering	https://eofe.fa.us2.oraclecloud.com/hcmUI/CandidateExperience/en/sites/CX_1001/job/82246	dropped	DROP:no-target-role-match	2026-09-19	2026-09-19	1	
eofe.fa.us2.oraclecloud.com/hcmui/candidateexperience/en/sites/cx_1001/job/82296	BNY	Engineering Developer Analyst - Engineering - Developer	https://eofe.fa.us2.oraclecloud.com/hcmUI/CandidateExperience/en/sites/CX_1001/job/82296	dropped	DROP:no-target-role-match	2026-09-19	2026-09-19	1	
eofe.fa.us2.oraclecloud.com/hcmui/candidateexperience/en/sites/cx_1001/job/82247	BNY	Software Engineer Analyst - Engineering - Developer	https://eofe.fa.us2.oraclecloud.com/hcmUI/CandidateExperience/en/sites/CX_1001/job/82247	dropped	DROP:no-target-role-match	2026-09-19	2026-09-19	1	
eofe.fa.us2.oraclecloud.com/hcmui/candidateexperience/en/sites/cx_1001/job/80895	BNY	Product Management Analyst Program - Product Management	https://eofe.fa.us2.oraclecloud.com/hcmUI/CandidateExperience/en/sites/CX_1001/job/80895	dropped	DROP:no-target-role-match	2026-09-19	2026-09-19	1	
edbz.fa.us2.oraclecloud.com/hcmui/candidateexperience/en/sites/cx/job/25017998	Texas Instruments	Systems Engineer - Career Accelerator Program	https://edbz.fa.us2.oraclecloud.com/hcmUI/CandidateExperience/en/sites/CX/job/25017998	dropped	DROP:no-target-role-match	2026-09-19	2026-09-19	1	
eaton.eightfold.ai/careers/job/687239270493	Eaton	Junior Software Engineer - Research & Development Engineering	https://eaton.eightfold.ai/careers/job/687239270493	dropped	DROP:no-target-role-match	2026-09-19	2026-09-19	1	
jobs.ashbyhq.com/cheiron/a8514f9b-17d9-40a0-8674-a07543bb86d0/application	Cheiron	Associate Product Manager - Technical	https://jobs.ashbyhq.com/cheiron/a8514f9b-17d9-40a0-8674-a07543bb86d0/application?embed=true	dropped	DROP:outside-target-metro	2026-09-19	2026-09-19	1	
fa-evmr-saasfaprod1.fa.ocs.oraclecloud.com/hcmui/candidateexperience/en/sites/cx_1/job/40456	Nokia	Senior Product Test Capability Engineer	https://fa-evmr-saasfaprod1.fa.ocs.oraclecloud.com/hcmUI/CandidateExperience/en/sites/CX_1/job/40456	dropped	DROP:no-target-role-match	2026-09-19	2026-09-19	1	
boards.greenhouse.io/figma/jobs/6178857004?gh_jid=6178857004	Figma	Data Science Intern - 2027	https://boards.greenhouse.io/figma/jobs/6178857004?gh_jid=6178857004	dropped	DROP:intern-coop-phd	2026-09-19	2026-09-19	1	
nvidia.wd5.myworkdayjobs.com/en-us/nvidiaexternalcareersite/job/us-ca-santa-clara/research-intern--fundamental-generative-ai---2027_jr2025406	NVIDIA	Research Intern - Fundamental Generative AI - 2027	https://nvidia.wd5.myworkdayjobs.com/en-US/nvidiaexternalcareersite/job/US-CA-Santa-Clara/Research-Intern--Fundamental-Generative-AI---2027_JR2025406	dropped	DROP:intern-coop-phd	2026-09-19	2026-09-19	1	
nvidia.wd5.myworkdayjobs.com/en-us/nvidiaexternalcareersite/job/us-ca-santa-clara/phd-research-intern--generative-ai-for-physical-ai---2027_jr2025025	NVIDIA	PhD Research Intern - Generative AI for Physical AI - 2027	https://nvidia.wd5.myworkdayjobs.com/en-US/nvidiaexternalcareersite/job/US-CA-Santa-Clara/PhD-Research-Intern--Generative-AI-for-Physical-AI---2027_JR2025025	dropped	DROP:intern-coop-phd	2026-09-19	2026-09-19	1	
zapply.jobs/l/d/workday-aspentech-aspentech-r9459	AspenTech	Data Science Intern - Summer 2027 - Bedford, MA	https://zapply.jobs/l/d/workday-aspentech-aspentech-R9459?s=gh-new-grad-data-science-jobs-2027	dropped	DROP:intern-coop-phd	2026-09-19	2026-09-19	1	
avisbudget.wd1.myworkdayjobs.com/en-us/abg_careers/job/379-interpace-pkwy-parsippany-07054/accelerate---ai-enablement-intern-summer-2027_r0190563	Avis Budget Group	Accelerate - AI Enablement Intern Summer 2027	https://avisbudget.wd1.myworkdayjobs.com/en-US/abg_careers/job/379-Interpace-Pkwy-Parsippany-07054/Accelerate---AI-Enablement-Intern-Summer-2027_R0190563	dropped	DROP:intern-coop-phd	2026-09-19	2026-09-19	1	
zapply.jobs/l/d/workday-avisbudget-abg-careers-r0190392	Avis Budget Group	Accelerate - IT Data Analytics Intern	https://zapply.jobs/l/d/workday-avisbudget-abg-careers-R0190392?s=gh-new-grad-data-science-jobs-2027	dropped	DROP:intern-coop-phd	2026-09-19	2026-09-19	1	
baxter.wd1.myworkdayjobs.com/en-us/baxter/job/skaneateles-ny/associate-software-engineer-co-op_jr-207560-1	Baxter	Associate Data Scientist Co-op	https://baxter.wd1.myworkdayjobs.com/en-US/baxter/job/Skaneateles-NY/Associate-Software-Engineer-Co-op_JR-207560-1	dropped	DROP:intern-coop-phd	2026-09-19	2026-09-19	1	
zapply.jobs/l/d/workday-blackrock-blackrock-professional-r266474	BlackRock	2027 Quantitative Masters Internship Program - Investments - Quantitative Investing - San Francisco	https://zapply.jobs/l/d/workday-blackrock-blackrock-professional-R266474?s=gh-new-grad-data-science-jobs-2027	dropped	DROP:intern-coop-phd	2026-09-19	2026-09-19	1	
blackrock.wd1.myworkdayjobs.com/en-us/blackrock_professional/job/new-york-ny/xmlname-2027-quantitative-masters-internship-program---investments---global-capital-markets---new-york_r266468	BlackRock	2027 Quantitative Masters Internship Program - Investments - Global Capital Markets - New York	https://blackrock.wd1.myworkdayjobs.com/en-US/blackrock_professional/job/New-York-NY/XMLNAME-2027-Quantitative-Masters-Internship-Program---Investments---Global-Capital-Markets---New-York_R266468	dropped	DROP:intern-coop-phd	2026-09-19	2026-09-19	1	
blackrock.wd1.myworkdayjobs.com/en-us/blackrock_professional/job/atlanta-ga/xmlname-2027-quantitative-masters-internship-program---investments---portfolio-management---atlanta_r266470	BlackRock	2027 Quantitative Masters Internship Program - Investments - Portfolio Management - Atlanta	https://blackrock.wd1.myworkdayjobs.com/en-US/blackrock_professional/job/Atlanta-GA/XMLNAME-2027-Quantitative-Masters-Internship-Program---Investments---Portfolio-Management---Atlanta_R266470	dropped	DROP:intern-coop-phd	2026-09-19	2026-09-19	1	
blackrock.wd1.myworkdayjobs.com/en-us/blackrock_professional/job/san-francisco-ca/xmlname-2027-quantitative-masters-internship-program---investments---global-capital-markets---san-francisco_r266469	BlackRock	2027 Quantitative Masters Internship Program - Investments - Global Capital Markets - San Francisco	https://blackrock.wd1.myworkdayjobs.com/en-US/blackrock_professional/job/San-Francisco-CA/XMLNAME-2027-Quantitative-Masters-Internship-Program---Investments---Global-Capital-Markets---San-Francisco_R266469	dropped	DROP:intern-coop-phd	2026-09-19	2026-09-19	1	
blackrock.wd1.myworkdayjobs.com/en-us/blackrock_professional/job/new-york-ny/xmlname-2027-quantitative-masters-internship-program---technology---analytics---modeling---new-york_r266477	BlackRock	2027 Quantitative Masters Internship Program - Technology - Analytics & Modeling - New York	https://blackrock.wd1.myworkdayjobs.com/en-US/blackrock_professional/job/New-York-NY/XMLNAME-2027-Quantitative-Masters-Internship-Program---Technology---Analytics---Modeling---New-York_R266477	dropped	DROP:intern-coop-phd	2026-09-19	2026-09-19	1	
americas-cookmedical.icims.com/jobs/19270/internship%2c-ai-and-data-solutions/job	Cook Medical	Internship - AI and Data Solutions	https://americas-cookmedical.icims.com/jobs/19270/internship%2c-ai-and-data-solutions/job	dropped	DROP:intern-coop-phd	2026-09-19	2026-09-19	1	
huntington.wd12.myworkdayjobs.com/en-us/hnbcareers/job/austin-tx/summer-2027-business-innovation---ai-products-intern_r0075876	Huntington Bank	Summer 2027 Business Innovation & AI Products Intern	https://huntington.wd12.myworkdayjobs.com/en-US/hnbcareers/job/Austin-TX/Summer-2027-Business-Innovation---AI-Products-Intern_R0075876	dropped	DROP:intern-coop-phd	2026-09-19	2026-09-19	1	
inmar.wd1.myworkdayjobs.com/en-us/inmarcareers/job/headquarters-winston-salem-nc/data--analytics---ai-internships--summer-2027_jy2627632	Inmar Intelligence	Data - Analytics & AI Internships - Summer 2027	https://inmar.wd1.myworkdayjobs.com/en-US/inmarcareers/job/Headquarters-Winston-Salem-NC/Data--Analytics---AI-Internships--Summer-2027_JY2627632	dropped	DROP:intern-coop-phd	2026-09-19	2026-09-19	1	
jj.wd5.myworkdayjobs.com/en-us/jj/job/gurabo-puerto-rico-united-states-of-america/warehouse-data-analytics-co-op_r-098705	Johnson & Johnson	Warehouse Data Analytics Co-Op	https://jj.wd5.myworkdayjobs.com/en-US/jj/job/Gurabo-Puerto-Rico-United-States-of-America/Warehouse-Data-Analytics-Co-Op_R-098705	dropped	DROP:intern-coop-phd	2026-09-19	2026-09-19	1	
micron.wd1.myworkdayjobs.com/en-us/external/job/folsom-ca/intern---ai-hardware-and-memory-systems_jr111017	Micron Technology	Intern - AI Hardware and Memory Systems	https://micron.wd1.myworkdayjobs.com/en-US/external/job/Folsom-CA/Intern---AI-Hardware-and-Memory-Systems_JR111017	dropped	DROP:intern-coop-phd	2026-09-19	2026-09-19	1	
oshkoshcorporation.wd5.myworkdayjobs.com/en-us/oshkosh/job/frederick-maryland-united-states/autonomy-engineering-intern_r49417	Oshkosh	Autonomy Engineering Intern	https://oshkoshcorporation.wd5.myworkdayjobs.com/en-US/oshkosh/job/Frederick-Maryland-United-States/Autonomy-Engineering-Intern_R49417	dropped	DROP:intern-coop-phd	2026-09-19	2026-09-19	1	
philips.wd3.myworkdayjobs.com/en-us/jobs-and-careers/job/nashville-tennessee-united-states/intern--ai-business-operations-nashville--tn-summer-2027_590986	Philips	Intern- AI Business Operations-Nashville - TN-Summer 2027	https://philips.wd3.myworkdayjobs.com/en-US/jobs-and-careers/job/Nashville-Tennessee-United-States/Intern--AI-Business-Operations-Nashville--TN-Summer-2027_590986	dropped	DROP:intern-coop-phd	2026-09-19	2026-09-19	1	
jobs.ashbyhq.com/pressw/3b69cc30-a47b-4cd2-a27c-763b8f65c8e3	PressW	Applied AI Engineer Intern	https://jobs.ashbyhq.com/pressw/3b69cc30-a47b-4cd2-a27c-763b8f65c8e3	dropped	DROP:intern-coop-phd	2026-09-19	2026-09-19	1	
zapply.jobs/l/d/workday-q2ebanking-q2-req-12796	Q2	2027 Summer Internship - Data Science	https://zapply.jobs/l/d/workday-q2ebanking-q2-REQ-12796?s=gh-new-grad-data-science-jobs-2027	dropped	DROP:intern-coop-phd	2026-09-19	2026-09-19	1	
zapply.jobs/l/d/workday-q2ebanking-q2-req-12797	Q2	2027 Summer Internship - Machine Learning Engineer	https://zapply.jobs/l/d/workday-q2ebanking-q2-REQ-12797?s=gh-new-grad-data-science-jobs-2027	dropped	DROP:intern-coop-phd	2026-09-19	2026-09-19	1	
ssctech.wd1.myworkdayjobs.com/en-us/ssctechnologies/job/braintree-ma---30-braintree-hill-park/rs-operational-ai-analyst-intern_r45766	SS&C	RS Operational AI Analyst Intern	https://ssctech.wd1.myworkdayjobs.com/en-US/ssctechnologies/job/Braintree-MA---30-Braintree-Hill-Park/RS-Operational-AI-Analyst-Intern_R45766	dropped	DROP:intern-coop-phd	2026-09-19	2026-09-19	1	
zapply.jobs/l/d/workday-borgwarner-borgwarner-careers-r2026-3599	BorgWarner	IAM Security Engineer	https://zapply.jobs/l/d/workday-borgwarner-borgwarner-careers-R2026-3599?s=gh-new-grad-jobs-2027	dropped	DROP:no-target-role-match	2026-09-19	2026-09-19	1	
zapply.jobs/l/d/workday-motorolasolutions-careers-r62675	Motorola Solutions	Cybersecurity Engineer (FedRAMP) (US Remote)	https://zapply.jobs/l/d/workday-motorolasolutions-careers-R62675?s=gh-new-grad-jobs-2027	dropped	DROP:no-target-role-match	2026-09-19	2026-09-19	1	
zapply.jobs/l/d/workday-usaa-usaajobswd-r0119880	USAA	R0119880 Cloud Info Security Analyst – Intermediate Level	https://zapply.jobs/l/d/workday-usaa-usaajobswd-R0119880?s=gh-new-grad-jobs-2027	dropped	DROP:no-target-role-match	2026-09-19	2026-09-19	1	
zapply.jobs/l/d/workday-boeing-external-careers-jr2026520228	Boeing	Mid-level Product Security Engineer	https://zapply.jobs/l/d/workday-boeing-external-careers-JR2026520228?s=gh-new-grad-jobs-2027	dropped	DROP:no-target-role-match	2026-09-19	2026-09-19	1	
zapply.jobs/l/d/workday-allstate-allstate-careers-r29721	Allstate	Cloud Product Security Engineer	https://zapply.jobs/l/d/workday-allstate-allstate-careers-R29721?s=gh-new-grad-jobs-2027	dropped	DROP:no-target-role-match	2026-09-19	2026-09-19	1	
zapply.jobs/l/d/workday-allstate-allstate-careers-r35112	Allstate	Managing Engineer - Cloud Security Engineering	https://zapply.jobs/l/d/workday-allstate-allstate-careers-R35112?s=gh-new-grad-jobs-2027	dropped	DROP:no-target-role-match	2026-09-19	2026-09-19	1	
zapply.jobs/l/d/workday-ngc-northrop-grumman-external-site-r10248288	Northrop Grumman	Cybersecurity Systems Engineer (Level 3/4)	https://zapply.jobs/l/d/workday-ngc-northrop-grumman-external-site-R10248288?s=gh-new-grad-jobs-2027	dropped	DROP:no-target-role-match	2026-09-19	2026-09-19	1	
zapply.jobs/l/d/workday-td-td-bank-careers-r_1509390	TD Bank	Information Security Specialist (US) Risk Controls & Governance	https://zapply.jobs/l/d/workday-td-td-bank-careers-R_1509390?s=gh-new-grad-jobs-2027	dropped	DROP:no-target-role-match	2026-09-19	2026-09-19	1	
zapply.jobs/l/d/workday-visa-visa-ref088409w	Visa	Cybersecurity Engineer	https://zapply.jobs/l/d/workday-visa-visa-REF088409W?s=gh-new-grad-jobs-2027	dropped	DROP:no-target-role-match	2026-09-19	2026-09-19	1	
zapply.jobs/l/d/workday-cat-caterpillarcareers-r0000392399	Caterpillar	Cybersecurity Program Manager supporting Governance, Risk, and Compliance	https://zapply.jobs/l/d/workday-cat-caterpillarcareers-R0000392399?s=gh-new-grad-jobs-2027	dropped	DROP:no-target-role-match	2026-09-19	2026-09-19	1	
zapply.jobs/l/d/ashby-matx-0d29836a-d726-47b8-9b81-d23e0e69014d	MatX	Security Engineer	https://zapply.jobs/l/d/ashby-matx-0d29836a-d726-47b8-9b81-d23e0e69014d?s=gh-new-grad-jobs-2027	dropped	DROP:no-target-role-match	2026-09-19	2026-09-19	1	
zapply.jobs/l/d/workday-globalhr-rec-rtx-ext-gateway-01874702	RTX	Internship – Raytheon Systems Security Engineer -Onsite	https://zapply.jobs/l/d/workday-globalhr-rec-rtx-ext-gateway-01874702?s=gh-new-grad-jobs-2027	dropped	DROP:intern-coop-phd	2026-09-19	2026-09-19	1	
zapply.jobs/l/d/workday-pae-amentum-careers-r0170718	Amentum	Expert Cyber Security Engineer	https://zapply.jobs/l/d/workday-pae-amentum-careers-R0170718?s=gh-new-grad-jobs-2027	dropped	DROP:no-target-role-match	2026-09-19	2026-09-19	1	
zapply.jobs/l/d/workday-pnc-external-r235187	PNC Financial Services	Security Analyst - Physical Intelligence Team	https://zapply.jobs/l/d/workday-pnc-external-R235187?s=gh-new-grad-jobs-2027	dropped	DROP:no-target-role-match	2026-09-19	2026-09-19	1	
zapply.jobs/l/d/greenhouse-darkwolfsolutions-7996247003	Dark Wolf Solutions	Information Systems Security Engineer	https://zapply.jobs/l/d/greenhouse-darkwolfsolutions-7996247003?s=gh-new-grad-jobs-2027	dropped	DROP:no-target-role-match	2026-09-19	2026-09-19	1	
zapply.jobs/l/d/workday-swbc-swbccareers-r0015544	SWBC	Analytics Engineer II	https://zapply.jobs/l/d/workday-swbc-swbccareers-R0015544?s=gh-new-grad-data-science-jobs-2027	dropped	DROP:no-target-role-match	2026-09-19	2026-09-19	1	
zapply.jobs/l/d/workday-radiancetech-radiance-external-hr102380	Radiance Technologies	Data Scientist	https://zapply.jobs/l/d/workday-radiancetech-radiance-external-HR102380?s=gh-new-grad-data-science-jobs-2027	dropped	DROP:no-target-role-match	2026-09-19	2026-09-19	1	
zapply.jobs/l/d/workday-paypal-jobs-r0138042	PayPal	Data Scientist - Payments Risk Management & Data Analytics	https://zapply.jobs/l/d/workday-paypal-jobs-R0138042?s=gh-new-grad-data-science-jobs-2027	dropped	DROP:no-target-role-match	2026-09-19	2026-09-19	1	
zapply.jobs/l/d/workday-paypal-jobs-r0137881	PayPal	Data Scientist	https://zapply.jobs/l/d/workday-paypal-jobs-R0137881?s=gh-new-grad-data-science-jobs-2027	dropped	DROP:no-target-role-match	2026-09-19	2026-09-19	1	
zapply.jobs/l/d/workday-boystown-boystowncareers-req-2026-9330	Boys Town	Research Scientist II (Statistician)	https://zapply.jobs/l/d/workday-boystown-boystowncareers-REQ-2026-9330?s=gh-new-grad-data-science-jobs-2027	dropped	DROP:no-target-role-match	2026-09-19	2026-09-19	1	
zapply.jobs/l/d/workday-zillow-zillow-group-external-p751219	Zillow	Data Scientist	https://zapply.jobs/l/d/workday-zillow-zillow-group-external-P751219?s=gh-new-grad-data-science-jobs-2027	dropped	DROP:no-target-role-match	2026-09-19	2026-09-19	1	
zapply.jobs/l/d/workday-avav-avav-8761	AeroVironment	research Scientist-Molecular Biologist	https://zapply.jobs/l/d/workday-avav-avav-8761?s=gh-new-grad-data-science-jobs-2027	dropped	DROP:no-target-role-match	2026-09-19	2026-09-19	1	
zapply.jobs/l/d/workday-autodesk-ext-26wd100824	Autodesk	Data Scientist, FP&A Solutions	https://zapply.jobs/l/d/workday-autodesk-ext-26WD100824?s=gh-new-grad-data-science-jobs-2027	dropped	DROP:no-target-role-match	2026-09-19	2026-09-19	1	
zapply.jobs/l/d/workday-aptiv-aptiv-careers-j000695390	Aptiv	QLIK Programmer / Quality Data Analyst	https://zapply.jobs/l/d/workday-aptiv-aptiv-careers-J000695390?s=gh-new-grad-data-science-jobs-2027	dropped	DROP:no-target-role-match	2026-09-19	2026-09-19	1	
zapply.jobs/l/d/workday-barclays-external-career-site-barclays-jr-0000117264	Barclays	Data Privacy Manager	https://zapply.jobs/l/d/workday-barclays-external-career-site-barclays-JR-0000117264?s=gh-new-grad-data-science-jobs-2027	dropped	DROP:no-target-role-match	2026-09-19	2026-09-19	1	
zapply.jobs/l/d/workday-barclays-external-career-site-barclays-jr-0000088976	Barclays	Analytics AVP US	https://zapply.jobs/l/d/workday-barclays-external-career-site-barclays-JR-0000088976?s=gh-new-grad-data-science-jobs-2027	dropped	DROP:no-target-role-match	2026-09-19	2026-09-19	1	
zapply.jobs/l/d/workday-hpe-jobsathpe-1211885	HPE (University)	AI Workflow Specialist Graduate	https://zapply.jobs/l/d/workday-hpe-jobsathpe-1211885?s=gh-new-grad-data-science-jobs-2027	dropped	DROP:no-target-role-match	2026-09-19	2026-09-19	1	
zapply.jobs/l/d/workday-gilead-gileadcareers-r0054645	Gilead Sciences	Intern - Commercial - Marketing Insights & Global Decision Sciences	https://zapply.jobs/l/d/workday-gilead-gileadcareers-R0054645?s=gh-new-grad-data-science-jobs-2027	dropped	DROP:intern-coop-phd	2026-09-19	2026-09-19	1	
zapply.jobs/l/d/workday-draftkings-draftkings-jr14842	DraftKings	Analyst II, Casino Analytics	https://zapply.jobs/l/d/workday-draftkings-draftkings-JR14842?s=gh-new-grad-data-science-jobs-2027	dropped	DROP:no-target-role-match	2026-09-19	2026-09-19	1	
zapply.jobs/l/d/workday-archgroup-careers-r26_331	Arch Capital Group	Claims Data Quality Analyst	https://zapply.jobs/l/d/workday-archgroup-careers-R26_331?s=gh-new-grad-data-science-jobs-2027	dropped	DROP:no-target-role-match	2026-09-19	2026-09-19	1	
zapply.jobs/l/d/workday-statestreet-global-r-794991	State Street	Data Analytics & Management - Officer	https://zapply.jobs/l/d/workday-statestreet-global-R-794991?s=gh-new-grad-data-science-jobs-2027	dropped	DROP:no-target-role-match	2026-09-19	2026-09-19	1	
zapply.jobs/l/d/workday-fmr-fidelitycareers-2135505	Fidelity Investments	Manager, Advanced Data Analytics and Insights	https://zapply.jobs/l/d/workday-fmr-fidelitycareers-2135505?s=gh-new-grad-data-science-jobs-2027	dropped	DROP:no-target-role-match	2026-09-19	2026-09-19	1	
zapply.jobs/l/d/workday-rb-frs-r-0000033179	Federal Reserve System	HR Data Analyst	https://zapply.jobs/l/d/workday-rb-frs-R-0000033179?s=gh-new-grad-data-science-jobs-2027	dropped	DROP:no-target-role-match	2026-09-19	2026-09-19	1	
zapply.jobs/l/d/workday-blackrock-blackrock-professional-r266473	BlackRock	2027 Quantitative Masters Internship Program - Investments - Quantitative Investing - New York	https://zapply.jobs/l/d/workday-blackrock-blackrock-professional-R266473?s=gh-new-grad-data-science-jobs-2027	dropped	DROP:intern-coop-phd	2026-09-19	2026-09-19	1	
zapply.jobs/l/d/workday-gaig-gaig-external-r9560	National Interstate Insurance	Specialty Claims Summer Intern	https://zapply.jobs/l/d/workday-gaig-gaig-external-R9560?s=gh-new-grad-data-science-jobs-2027	dropped	DROP:intern-coop-phd	2026-09-19	2026-09-19	1	
zapply.jobs/l/d/workday-ancestry-careers-r003451	Ancestry	Content Data Support Specialist	https://zapply.jobs/l/d/workday-ancestry-careers-R003451?s=gh-new-grad-data-science-jobs-2027	dropped	DROP:no-target-role-match	2026-09-19	2026-09-19	1	
zapply.jobs/l/d/greenhouse-anthropic-5422952008	Anthropic	Protective Intelligence Analyst	https://zapply.jobs/l/d/greenhouse-anthropic-5422952008?s=gh-new-grad-data-science-jobs-2027	dropped	DROP:no-target-role-match	2026-09-19	2026-09-19	1	
zapply.jobs/l/d/greenhouse-icapitalnetwork-8802901002	iCapital Network	Quant Engineer- Assistant Vice President	https://zapply.jobs/l/d/greenhouse-icapitalnetwork-8802901002?s=gh-new-grad-data-science-jobs-2027	dropped	DROP:no-target-role-match	2026-09-19	2026-09-19	1	
zapply.jobs/l/d/workday-bbva-bbva-jr00114925	BBVA	DATA ENGINEERING ASSOCIATE II-4	https://zapply.jobs/l/d/workday-bbva-bbva-JR00114925?s=gh-new-grad-data-science-jobs-2027	dropped	DROP:no-target-role-match	2026-09-19	2026-09-19	1	
zapply.jobs/l/d/workday-bbva-bbva-jr00114923	BBVA	DATA ENGINEERING ASSOCIATE II-2	https://zapply.jobs/l/d/workday-bbva-bbva-JR00114923?s=gh-new-grad-data-science-jobs-2027	dropped	DROP:no-target-role-match	2026-09-19	2026-09-19	1	
zapply.jobs/l/d/workday-cox-cox-external-career-site-1-r202682238	Cox	Data Engineer I	https://zapply.jobs/l/d/workday-cox-cox-external-career-site-1-R202682238?s=gh-new-grad-data-science-jobs-2027	dropped	DROP:no-target-role-match	2026-09-19	2026-09-19	1	
zapply.jobs/l/d/starbucks-260057412	Starbucks	data engineer sr- ST; Seattle, WA	https://zapply.jobs/l/d/starbucks-260057412?s=gh-new-grad-data-science-jobs-2027	dropped	DROP:no-target-role-match	2026-09-19	2026-09-19	1	
zapply.jobs/l/d/workday-capitalone-capital-one-r1000725	Capital One	Manager, Product Manager, Audit Insights & Innovation, AI and Data Engineering	https://zapply.jobs/l/d/workday-capitalone-capital-one-R1000725?s=gh-new-grad-data-science-jobs-2027	dropped	DROP:outside-target-metro	2026-09-19	2026-09-19	1	
zapply.jobs/l/d/apple-200682742	Apple	Engineering Project Manager, Ai & Data Platforms (AiDP)	https://zapply.jobs/l/d/apple-200682742?s=gh-new-grad-data-science-jobs-2027	dropped	DROP:no-target-role-match	2026-09-19	2026-09-19	1	
zapply.jobs/l/d/sr-abbvie-3743990015277307	AbbVie	Data Engineer, AI Enablement	https://zapply.jobs/l/d/sr-AbbVie-3743990015277307?s=gh-new-grad-data-science-jobs-2027	dropped	DROP:no-target-role-match	2026-09-19	2026-09-19	1	
zapply.jobs/l/d/workday-globalhr-rec-rtx-ext-gateway-01866945	RTX	Data Engineer SAP	https://zapply.jobs/l/d/workday-globalhr-rec-rtx-ext-gateway-01866945?s=gh-new-grad-data-science-jobs-2027	dropped	DROP:no-target-role-match	2026-09-19	2026-09-19	1	
zapply.jobs/l/d/workday-fis-searchjobs-jr0307826	FIS	Business Intelligence & Data Analysis, AWS, BI	https://zapply.jobs/l/d/workday-fis-searchjobs-JR0307826?s=gh-new-grad-data-science-jobs-2027	dropped	DROP:no-target-role-match	2026-09-19	2026-09-19	1	
zapply.jobs/l/d/workday-cat-caterpillarcareers-r0000393308	Caterpillar	Business Intelligence & Insights Analyst	https://zapply.jobs/l/d/workday-cat-caterpillarcareers-R0000393308?s=gh-new-grad-data-science-jobs-2027	dropped	DROP:no-target-role-match	2026-09-19	2026-09-19	1	
zapply.jobs/l/d/workday-statestreet-global-r-792531	State Street	AI Engineer – GenAI & Agentic Systems (Officer)	https://zapply.jobs/l/d/workday-statestreet-global-R-792531?s=gh-new-grad-data-science-jobs-2027	dropped	DROP:no-target-role-match	2026-09-19	2026-09-19	1	
zapply.jobs/l/d/workday-modernatx-m-tx-r19767	Moderna	AI Engineer	https://zapply.jobs/l/d/workday-modernatx-m-tx-R19767?s=gh-new-grad-data-science-jobs-2027	dropped	DROP:no-target-role-match	2026-09-19	2026-09-19	1	
zapply.jobs/l/d/workday-abbott-abbottcareers-31162232	Abbott	AI Engineer	https://zapply.jobs/l/d/workday-abbott-abbottcareers-31162232?s=gh-new-grad-data-science-jobs-2027	dropped	DROP:no-target-role-match	2026-09-19	2026-09-19	1	
zapply.jobs/l/d/apple-200671833	Apple	Machine Learning Research Engineer, NLP, Input Experience	https://zapply.jobs/l/d/apple-200671833?s=gh-new-grad-data-science-jobs-2027	dropped	DROP:no-target-role-match	2026-09-19	2026-09-19	1	
oldmissioncapital.com/careers?gh_jid=7993756003	Old Mission	Floor Trader New Grad	https://www.oldmissioncapital.com/careers/?gh_jid=7993756003	dropped	DROP:no-target-role-match	2026-09-19	2026-09-19	1	
starbucks.eightfold.ai/careers/job/481079150478	Starbucks	Application Developer - Application Development	https://starbucks.eightfold.ai/careers/job/481079150478	dropped	DROP:no-target-role-match	2026-09-19	2026-09-19	1	
lifeattiktok.com/search/7685552743586826549	TikTok	Machine Learning Engineer Graduate - E-Commerce Content Recommendation - Generative & Large Recommendation Model	https://lifeattiktok.com/search/7685552743586826549	dropped	DROP:no-target-role-match	2026-09-19	2026-09-19	1	
jobs.ashbyhq.com/roadrunner/eeeb9757-78e0-4776-889e-507a013e1fcf/application	RoadRunner	Forward Deployed Engineer New Grad	https://jobs.ashbyhq.com/Roadrunner/eeeb9757-78e0-4776-889e-507a013e1fcf/application?embed=true	dropped	DROP:no-target-role-match	2026-09-19	2026-09-19	1	
hdjq.fa.us2.oraclecloud.com/hcmui/candidateexperience/en/sites/cx_1/job/26010937	Emerson Electric	Software Engineer	https://hdjq.fa.us2.oraclecloud.com/hcmUI/CandidateExperience/en/sites/CX_1/job/26010937	dropped	DROP:no-target-role-match	2026-09-19	2026-09-19	1	
jobs.l3harris.com/job/palm-bay-senior-associate,-business-intelligence-analyst-fl-32905/1430419400	L3Harris Technologies	Business Intelligence Analyst	https://jobs.l3harris.com/job/Palm-Bay-Senior-Associate,-Business-Intelligence-Analyst-FL-32905/1430419400/?ats=successfactors	dropped	DROP:no-target-role-match	2026-09-19	2026-09-19	1	
aoins.wd5.myworkdayjobs.com/autoowners/job/lansing-mi/business-intelligence-developer_r_14525	Auto-Owners Insurance	Business Intelligence Developer	https://aoins.wd5.myworkdayjobs.com/AutoOwners/job/Lansing-MI/Business-Intelligence-Developer_R_14525	dropped	DROP:no-target-role-match	2026-09-19	2026-09-19	1	
icf.wd5.myworkdayjobs.com/icfexternal_career_site/job/reston-va/junior-software-engineer--entry-level---remote-us-_r2603054	ICF International	Junior Software Engineer	https://icf.wd5.myworkdayjobs.com/icfexternal_career_site/job/Reston-VA/Junior-Software-Engineer--Entry-level---Remote-US-_R2603054	dropped	DROP:no-target-role-match	2026-09-19	2026-09-19	1	
guidestone.wd1.myworkdayjobs.com/guidestone/job/dallas-tx/associate-software-developer_r1989	GuideStone	Associate Software Developer	https://guidestone.wd1.myworkdayjobs.com/guidestone/job/Dallas-TX/Associate-Software-Developer_R1989	dropped	DROP:no-target-role-match	2026-09-19	2026-09-19	1	
ag.wd3.myworkdayjobs.com/airbus/job/bingen-wa/hmi-desktop-applications-software-engineer_jr10439506	Airbus	HMI/Desktop Applications Software Engineer	https://ag.wd3.myworkdayjobs.com/Airbus/job/Bingen-WA/HMI-Desktop-Applications-Software-Engineer_JR10439506	dropped	DROP:no-target-role-match	2026-09-19	2026-09-19	1	
hp.wd5.myworkdayjobs.com/externalcareersite/job/cambridge-cambridgeshire-united-kingdom/data-analyst_3160884-2	Hewlett Packard	Data Analyst - Technical Consulting and R&D	https://hp.wd5.myworkdayjobs.com/externalcareersite/job/Cambridge-Cambridgeshire-United-Kingdom/Data-Analyst_3160884-2	dropped	DROP:no-target-role-match	2026-09-19	2026-09-19	1	
hp.wd5.myworkdayjobs.com/exteu-ac-careersite/job/cambridge-cambridgeshire-united-kingdom/data-analyst_3160884-1	Hewlett Packard	Junior Data Analyst / Project Coordinator	https://hp.wd5.myworkdayjobs.com/EXTEU-AC-CareerSite/job/Cambridge-Cambridgeshire-United-Kingdom/Data-Analyst_3160884-1	dropped	DROP:no-target-role-match	2026-09-19	2026-09-19	1	
ngc.wd1.myworkdayjobs.com/northrop_grumman_external_site/job/united-states-maryland-linthicum/xmlname-2027-associate-electronics-engineer---pathways-program---linthicum-md_r10251108	Northrop Grumman	Associate Electronics Engineer - Pathways Program	https://ngc.wd1.myworkdayjobs.com/Northrop_Grumman_External_Site/job/United-States-Maryland-Linthicum/XMLNAME-2027-Associate-Electronics-Engineer---Pathways-Program---Linthicum-MD_R10251108	dropped	DROP:no-target-role-match	2026-09-19	2026-09-19	1	
relx.wd3.myworkdayjobs.com/en-us/relx/job/london-wall/tech-accelerate-grad-program-software-engineer_r118618-1	RELX	Software Engineer 1 - Risk Solutions Technology Graduate Program	https://relx.wd3.myworkdayjobs.com/en-US/relx/job/London-Wall/Tech-Accelerate-Grad-Program-Software-Engineer_R118618-1	dropped	DROP:non-target-country	2026-09-19	2026-09-19	1	
costar.wd1.myworkdayjobs.com/en-us/costarcareers/job/us-fl-miami/part-time-field-researcher---zonda---miami-fl_r39834	CoStar Group	Field Researcher	https://costar.wd1.myworkdayjobs.com/en-US/CoStarCareers/job/US-FL-Miami/Part-Time-Field-Researcher---Zonda---Miami-FL_R39834	dropped	DROP:no-target-role-match	2026-09-19	2026-09-19	1	
cenovus.wd3.myworkdayjobs.com/careers/job/ca-ab-calgary/commercial---development-analyst_r-411124	Cenovus Energy	Commercial & Development Analyst	https://cenovus.wd3.myworkdayjobs.com/careers/job/CA-AB-Calgary/Commercial---Development-Analyst_R-411124	dropped	DROP:non-target-country	2026-09-19	2026-09-19	1	
generalmotors.wd5.myworkdayjobs.com/en-ca/careers_gm/job/austin-texas-united-states-of-america/data-engineer---data-software-engineering-and-cloud-platforms--early-career_jr-202620428	General Motors	Data Engineer	https://generalmotors.wd5.myworkdayjobs.com/en-CA/Careers_GM/job/Austin-Texas-United-States-of-America/Data-Engineer---Data-Software-Engineering-and-Cloud-Platforms--Early-Career_JR-202620428	dropped	DROP:no-target-role-match	2026-09-19	2026-09-19	1	
ms.wd5.myworkdayjobs.com/external/job/new-york-new-york-united-states-of-america/fixed-income-division---analyst--municipal-markets--new-york-_jr043965-1	Morgan Stanley	Quantitative Strategist - Fixed Income Division - Municipal Markets	https://ms.wd5.myworkdayjobs.com/External/job/New-York-New-York-United-States-of-America/Fixed-Income-Division---Analyst--Municipal-Markets--New-York-_JR043965-1	dropped	DROP:no-target-role-match	2026-09-19	2026-09-19	1	
generalmotors.wd5.myworkdayjobs.com/en-ca/careers_gm/job/austin-texas-united-states-of-america/software-engineer--data-software-engineering-and-cloud-platforms--early-careers_jr-202620418	General Motors	Software Engineer - Early Careers	https://generalmotors.wd5.myworkdayjobs.com/en-CA/Careers_GM/job/Austin-Texas-United-States-of-America/Software-Engineer--Data-Software-Engineering-and-Cloud-Platforms--Early-Careers_JR-202620418	dropped	DROP:no-target-role-match	2026-09-19	2026-09-19	1	
globalhr.wd5.myworkdayjobs.com/rec_rtx_ext_gateway/job/us-al-huntsville-315--315-bob-heath-dr--bob-heath/ecad-engineer-i---onsite_01834011	RTX	Electrical Computer-Aided Design Engineer 1	https://globalhr.wd5.myworkdayjobs.com/rec_rtx_ext_gateway/job/US-AL-HUNTSVILLE-315--315-Bob-Heath-Dr--BOB-HEATH/ECAD-Engineer-I---Onsite_01834011	dropped	DROP:no-target-role-match	2026-09-19	2026-09-19	1	
aero.wd5.myworkdayjobs.com/external/job/el-segundo-ca/xmlname-2027-vehicle-systems-software-engineer_r016604	The Aerospace Corporation	Vehicle Systems Software Engineer - Multidisciplinary Guidance Navigation & Control	https://aero.wd5.myworkdayjobs.com/external/job/El-Segundo-CA/XMLNAME-2027-Vehicle-Systems-Software-Engineer_R016604	dropped	DROP:no-target-role-match	2026-09-19	2026-09-19	1	
fhlbc.wd1.myworkdayjobs.com/search/job/chicago/rotational-analyst_r2600448	FHLBank Chicago	Rotational Analyst	https://fhlbc.wd1.myworkdayjobs.com/search/job/Chicago/Rotational-Analyst_R2600448	dropped	DROP:no-target-role-match	2026-09-19	2026-09-19	1	
relx.wd3.myworkdayjobs.com/en-us/risksolutions/job/london-wall/tech-accelerate-grad-program-software-engineer_r118618	LexisNexis Risk Solutions	Software Engineer 1 - Risk Solutions Technology Graduate Program	https://relx.wd3.myworkdayjobs.com/en-US/RiskSolutions/job/London-Wall/Tech-Accelerate-Grad-Program-Software-Engineer_R118618	dropped	DROP:non-target-country	2026-09-19	2026-09-19	1	
costar.wd1.myworkdayjobs.com/en-us/costarcareers/job/us-al-field-based/part-time-field-researcher---zonda---robertsdale-al_r39835	CoStar Group	Field Researcher - Zonda	https://costar.wd1.myworkdayjobs.com/en-US/CoStarCareers/job/US-AL-Field-Based/Part-Time-Field-Researcher---Zonda---Robertsdale-AL_R39835	dropped	DROP:no-target-role-match	2026-09-19	2026-09-19	1	
relx.wd3.myworkdayjobs.com/en-us/relx/job/alpharetta-ga/software-engineer-1_r117973-1	RELX	Software Engineer 1	https://relx.wd3.myworkdayjobs.com/en-US/relx/job/Alpharetta-GA/Software-Engineer-1_R117973-1	dropped	DROP:no-target-role-match	2026-09-19	2026-09-19	1	
visa.wd5.myworkdayjobs.com/visa/job/us---austin-tx/associate-product-manager--apm---new-college-graduate-rotational-program--2027_ref088601w-1	Visa	Associate Product Manager New Grad - Multiple Teams	https://visa.wd5.myworkdayjobs.com/Visa/job/US---Austin-TX/Associate-Product-Manager--APM---New-College-Graduate-Rotational-Program--2027_REF088601W-1	dropped	DROP:outside-target-metro	2026-09-19	2026-09-19	1	
amat.wd1.myworkdayjobs.com/external/job/santa-claraca/ai-materials-research-engineer_r2628482-1	Applied Materials	AI Materials Research Engineer	https://amat.wd1.myworkdayjobs.com/External/job/Santa-ClaraCA/AI-Materials-Research-Engineer_R2628482-1	dropped	DROP:no-target-role-match	2026-09-19	2026-09-19	1	
relx.wd3.myworkdayjobs.com/en-us/risksolutions/job/alpharetta-ga/software-engineer-1_r117973	LexisNexis Risk Solutions	Software Engineer 1	https://relx.wd3.myworkdayjobs.com/en-US/RiskSolutions/job/Alpharetta-GA/Software-Engineer-1_R117973	dropped	DROP:no-target-role-match	2026-09-19	2026-09-19	1	
job-boards.eu.greenhouse.io/optimove/jobs/4971259101	Optimove	Customer Data Engineer	https://job-boards.eu.greenhouse.io/optimove/jobs/4971259101	dropped	DROP:no-target-role-match	2026-09-19	2026-09-19	1	
job-boards.greenhouse.io/clevelandguardiansbops/jobs/8770570002	Major League Baseball	Data Scientist - Baseball Research & Development	https://job-boards.greenhouse.io/clevelandguardiansbops/jobs/8770570002	dropped	DROP:no-target-role-match	2026-09-19	2026-09-19	1	
job-boards.greenhouse.io/truveta/jobs/6193466004	Truveta	Software Engineer - Analytical Platform Services	https://job-boards.greenhouse.io/truveta/jobs/6193466004	dropped	DROP:no-target-role-match	2026-09-19	2026-09-19	1	
jobs.ashbyhq.com/cerebras/8cb78937-ac30-4ab2-98d0-680228ea5e6f/application	Cerebras	Software Engineer - Kernel Reliability	https://jobs.ashbyhq.com/cerebras/8cb78937-ac30-4ab2-98d0-680228ea5e6f/application?embed=true	dropped	DROP:no-target-role-match	2026-09-19	2026-09-19	1	
careers.jhuapl.edu/jobs/60053	Johns Hopkins Applied Physics Laboratory	Neural Engineering Researcher	https://careers.jhuapl.edu/jobs/60053?icims=1	dropped	DROP:no-target-role-match	2026-09-19	2026-09-19	1	
careers.jhuapl.edu/jobs/60075	Johns Hopkins Applied Physics Laboratory	AI Researcher - Artificial Intelligence and Complex Systems	https://careers.jhuapl.edu/jobs/60075?icims=1	dropped	DROP:no-target-role-match	2026-09-19	2026-09-19	1	
johndeere.eightfold.ai/careers/job/137481439862	John Deere	Software Architecture Engineer - Product Engineering	https://johndeere.eightfold.ai/careers/job/137481439862	dropped	DROP:no-target-role-match	2026-09-19	2026-09-19	1	
jobs.ashbyhq.com/coram-ai/3fa08156-569d-4a69-a918-53e5074dd3a3/application	Coram AI	Graduate Software Engineer	https://jobs.ashbyhq.com/coram-ai/3fa08156-569d-4a69-a918-53e5074dd3a3/application?embed=true	dropped	DROP:no-target-role-match	2026-09-19	2026-09-19	1	
apply.workable.com/saalex/j/758c0628c9/apply	Saalex	Junior Systems Developer and Data Analyst	https://apply.workable.com/saalex/j/758C0628C9/apply	dropped	DROP:no-target-role-match	2026-09-19	2026-09-19	1	
valitanallc.applytojob.com/apply/2gc9lr7vgg/client-onboarding-software-engineer-analyst	Valitana	Client Onboarding Software Engineer - Analyst	https://valitanallc.applytojob.com/apply/2gc9lR7vgG/Client-Onboarding-Software-Engineer-Analyst	dropped	DROP:no-target-role-match	2026-09-19	2026-09-19	1	
egay.fa.us6.oraclecloud.com/hcmui/candidateexperience/en/sites/cx_4001/job/44448	NOV	Software Engineer - Pathway - Rig Technologies	https://egay.fa.us6.oraclecloud.com/hcmUI/CandidateExperience/en/sites/CX_4001/job/44448	dropped	DROP:no-target-role-match	2026-09-19	2026-09-19	1	
jobs.lever.co/tri/8851c6af-6a0f-4fc2-8805-8d8b266d1dd3/apply	Toyota Research Institute	Machine Learning Research Scientist - Mechanical Intuition in Multimodal Models	https://jobs.lever.co/tri/8851c6af-6a0f-4fc2-8805-8d8b266d1dd3/apply	dropped	DROP:no-target-role-match	2026-09-19	2026-09-19	1	
edmn.fa.us2.oraclecloud.com/hcmui/candidateexperience/en/sites/cx_1/job/89459	Caesars Entertainment	Analyst 1 - Point of Sale	https://edmn.fa.us2.oraclecloud.com/hcmUI/CandidateExperience/en/sites/CX_1/job/89459	dropped	DROP:no-target-role-match	2026-09-19	2026-09-19	1	
edbz.fa.us2.oraclecloud.com/hcmui/candidateexperience/en/sites/cx/job/25015894	Texas Instruments	Data Engineer - Career Accelerator Program	https://edbz.fa.us2.oraclecloud.com/hcmUI/CandidateExperience/en/sites/CX/job/25015894	dropped	DROP:no-target-role-match	2026-09-19	2026-09-19	1	
careers.amd.com/jobs/91874	AMD	Engineering Lab Operator	https://careers.amd.com/jobs/91874?icims=1	dropped	DROP:no-target-role-match	2026-09-19	2026-09-19	1	
fa-espx-saasfaprod1.fa.ocs.oraclecloud.com/hcmui/candidateexperience/en/sites/cx_1/job/2436610	Cummins	Vehicle Integration Systems Electronics Engineer	https://fa-espx-saasfaprod1.fa.ocs.oraclecloud.com/hcmUI/CandidateExperience/en/sites/CX_1/job/2436610	dropped	DROP:no-target-role-match	2026-09-19	2026-09-19	1	
job-boards.greenhouse.io/singlestore/jobs/8205389	SingleStore	Software Engineer New Grad	https://job-boards.greenhouse.io/singlestore/jobs/8205389	dropped	DROP:no-target-role-match	2026-09-19	2026-09-19	1	
career-schwab.icims.com/jobs/126890/job	Charles Schwab	Senior Specialist - AI Model Validation	https://career-schwab.icims.com/jobs/126890/job?mobile=true&needsRedirect=false	dropped	DROP:no-target-role-match	2026-09-19	2026-09-19	1	
careers-peopletec.icims.com/jobs/5315/job	PeopleTec	Software Engineer	https://careers-peopletec.icims.com/jobs/5315/job?mobile=true&needsRedirect=false	dropped	DROP:no-target-role-match	2026-09-19	2026-09-19	1	
job-boards.greenhouse.io/rocketlab/jobs/7996354003	Rocket Lab USA	Electrical Engineer 1	https://job-boards.greenhouse.io/rocketlab/jobs/7996354003	dropped	DROP:no-target-role-match	2026-09-19	2026-09-19	1	
jobs.smartrecruiters.com/kioxia/744000149622811	Kioxia	Customer Qualification Engineer	https://jobs.smartrecruiters.com/Kioxia/744000149622811	dropped	DROP:no-target-role-match	2026-09-19	2026-09-19	1	
jobs.smartrecruiters.com/hardindesign/744000149709275	Hardin Design	Entry-Level Web Developer	https://jobs.smartrecruiters.com/HardinDesign/744000149709275	dropped	DROP:no-target-role-match	2026-09-19	2026-09-19	1	
careers.arcfield.com/jobs/8645	Arcfield	Entry Level Systems Engineer	https://careers.arcfield.com/jobs/8645?icims=1	dropped	DROP:no-target-role-match	2026-09-19	2026-09-19	1	
boards.greenhouse.io/andurilindustries/jobs/5236639007	Anduril	Electrical Engineer - Space Emerging Talent	https://boards.greenhouse.io/andurilindustries/jobs/5236639007	dropped	DROP:no-target-role-match	2026-09-19	2026-09-19	1	
jobs.lever.co/wyetechllc/636a5fb4-0967-491d-9993-b8a44a47e832/apply	Wyetech	Software Engineer	https://jobs.lever.co/wyetechllc/636a5fb4-0967-491d-9993-b8a44a47e832/apply	dropped	DROP:no-target-role-match	2026-09-19	2026-09-19	1	
jobs.apple.com/en-us/details/200683808	Apple	Systems Software Engineer	https://jobs.apple.com/en-us/details/200683808	dropped	DROP:no-target-role-match	2026-09-19	2026-09-19	1	
jobs.apple.com/en-us/details/200683271	Apple	Silicon Prototyping Engineer	https://jobs.apple.com/en-us/details/200683271	dropped	DROP:no-target-role-match	2026-09-19	2026-09-19	1	
helsing.ai/jobs/4972043101?gh_jid=4972043101	Helsing	Software Engineer	https://helsing.ai/jobs/4972043101?gh_jid=4972043101	dropped	DROP:non-target-country	2026-09-19	2026-09-19	1	
tower-research.com/open-positions?gh_jid=8126667	Tower Research Capital	C++ Software Developer New Grad - Rotational Program	https://www.tower-research.com/open-positions/?gh_jid=8126667	dropped	DROP:non-target-country	2026-09-19	2026-09-19	1	
jobs.ashbyhq.com/withcherry/6cdd7a52-fcbd-4e29-bcf2-00840ee9243f/application	Cherry Technologies	Software Engineer - Entry-Level	https://jobs.ashbyhq.com/withcherry/6cdd7a52-fcbd-4e29-bcf2-00840ee9243f/application?embed=true	dropped	DROP:no-target-role-match	2026-09-19	2026-09-19	1	
jpmc.fa.oraclecloud.com/hcmui/candidateexperience/en/sites/cx_1001/job/210784756	JP Morgan Chase	Technology Support 1 - Commercial and Investment Bank	https://jpmc.fa.oraclecloud.com/hcmUI/CandidateExperience/en/sites/CX_1001/job/210784756	dropped	DROP:non-target-country	2026-09-19	2026-09-19	1	
careers.leviton.com/jobs/6019	Leviton	Associate Electrical Engineer	https://careers.leviton.com/jobs/6019?icims=1	dropped	DROP:no-target-role-match	2026-09-19	2026-09-19	1	
careers.arcfield.com/jobs/8643	Arcfield	Software Engineer	https://careers.arcfield.com/jobs/8643?icims=1	dropped	DROP:no-target-role-match	2026-09-19	2026-09-19	1	
staff-emory.icims.com/jobs/172914/job	Emory University	Data Analyst - School of Medicine - BMI	https://staff-emory.icims.com/jobs/172914/job?mobile=true&needsRedirect=false	dropped	DROP:no-target-role-match	2026-09-19	2026-09-19	1	
job-boards.eu.greenhouse.io/mangroup/jobs/4974906101	Man Group	People Analytics & AI Transformation Analyst	https://job-boards.eu.greenhouse.io/mangroup/jobs/4974906101	dropped	DROP:non-target-country	2026-09-19	2026-09-19	1	
google.com/about/careers/applications/jobs/results/89965613241246406	Google	Data Scientist - Research Intern - PhD - Summer 2027	https://www.google.com/about/careers/applications/jobs/results/89965613241246406	dropped	DROP:intern-coop-phd	2026-09-19	2026-09-19	1	
google.com/about/careers/applications/jobs/results/134577198026629830	Google	Business Data Scientist Intern - PhD - Summer 2027	https://www.google.com/about/careers/applications/jobs/results/134577198026629830	dropped	DROP:intern-coop-phd	2026-09-19	2026-09-19	1	
ameriprise.wd5.myworkdayjobs.com/en-us/ameriprise/job/boston-massachusetts/quantitative-investment-research-co-op--equities-_r26_3532	Ameriprise	Quantitative Investment Research Co-op - Equities	https://ameriprise.wd5.myworkdayjobs.com/en-US/ameriprise/job/Boston-Massachusetts/Quantitative-Investment-Research-Co-op--Equities-_R26_3532	dropped	DROP:intern-coop-phd	2026-09-19	2026-09-19	1	
clarios.wd5.myworkdayjobs.com/en-us/clarioscareers/job/united-states-wisconsin-milwaukee/people-analytics---ai-intern--summer-2027-_wd50216	Clarios	People Analytics & AI Intern - Summer 2027	https://clarios.wd5.myworkdayjobs.com/en-US/clarioscareers/job/United-States-Wisconsin-Milwaukee/People-Analytics---AI-Intern--Summer-2027-_WD50216	dropped	DROP:intern-coop-phd	2026-09-19	2026-09-19	1	
coreandmain.wd1.myworkdayjobs.com/en-us/coreandmain/job/saint-louis-mo-63146/intern---data-engineering----corp_45804	Core & Main	Intern - AI Intern - Copilot- Onsite - St. Louis	https://coreandmain.wd1.myworkdayjobs.com/en-US/coreandmain/job/Saint-Louis-MO-63146/Intern---Data-Engineering----Corp_45804	dropped	DROP:intern-coop-phd	2026-09-19	2026-09-19	1	
guardianlife.wd5.myworkdayjobs.com/en-us/guardian-life-careers/job/new-york/xmlname-2027-guardian-summer-intern--digital---technology---data-engineering_r000110202	Guardian	2027 Guardian Summer Intern - Digital & Technology - Data Engineering	https://guardianlife.wd5.myworkdayjobs.com/en-US/guardian-life-careers/job/New-York/XMLNAME-2027-Guardian-Summer-Intern--Digital---Technology---Data-Engineering_R000110202	dropped	DROP:intern-coop-phd	2026-09-19	2026-09-19	1	
guardianlife.wd5.myworkdayjobs.com/en-us/guardian-life-careers/job/new-york/xmlname-2027-guardian-summer-intern--digital---technology---ai---machine-learning_r000110205	Guardian	2027 Guardian Summer Intern - Digital & Technology - AI & Machine Learning	https://guardianlife.wd5.myworkdayjobs.com/en-US/guardian-life-careers/job/New-York/XMLNAME-2027-Guardian-Summer-Intern--Digital---Technology---AI---Machine-Learning_R000110205	dropped	DROP:intern-coop-phd	2026-09-19	2026-09-19	1	
jj.wd5.myworkdayjobs.com/en-us/jj/job/santa-clara-california-united-states-of-america/rc---a---robotics-r-d_r-099654-1	Johnson & Johnson	Robotics Controls & Autonomy Interns - Robotics R&D	https://jj.wd5.myworkdayjobs.com/en-US/jj/job/Santa-Clara-California-United-States-of-America/RC---A---Robotics-R-D_R-099654-1	dropped	DROP:no-target-role-match	2026-09-19	2026-09-19	1	
motorolasolutions.wd5.myworkdayjobs.com/en-us/careers/job/greater-chicago-area/ai---data-analytics-intern----supply-resilience_r68261	Motorola Solutions	AI & Data Analytics Intern - Supply Resilience	https://motorolasolutions.wd5.myworkdayjobs.com/en-US/careers/job/Greater-Chicago-Area/AI---Data-Analytics-Intern----Supply-Resilience_R68261	dropped	DROP:intern-coop-phd	2026-09-19	2026-09-19	1	
oshkoshcorporation.wd5.myworkdayjobs.com/en-us/oshkosh/job/new-hudson-michigan-united-states/autonomy-intern---summer-2027_r50320	Oshkosh	Autonomy Intern - Summer 2027	https://oshkoshcorporation.wd5.myworkdayjobs.com/en-US/oshkosh/job/New-Hudson-Michigan-United-States/Autonomy-Intern---Summer-2027_R50320	dropped	DROP:intern-coop-phd	2026-09-19	2026-09-19	1	
zapply.jobs/l/d/workday-tencent-tencent-careers-r108140	Tencent	Machine Learning Intern	https://zapply.jobs/l/d/workday-tencent-tencent-careers-R108140?s=gh-new-grad-data-science-jobs-2027	dropped	DROP:intern-coop-phd	2026-09-19	2026-09-19	1	
tmhcc.wd108.myworkdayjobs.com/en-us/external/job/texas---houston-corporate-office/data-engineering-intern---summer-2027_2026-908	Tokio Marine HCC	Data Engineering Intern - Summer 2027	https://tmhcc.wd108.myworkdayjobs.com/en-US/external/job/Texas---Houston-Corporate-Office/Data-Engineering-Intern---Summer-2027_2026-908	dropped	DROP:intern-coop-phd	2026-09-19	2026-09-19	1	
tel.wd3.myworkdayjobs.com/en-us/tel-careers/job/austin-met-15/research-scientist--multiscale-modeling-summer-2027-intern_r26-01559	Tokyo Electron	Research Scientist - Multiscale Modeling Summer 2027 Intern	https://tel.wd3.myworkdayjobs.com/en-US/tel-careers/job/Austin-MET-15/Research-Scientist--Multiscale-Modeling-Summer-2027-Intern_R26-01559	dropped	DROP:intern-coop-phd	2026-09-19	2026-09-19	1	
wexinc.wd5.myworkdayjobs.com/en-us/wexinc/job/us---remote/data---ai-intern--graduate-master-s-_r22551	WEX	Data & AI Intern - Graduate/Master’s	https://wexinc.wd5.myworkdayjobs.com/en-US/wexinc/job/US---Remote/Data---AI-Intern--Graduate-Master-s-_R22551	dropped	DROP:intern-coop-phd	2026-09-19	2026-09-19	1	
wexinc.wd5.myworkdayjobs.com/en-us/wexinc/job/us---remote/ai---data-platform-engineering-intern--undergraduate-_r23055	WEX	AI & Data Platform Engineering Intern - Undergraduate	https://wexinc.wd5.myworkdayjobs.com/en-US/wexinc/job/US---Remote/AI---Data-Platform-Engineering-Intern--Undergraduate-_R23055	dropped	DROP:intern-coop-phd	2026-09-19	2026-09-19	1	
xcelenergy.wd1.myworkdayjobs.com/en-us/external/job/minneapolis-mn-55401/ai-and-analytics-intern-mn--co_jr115877-1	Xcel Energy	AI and Analytics Intern MN - CO	https://xcelenergy.wd1.myworkdayjobs.com/en-US/external/job/Minneapolis-MN-55401/AI-and-Analytics-Intern-MN--CO_JR115877-1	dropped	DROP:intern-coop-phd	2026-09-19	2026-09-19	1	
zapply.jobs/l/d/workday-draper-draper-careers-jr002880	Draper	Information Security Officer 2	https://zapply.jobs/l/d/workday-draper-draper-careers-JR002880?s=gh-new-grad-jobs-2027	dropped	DROP:no-target-role-match	2026-09-19	2026-09-19	1	
zapply.jobs/l/d/workday-costar-costar-campus-r39724	CoStar Group	Associate Security Engineer - Arlington, VA	https://zapply.jobs/l/d/workday-costar-costar-campus-R39724?s=gh-new-grad-jobs-2027	dropped	DROP:no-target-role-match	2026-09-19	2026-09-19	1	
zapply.jobs/l/d/workday-costar-costar-campus-r39725	CoStar Group	Associate Security Engineer - Richmond, VA	https://zapply.jobs/l/d/workday-costar-costar-campus-R39725?s=gh-new-grad-jobs-2027	dropped	DROP:no-target-role-match	2026-09-19	2026-09-19	1	
zapply.jobs/l/d/workday-costar-costar-campus-r39727	CoStar Group	Security Engineer Intern - Arlington, VA	https://zapply.jobs/l/d/workday-costar-costar-campus-R39727?s=gh-new-grad-jobs-2027	dropped	DROP:intern-coop-phd	2026-09-19	2026-09-19	1	
zapply.jobs/l/d/workday-workday-workday-jr-0109436	Workday Inc	Cybersecurity Engineer - US Federal	https://zapply.jobs/l/d/workday-workday-workday-JR-0109436?s=gh-new-grad-jobs-2027	dropped	DROP:no-target-role-match	2026-09-19	2026-09-19	1	
zapply.jobs/l/d/workday-tencent-tencent-careers-r108141	Tencent	Cyber Security Engineer Intern	https://zapply.jobs/l/d/workday-tencent-tencent-careers-R108141?s=gh-new-grad-jobs-2027	dropped	DROP:intern-coop-phd	2026-09-19	2026-09-19	1	
zapply.jobs/l/d/workday-fmr-fidelitycareers-2134416	Fidelity Investments	Mainframe Security Analyst	https://zapply.jobs/l/d/workday-fmr-fidelitycareers-2134416?s=gh-new-grad-jobs-2027	dropped	DROP:no-target-role-match	2026-09-19	2026-09-19	1	
zapply.jobs/l/d/workday-coke-coca-cola-careers-r-145657	Coca-Cola	Vulnerability Analyst	https://zapply.jobs/l/d/workday-coke-coca-cola-careers-R-145657?s=gh-new-grad-jobs-2027	dropped	DROP:no-target-role-match	2026-09-19	2026-09-19	1	
zapply.jobs/l/d/workday-keybank-external-career-site-r-41968	KeyBank	API Security Engineer	https://zapply.jobs/l/d/workday-keybank-external-career-site-R-41968?s=gh-new-grad-jobs-2027	dropped	DROP:no-target-role-match	2026-09-19	2026-09-19	1	
zapply.jobs/l/d/workday-cat-caterpillarcareers-r0000393002	Caterpillar	Vulnerability Security Analyst	https://zapply.jobs/l/d/workday-cat-caterpillarcareers-R0000393002?s=gh-new-grad-jobs-2027	dropped	DROP:no-target-role-match	2026-09-19	2026-09-19	1	
zapply.jobs/l/d/workday-cat-caterpillarcareers-r0000392999	Caterpillar	Endpoint Security Analyst	https://zapply.jobs/l/d/workday-cat-caterpillarcareers-R0000392999?s=gh-new-grad-jobs-2027	dropped	DROP:no-target-role-match	2026-09-19	2026-09-19	1	
zapply.jobs/l/d/apple-200678781	Apple	Compiler Security Engineer - C/C++, Languages & Runtimes	https://zapply.jobs/l/d/apple-200678781?s=gh-new-grad-jobs-2027	dropped	DROP:no-target-role-match	2026-09-19	2026-09-19	1	
zapply.jobs/l/d/greenhouse-perscholashires-4712493006	Per Scholas	Instructional Assistant (Cybersecurity)	https://zapply.jobs/l/d/greenhouse-perscholashires-4712493006?s=gh-new-grad-jobs-2027	dropped	DROP:no-target-role-match	2026-09-19	2026-09-19	1	
zapply.jobs/l/d/greenhouse-appian-8201099	Appian	AI Security Engineer	https://zapply.jobs/l/d/greenhouse-appian-8201099?s=gh-new-grad-jobs-2027	dropped	DROP:no-target-role-match	2026-09-19	2026-09-19	1	
zapply.jobs/l/d/sr-abbvie-3743990015244236	AbbVie	Security Engineer – Cybersecurity Posture, Hygiene & AI	https://zapply.jobs/l/d/sr-AbbVie-3743990015244236?s=gh-new-grad-jobs-2027	dropped	DROP:no-target-role-match	2026-09-19	2026-09-19	1	
zapply.jobs/l/d/greenhouse-spacex-8806094002	SpaceX	Information Security Analyst	https://zapply.jobs/l/d/greenhouse-spacex-8806094002?s=gh-new-grad-jobs-2027	dropped	DROP:no-target-role-match	2026-09-19	2026-09-19	1	
zapply.jobs/l/d/workday-nelnet-mynelnet-r23087	Nelnet	Data Engineer	https://zapply.jobs/l/d/workday-nelnet-mynelnet-R23087?s=gh-new-grad-data-science-jobs-2027	dropped	DROP:no-target-role-match	2026-09-19	2026-09-19	1	
zapply.jobs/l/d/workday-hitachi-hitachi-r0143824	Hitachi	Federal Data Engineer	https://zapply.jobs/l/d/workday-hitachi-hitachi-R0143824?s=gh-new-grad-data-science-jobs-2027	dropped	DROP:no-target-role-match	2026-09-19	2026-09-19	1	
zapply.jobs/l/d/workday-groundswell-groundswell-jr101090	Groundswell	Data Engineer	https://zapply.jobs/l/d/workday-groundswell-groundswell-JR101090?s=gh-new-grad-data-science-jobs-2027	dropped	DROP:no-target-role-match	2026-09-19	2026-09-19	1	
zapply.jobs/l/d/workday-amgen-careers-r-255708	Amgen	Undergrad Intern – Data Engineer – Technology, AI & Data (Summer 2027)	https://zapply.jobs/l/d/workday-amgen-careers-R-255708?s=gh-new-grad-data-science-jobs-2027	dropped	DROP:intern-coop-phd	2026-09-19	2026-09-19	1	
zapply.jobs/l/d/workday-amgen-careers-r-255742	Amgen	Grad Intern – Data Engineer – Technology, AI & Data (Summer 2027)	https://zapply.jobs/l/d/workday-amgen-careers-R-255742?s=gh-new-grad-data-science-jobs-2027	dropped	DROP:intern-coop-phd	2026-09-19	2026-09-19	1	
zapply.jobs/l/d/amazon-826a851d-c8a0-4637-aaab-146d71946600	Amazon Data Services, Inc.	Data Engineer II, Data Engineer,Data Center Capacity Delivery	https://zapply.jobs/l/d/amazon-826a851d-c8a0-4637-aaab-146d71946600?s=gh-new-grad-data-science-jobs-2027	dropped	DROP:no-target-role-match	2026-09-19	2026-09-19	1	
zapply.jobs/l/d/amazon-ce0cb5e3-8dde-4731-aeeb-5a1fc26980b0	Amazon Web Services, Inc.	Data Engineer, Data : Science Engineering, AWS Marketing	https://zapply.jobs/l/d/amazon-ce0cb5e3-8dde-4731-aeeb-5a1fc26980b0?s=gh-new-grad-data-science-jobs-2027	dropped	DROP:no-target-role-match	2026-09-19	2026-09-19	1	
zapply.jobs/l/d/lever-pivotal-e27ef955-06a9-4d0e-8633-1d6d88048d0d	Pivotal Software	Full Stack Data Engineer - Internal Flight Data Applications	https://zapply.jobs/l/d/lever-pivotal-e27ef955-06a9-4d0e-8633-1d6d88048d0d?s=gh-new-grad-data-science-jobs-2027	dropped	DROP:no-target-role-match	2026-09-19	2026-09-19	1	
zapply.jobs/l/d/workday-visa-visa-ref088064w	Visa	Data Engineer	https://zapply.jobs/l/d/workday-visa-visa-REF088064W?s=gh-new-grad-data-science-jobs-2027	dropped	DROP:no-target-role-match	2026-09-19	2026-09-19	1	
zapply.jobs/l/d/workday-jj-jj-r-097003	Johnson & Johnson	Business Intelligence Co-Op	https://zapply.jobs/l/d/workday-jj-jj-R-097003?s=gh-new-grad-data-science-jobs-2027	dropped	DROP:intern-coop-phd	2026-09-19	2026-09-19	1	
zapply.jobs/l/d/workday-ssctech-ssctechnologies-r44309	SS&C Technologies	Business Intelligence Reporting/ Web Developer	https://zapply.jobs/l/d/workday-ssctech-ssctechnologies-R44309?s=gh-new-grad-data-science-jobs-2027	dropped	DROP:no-target-role-match	2026-09-19	2026-09-19	1	
zapply.jobs/l/d/workday-wexinc-wexinc-r23056	Wex	DevOps & AI Engineering Intern (Undergraduate)	https://zapply.jobs/l/d/workday-wexinc-wexinc-R23056?s=gh-new-grad-data-science-jobs-2027	dropped	DROP:intern-coop-phd	2026-09-19	2026-09-19	1	
zapply.jobs/l/d/workday-expedia-private-r-108423	Expedia Group	Forward Deployed AI Engineer III	https://zapply.jobs/l/d/workday-expedia-private-R-108423?s=gh-new-grad-data-science-jobs-2027	dropped	DROP:no-target-role-match	2026-09-19	2026-09-19	1	
zapply.jobs/l/d/workday-citi-2-26984351	Citi	Agentic AI Engineer (AVP)	https://zapply.jobs/l/d/workday-citi-2-26984351?s=gh-new-grad-data-science-jobs-2027	dropped	DROP:no-target-role-match	2026-09-19	2026-09-19	1	
zapply.jobs/l/d/greenhouse-muonspace-5238256007	Muon Space	Software Engineer, Computer Vision / Machine Learning	https://zapply.jobs/l/d/greenhouse-muonspace-5238256007?s=gh-new-grad-data-science-jobs-2027	dropped	DROP:no-target-role-match	2026-09-19	2026-09-19	1	
zapply.jobs/l/d/ashby-campfire-d7f80e1c-e92a-49df-8ac8-4be6179e5387	Campfire	AI Engineer - Agents	https://zapply.jobs/l/d/ashby-campfire-d7f80e1c-e92a-49df-8ac8-4be6179e5387?s=gh-new-grad-data-science-jobs-2027	dropped	DROP:no-target-role-match	2026-09-19	2026-09-19	1	
zapply.jobs/l/d/ashby-deepgram-94ae2781-a85f-493a-86c1-ff85a9289355	Deepgram	Applied ML Engineer - Edge Devices	https://zapply.jobs/l/d/ashby-deepgram-94ae2781-a85f-493a-86c1-ff85a9289355?s=gh-new-grad-data-science-jobs-2027	dropped	DROP:no-target-role-match	2026-09-19	2026-09-19	1	
zapply.jobs/l/d/workday-blueorigin-blueorigin-r71045	Blue Origin	AI Engineer II - Blue Ring	https://zapply.jobs/l/d/workday-blueorigin-blueorigin-R71045?s=gh-new-grad-data-science-jobs-2027	dropped	DROP:no-target-role-match	2026-09-19	2026-09-19	1	
zapply.jobs/l/d/workday-philips-jobs-and-careers-589907	Philips	AI Engineer – Medical Imaging & Surgical Robotics (Cambridge, MA)	https://zapply.jobs/l/d/workday-philips-jobs-and-careers-589907?s=gh-new-grad-data-science-jobs-2027	dropped	DROP:no-target-role-match	2026-09-19	2026-09-19	1	
jobs.ashbyhq.com/openai/55150071-fce8-48f5-aea4-14ed78b83511/application	OpenAI	Software Engineer - Applied Emerging Talent	https://jobs.ashbyhq.com/openai/55150071-fce8-48f5-aea4-14ed78b83511/application?embed=true	dropped	DROP:no-target-role-match	2026-09-19	2026-09-19	1	
jobs.ashbyhq.com/superhuman%20platform%20inc/da5e147c-f957-4ba1-9712-1b2dde377cb0/application	Superhuman	Software Engineer - Early Career	https://jobs.ashbyhq.com/Superhuman%20Platform%20Inc/da5e147c-f957-4ba1-9712-1b2dde377cb0/application?embed=true	dropped	DROP:no-target-role-match	2026-09-19	2026-09-19	1	
globalhr.wd5.myworkdayjobs.com/rec_rtx_ext_gateway/job/us-tx-mckinney-513wc--2501-w-university-dr--wing-c-bldg/electrical-engineer-i--onsite-_01867733	RTX	Electrical Engineer 1	https://globalhr.wd5.myworkdayjobs.com/rec_rtx_ext_gateway/job/US-TX-MCKINNEY-513WC--2501-W-University-Dr--WING-C-BLDG/Electrical-Engineer-I--Onsite-_01867733	dropped	DROP:no-target-role-match	2026-09-19	2026-09-19	1	
careers-gdms.icims.com/jobs/74765/job	General Dynamics Mission Systems	Systems Engineer	https://careers-gdms.icims.com/jobs/74765/job?mobile=true&needsRedirect=false	dropped	DROP:no-target-role-match	2026-09-19	2026-09-19	1	
campus-americas.icims.com/jobs/25813/software-engineer%2c-2027-graduate-u.s./job	Atlassian	Software Engineer	https://campus-americas.icims.com/jobs/25813/software-engineer%2c-2027-graduate-u.s./job	dropped	DROP:no-target-role-match	2026-09-19	2026-09-19	1	
jobs.apple.com/en-us/details/200683615	Apple	Hardware Systems Engineer - Board Design	https://jobs.apple.com/en-us/details/200683615	dropped	DROP:no-target-role-match	2026-09-19	2026-09-19	1	
disney.wd5.myworkdayjobs.com/disneycareerdc/job/glendale-ca-usa/associate-product-manager-program_10160554-1	The Walt Disney Company	Associate Product Manager - APM Program	https://disney.wd5.myworkdayjobs.com/disneycareerdc/job/Glendale-CA-USA/Associate-Product-Manager-Program_10160554-1	dropped	DROP:outside-target-metro	2026-09-19	2026-09-19	1	
disney.wd5.myworkdayjobs.com/disneycareer/job/glendale-ca-usa/associate-product-manager-program_10160554	The Walt Disney Company	Associate Product Manager - Program	https://disney.wd5.myworkdayjobs.com/disneycareer/job/Glendale-CA-USA/Associate-Product-Manager-Program_10160554	dropped	DROP:outside-target-metro	2026-09-19	2026-09-19	1	
ngc.wd1.myworkdayjobs.com/northrop_grumman_external_site/job/united-states-california-san-diego/modeling-and-simulation-engineer--1-2-_r10248324	Northrop Grumman	Modeling and Simulation Engineer	https://ngc.wd1.myworkdayjobs.com/Northrop_Grumman_External_Site/job/United-States-California-San-Diego/Modeling-and-Simulation-Engineer--1-2-_R10248324	dropped	DROP:no-target-role-match	2026-09-19	2026-09-19	1	
analogdevices.wd1.myworkdayjobs.com/external/job/us-az-chandler-east-elliot/associate-analog-design-engineer_r266120	Analog Devices	Associate Analog Design Engineer	https://analogdevices.wd1.myworkdayjobs.com/External/job/US-AZ-Chandler-East-Elliot/Associate-Analog-Design-Engineer_R266120	dropped	DROP:no-target-role-match	2026-09-19	2026-09-19	1	
analogdevices.wd1.myworkdayjobs.com/external/job/us-nj-somerset/associate-design-evaluation-engineer_r266124	Analog Devices	Associate Design Evaluation Engineer	https://analogdevices.wd1.myworkdayjobs.com/External/job/US-NJ-Somerset/Associate-Design-Evaluation-Engineer_R266124	dropped	DROP:no-target-role-match	2026-09-19	2026-09-19	1	
analogdevices.wd1.myworkdayjobs.com/external/job/us-ma-wilmington/associate-embedded-software-engineer_r266131	Analog Devices	Associate Embedded Software Engineer	https://analogdevices.wd1.myworkdayjobs.com/External/job/US-MA-Wilmington/Associate-Embedded-Software-Engineer_R266131	dropped	DROP:no-target-role-match	2026-09-19	2026-09-19	1	
relx.wd3.myworkdayjobs.com/en-us/lexisnexislegal/job/raleigh-nc/aspire-tech-graduate-data-scientist-i_r118695	LexisNexis Legal & Professional	Graduate Data Scientist 1	https://relx.wd3.myworkdayjobs.com/en-US/LexisNexisLegal/job/Raleigh-NC/Aspire-Tech-Graduate-Data-Scientist-I_R118695	dropped	DROP:no-target-role-match	2026-09-19	2026-09-19	1	
relx.wd3.myworkdayjobs.com/en-us/lexisnexislegal/job/raleigh-nc/aspire-tech-graduate-software-engineer-i_r118694	LexisNexis Legal & Professional	Software Engineer 1 - Aspire Graduate Program	https://relx.wd3.myworkdayjobs.com/en-US/LexisNexisLegal/job/Raleigh-NC/Aspire-Tech-Graduate-Software-Engineer-I_R118694	dropped	DROP:no-target-role-match	2026-09-19	2026-09-19	1	
usbank.wd1.myworkdayjobs.com/us_bank_careers/job/hopkins-mn/xmlname-2027-engineering-rotational-program_2026-0024618	U.S. Bank	Engineering Rotational Program	https://usbank.wd1.myworkdayjobs.com/US_Bank_Careers/job/Hopkins-MN/XMLNAME-2027-Engineering-Rotational-Program_2026-0024618	dropped	DROP:no-target-role-match	2026-09-19	2026-09-19	1	
ngc.wd1.myworkdayjobs.com/northrop_grumman_external_site/job/united-states-california-san-diego/associate---electronics-engineer--levels-1---2-_r10248203	Northrop Grumman	Electronics Engineer	https://ngc.wd1.myworkdayjobs.com/Northrop_Grumman_External_Site/job/United-States-California-San-Diego/Associate---Electronics-Engineer--Levels-1---2-_R10248203	dropped	DROP:no-target-role-match	2026-09-19	2026-09-19	1	
sbdinc.wd1.myworkdayjobs.com/en-us/stanley_black_decker_career_site/job/towson-md-united-states/associate-product-manager--combo-kits---craftsman-_req-1000052282	Stanley Black & Decker	Associate Product Manager - Combo Kits - Craftsman	https://sbdinc.wd1.myworkdayjobs.com/en-US/Stanley_Black_Decker_Career_Site/job/Towson-MD-United-States/Associate-Product-Manager--Combo-Kits---CRAFTSMAN-_REQ-1000052282	dropped	DROP:outside-target-metro	2026-09-19	2026-09-19	1	
hpe.wd5.myworkdayjobs.com/acjobsite/job/chippewa-falls-wisconsin-united-states-of-america/manageability-firmware-engineer_1214522-1	Hewlett Packard Enterprise	Manageability Firmware Engineer	https://hpe.wd5.myworkdayjobs.com/acjobsite/job/Chippewa-Falls-Wisconsin-United-States-of-America/Manageability-Firmware-Engineer_1214522-1	dropped	DROP:no-target-role-match	2026-09-19	2026-09-19	1	
pg.wd5.myworkdayjobs.com/1000/job/cincinnati-general-offices/digital-product-owner_r000159233	Procter & Gamble	Digital Product Owner	https://pg.wd5.myworkdayjobs.com/1000/job/CINCINNATI-GENERAL-OFFICES/Digital-Product-Owner_R000159233	dropped	DROP:no-target-role-match	2026-09-19	2026-09-19	1	
globalhr.wd5.myworkdayjobs.com/rec_rtx_ext_gateway/job/us-ca-goleta-b01--6825-cortona-dr--bldg-b01/vision-systems-test-engineer-i--onsite-_01875044	RTX	Vision Systems Test Engineer 1	https://globalhr.wd5.myworkdayjobs.com/rec_rtx_ext_gateway/job/US-CA-GOLETA-B01--6825-Cortona-Dr--BLDG-B01/Vision-Systems-Test-Engineer-I--Onsite-_01875044	dropped	DROP:no-target-role-match	2026-09-19	2026-09-19	1	
tmobile.wd1.myworkdayjobs.com/external/job/bellevue-washington/associate-engineer--agentic-ai_req368440	T-Mobile	Associate Engineer - Agentic AI	https://tmobile.wd1.myworkdayjobs.com/External/job/Bellevue-Washington/Associate-Engineer--Agentic-AI_REQ368440	dropped	DROP:no-target-role-match	2026-09-19	2026-09-19	1	
pros.wd5.myworkdayjobs.com/pros_careers/job/usa-tx-houston-office/software-engineer-i_r3608	PROS Holdings, Inc.	Software Engineer 1	https://pros.wd5.myworkdayjobs.com/pros_careers/job/USA-TX-Houston-Office/Software-Engineer-I_R3608	dropped	DROP:no-target-role-match	2026-09-19	2026-09-19	1	
clearwateranalytics.wd1.myworkdayjobs.com/clearwater_analytics_careers/job/office---boise/quantitative-financial-analyst-i_r12181	Clearwater Analytics	Quantitative Financial Analyst 1	https://clearwateranalytics.wd1.myworkdayjobs.com/Clearwater_Analytics_Careers/job/Office---Boise/Quantitative-Financial-Analyst-I_R12181	dropped	DROP:no-target-role-match	2026-09-19	2026-09-19	1	
abglobal.wd1.myworkdayjobs.com/abcampuscareers/job/nashville-tennessee/software-development-associate_r0019882	AllianceBernstein	Software Development Associate	https://abglobal.wd1.myworkdayjobs.com/abcampuscareers/job/Nashville-Tennessee/Software-Development-Associate_R0019882	dropped	DROP:no-target-role-match	2026-09-19	2026-09-19	1	
axcelis.wd1.myworkdayjobs.com/axcelis/job/beverly-ma/eng-sw-applications-i_11969	Axcelis Technologies	Software Applications Engineer 1	https://axcelis.wd1.myworkdayjobs.com/axcelis/job/Beverly-MA/Eng-SW-Applications-I_11969	dropped	DROP:no-target-role-match	2026-09-19	2026-09-19	1	
isu.wd1.myworkdayjobs.com/iowastatejobs/job/ames-ia/software-developer-i_r19926	Iowa State University	Software Developer 1	https://isu.wd1.myworkdayjobs.com/IowaStateJobs/job/Ames-IA/Software-Developer-I_R19926	dropped	DROP:no-target-role-match	2026-09-19	2026-09-19	1	
nvidia.wd5.myworkdayjobs.com/nvidiaexternalcareersite/job/us-ca-santa-clara/software-engineer--coding-agent-harness-engineering----new-college-grad-2026_jr2023749	NVIDIA	Software Engineer - Coding Agent Harness Engineering	https://nvidia.wd5.myworkdayjobs.com/NVIDIAExternalCareerSite/job/US-CA-Santa-Clara/Software-Engineer--Coding-Agent-Harness-Engineering----New-College-Grad-2026_JR2023749	dropped	DROP:no-target-role-match	2026-09-19	2026-09-19	1	
btisolutions.wd12.myworkdayjobs.com/external/job/savannah-ga/korean-bilingual-amr-engineer_jr102047-1	BTI Solutions	Korean Bilingual AMR Engineer	https://btisolutions.wd12.myworkdayjobs.com/External/job/SAVANNAH-GA/Korean-Bilingual-AMR-Engineer_JR102047-1	dropped	DROP:no-target-role-match	2026-09-19	2026-09-19	1	
careers-powerschool.icims.com/jobs/53084/job	PowerSchool Group	Associate Software Engineer	https://careers-powerschool.icims.com/jobs/53084/job?mobile=true&needsRedirect=false	dropped	DROP:no-target-role-match	2026-09-19	2026-09-19	1	
job-boards.greenhouse.io/blackedgecapital/jobs/4732320005	BlackEdge Capital	Graduate Quantitative Researcher	https://job-boards.greenhouse.io/blackedgecapital/jobs/4732320005	dropped	DROP:no-target-role-match	2026-09-19	2026-09-19	1	
jobs.lever.co/agile-defense/9b915990-f813-4c96-a8c9-a02e8d82bc42/apply	Agile Defense	Watchfloor Analyst	https://jobs.lever.co/agile-defense/9b915990-f813-4c96-a8c9-a02e8d82bc42/apply	dropped	DROP:no-target-role-match	2026-09-19	2026-09-19	1	
jobs.smartrecruiters.com/nielseniq/744000149400074	NielsenIQ	Brand Insights Analyst	https://jobs.smartrecruiters.com/NielsenIQ/744000149400074	dropped	DROP:no-target-role-match	2026-09-19	2026-09-19	1	
jobs.smartrecruiters.com/renesaselectronics/744000149393880	Renesas Electronics	Senior Staff Applications Engineer	https://jobs.smartrecruiters.com/RenesasElectronics/744000149393880	dropped	DROP:no-target-role-match	2026-09-19	2026-09-19	1	
careers.mcdean.com/jobs/32623	M.C. Dean	Systems Engineer 1 - Security and Electronic Systems	https://careers.mcdean.com/jobs/32623?icims=1	dropped	DROP:no-target-role-match	2026-09-19	2026-09-19	1	
eyglobal.yello.co/jobs/nlipdset-ccujetunneylq	Ernst & Young	Tax Technology and Transformation Data Engineering Analyst - Tax Technology and Transformation - Data Engineering	https://eyglobal.yello.co/jobs/NLIPdsEt-CcUjetuNNeYlQ?job_board_id=c1riT--B2O-KySgYWsZO1Q	dropped	DROP:no-target-role-match	2026-09-19	2026-09-19	1	
nexthopai.bamboohr.com/careers/62	Nexthop.ai	Software Engineer New Grad	https://nexthopai.bamboohr.com/careers/62/	dropped	DROP:non-target-country	2026-09-19	2026-09-19	1	
apply.workable.com/grayce/j/59288b9c95/apply	Grayce	Graduate Data Consultant - Data	https://apply.workable.com/grayce/j/59288B9C95/apply	dropped	DROP:non-target-country	2026-09-19	2026-09-19	1	
apply.workable.com/arena-investors-lp/j/aa08a73d44/apply	Arena Investors I Quaestor Advisors	Trading Operations Analyst	https://apply.workable.com/arena-investors-lp/j/AA08A73D44/apply	dropped	DROP:no-target-role-match	2026-09-19	2026-09-19	1	
apply.workable.com/motia/j/846f99f456/apply	Motia	Graduate Data Scientist	https://apply.workable.com/motia/j/846F99F456/apply	dropped	DROP:no-target-role-match	2026-09-19	2026-09-19	1	
careers.vtgdefense.com/jobs/9554	VTG	Web Developer	https://careers.vtgdefense.com/jobs/9554?icims=1	dropped	DROP:no-target-role-match	2026-09-19	2026-09-19	1	
job-boards.greenhouse.io/oneimaging/jobs/4404708009	OneImaging	Associate Data Engineer	https://job-boards.greenhouse.io/oneimaging/jobs/4404708009	dropped	DROP:no-target-role-match	2026-09-19	2026-09-19	1	
job-boards.greenhouse.io/oneimaging/jobs/4405032009	OneImaging	Associate Data Engineer - Georgia Tech Only	https://job-boards.greenhouse.io/oneimaging/jobs/4405032009	dropped	DROP:no-target-role-match	2026-09-19	2026-09-19	1	
job-boards.greenhouse.io/chaosindustries/jobs/5237013007	CHAOS Industries	Applied AI Engineer	https://job-boards.greenhouse.io/chaosindustries/jobs/5237013007	dropped	DROP:no-target-role-match	2026-09-19	2026-09-19	1	
motional.com/open-positions?gh_jid=7980363003	Motional	Motion Planning Engineer - Trajectory Generation	https://motional.com/open-positions/?gh_jid=7980363003#/7980363003	dropped	DROP:no-target-role-match	2026-09-19	2026-09-19	1	
spa.jibeapply.com/jobs/23379	Systems Planning and Analysis	Operations Research Analyst	https://spa.jibeapply.com/jobs/23379?icims=1	dropped	DROP:no-target-role-match	2026-09-19	2026-09-19	1	
c3.ai/job-description/8804558002?gh_jid=8804558002	C3.ai	Forward Deployed Engineer New Grad - 2027	https://c3.ai/job-description/8804558002?gh_jid=8804558002	dropped	DROP:no-target-role-match	2026-09-19	2026-09-19	1	
c3.ai/job-description/8801434002?gh_jid=8801434002	C3.ai	Platform Full-Stack Engineer New Grad	https://c3.ai/job-description/8801434002?gh_jid=8801434002	dropped	DROP:no-target-role-match	2026-09-19	2026-09-19	1	
job-boards.greenhouse.io/rocketlab/jobs/7992129003	Rocket Lab USA	Flight Software Engineer 1	https://job-boards.greenhouse.io/rocketlab/jobs/7992129003	dropped	DROP:no-target-role-match	2026-09-19	2026-09-19	1	
careers.jhuapl.edu/jobs/60022	Johns Hopkins Applied Physics Laboratory	Developer Cyber-Physical Systems New Grad	https://careers.jhuapl.edu/jobs/60022?icims=1	dropped	DROP:no-target-role-match	2026-09-19	2026-09-19	1	
careers.jhuapl.edu/jobs/59998	Johns Hopkins Applied Physics Laboratory	Engineer/Analyst Graduate	https://careers.jhuapl.edu/jobs/59998?icims=1	dropped	DROP:no-target-role-match	2026-09-19	2026-09-19	1	
careers.jhuapl.edu/jobs/60047	Johns Hopkins Applied Physics Laboratory	Engineer Graduate - Space Science Electronics	https://careers.jhuapl.edu/jobs/60047?icims=1	dropped	DROP:no-target-role-match	2026-09-19	2026-09-19	1	
job-boards.eu.greenhouse.io/davinciderivatives/jobs/4241558101	Da Vinci	Quant Graduate	https://job-boards.eu.greenhouse.io/davinciderivatives/jobs/4241558101	dropped	DROP:no-target-role-match	2026-09-19	2026-09-19	1	
edmn.fa.us2.oraclecloud.com/hcmui/candidateexperience/en/sites/cx_1/job/89087	Caesars Entertainment	Graduate Sports Trader	https://edmn.fa.us2.oraclecloud.com/hcmUI/CandidateExperience/en/sites/CX_1/job/89087	dropped	DROP:no-target-role-match	2026-09-19	2026-09-19	1	
job-boards.greenhouse.io/scaleai/jobs/4730862005	Scale AI	Software Engineer New Grad	https://job-boards.greenhouse.io/scaleai/jobs/4730862005	dropped	DROP:non-target-country	2026-09-19	2026-09-19	1	
careers.sam.biz/jobs/8028	SAM	GIS Field Technician - Travel Role	https://careers.sam.biz/jobs/8028?icims=1	dropped	DROP:no-target-role-match	2026-09-19	2026-09-19	1	
careers-decisionpointcorp.icims.com/jobs/3766/job	DecisionPoint	Entry-level Software Developer	https://careers-decisionpointcorp.icims.com/jobs/3766/job?mobile=true&needsRedirect=false	dropped	DROP:no-target-role-match	2026-09-19	2026-09-19	1	
jobs.lever.co/sep/f7ad9ffb-03dc-4fb2-9a92-e5f04a85ba08/apply	SEP	Software Engineer	https://jobs.lever.co/sep/f7ad9ffb-03dc-4fb2-9a92-e5f04a85ba08/apply	dropped	DROP:no-target-role-match	2026-09-19	2026-09-19	1	
egug.fa.us2.oraclecloud.com/hcmui/candidateexperience/en/sites/cx_1/job/26013783	American Express	Software Engineer New Grad	https://egug.fa.us2.oraclecloud.com/hcmUI/CandidateExperience/en/sites/CX_1/job/26013783	dropped	DROP:no-target-role-match	2026-09-19	2026-09-19	1	
egug.fa.us2.oraclecloud.com/hcmui/candidateexperience/en/sites/cx_1/job/26013780	American Express	Product Manager	https://egug.fa.us2.oraclecloud.com/hcmUI/CandidateExperience/en/sites/CX_1/job/26013780	dropped	DROP:outside-target-metro	2026-09-19	2026-09-19	1	
egug.fa.us2.oraclecloud.com/hcmui/candidateexperience/en/sites/cx_1/job/26013779	American Express	Product Manager - Digital Product Management - Enterprise Technology Services	https://egug.fa.us2.oraclecloud.com/hcmUI/CandidateExperience/en/sites/CX_1/job/26013779	dropped	DROP:non-target-country	2026-09-19	2026-09-19	1	
egug.fa.us2.oraclecloud.com/hcmui/candidateexperience/en/sites/cx_1/job/26013776	American Express	AI Engineer	https://egug.fa.us2.oraclecloud.com/hcmUI/CandidateExperience/en/sites/CX_1/job/26013776	dropped	DROP:no-target-role-match	2026-09-19	2026-09-19	1	
jobs.smartrecruiters.com/soprasteria1/744000149337912	Sopra Steria	FPGA Verification Engineer	https://jobs.smartrecruiters.com/SopraSteria1/744000149337912	dropped	DROP:no-target-role-match	2026-09-19	2026-09-19	1	
jobs.smartrecruiters.com/servicenow/744000149338366	ServiceNow	Software Engineer	https://jobs.smartrecruiters.com/ServiceNow/744000149338366	dropped	DROP:no-target-role-match	2026-09-19	2026-09-19	1	
nvidia.wd5.myworkdayjobs.com/en-us/nvidiaexternalcareersite/job/us-ca-santa-clara/phd-research-intern--autonomous-systems-and-physical-ai-research---2027_jr2024171	NVIDIA	PhD Research Intern - Autonomous Systems and Physical AI Research - 2027	https://nvidia.wd5.myworkdayjobs.com/en-US/nvidiaexternalcareersite/job/US-CA-Santa-Clara/PhD-Research-Intern--Autonomous-Systems-and-Physical-AI-Research---2027_JR2024171	dropped	DROP:intern-coop-phd	2026-09-19	2026-09-19	1	
zapply.jobs/l/d/workday-td-td-bank-careers-r_1510797	TD Bank	2027 Summer Internship Program - Global Technology & Solutions - Data Engineer	https://zapply.jobs/l/d/workday-td-td-bank-careers-R_1510797?s=gh-new-grad-data-science-jobs-2027	dropped	DROP:intern-coop-phd	2026-09-19	2026-09-19	1	
zapply.jobs/l/d/workday-cisco-cisco-careers-2023841	Cisco	Data Engineer	https://zapply.jobs/l/d/workday-cisco-cisco-careers-2023841?s=gh-new-grad-data-science-jobs-2027	dropped	DROP:no-target-role-match	2026-09-19	2026-09-19	1	
lowes.wd5.myworkdayjobs.com/en-us/lws_external_cs/job/lowes-charlotte-technology-hub-3505/associate-data-engineering---launchpad_jr-02641572	Lowe's	Associate Data Engineering - Launchpad	https://lowes.wd5.myworkdayjobs.com/en-US/LWS_External_CS/job/Lowes-Charlotte-Technology-Hub-3505/Associate-Data-Engineering---Launchpad_JR-02641572	dropped	DROP:no-target-role-match	2026-09-19	2026-09-19	1	
lseg.wd3.myworkdayjobs.com/graduate_careers/job/gbr-london-5-canada-square/engineering-graduate-programme--backend-_r0123403	LSEG	Engineering Graduate Programme - Backend	https://lseg.wd3.myworkdayjobs.com/Graduate_Careers/job/GBR-London-5-Canada-Square/Engineering-Graduate-Programme--Backend-_R0123403	dropped	DROP:non-target-country	2026-09-19	2026-09-19	1	
aero.wd5.myworkdayjobs.com/external/job/el-segundo-ca/xmlname-2027-rpo-software-developer-analyst_r016457	The Aerospace Corporation	RPO Software Developer/Analyst - Flight Mechanics	https://aero.wd5.myworkdayjobs.com/external/job/El-Segundo-CA/XMLNAME-2027-RPO-Software-Developer-Analyst_R016457	dropped	DROP:no-target-role-match	2026-09-19	2026-09-19	1	
lseg.wd3.myworkdayjobs.com/graduate_careers/job/engineering-graduate-programme_r0123391	LSEG	Engineering Graduate Programme	https://lseg.wd3.myworkdayjobs.com/Graduate_Careers/job/Engineering-Graduate-Programme_R0123391	dropped	DROP:no-target-role-match	2026-09-19	2026-09-19	1	
lseg.wd3.myworkdayjobs.com/graduate_careers/job/gbr-london-5-canada-square/engineering-graduate-programme--fullstack-_r0123395	LSEG	Full-Stack Developer Graduate - Fullstack	https://lseg.wd3.myworkdayjobs.com/Graduate_Careers/job/GBR-London-5-Canada-Square/Engineering-Graduate-Programme--Fullstack-_R0123395	dropped	DROP:non-target-country	2026-09-19	2026-09-19	1	
bmo.wd3.myworkdayjobs.com/external/job/toronto-on-can/senior-analyst--data-analytics---automation-solutions_r260026408	Bank of Montreal	Senior Analyst - Data Analytics & Automation Solutions	https://bmo.wd3.myworkdayjobs.com/External/job/Toronto-ON-CAN/Senior-Analyst--Data-Analytics---Automation-Solutions_R260026408	dropped	DROP:non-target-country	2026-09-19	2026-09-19	1	
costar.wd1.myworkdayjobs.com/costar_campus/job/us-va-arlington/associate-software-engineer---arlington--va_r39668	CoStar Group	Associate Software Engineer	https://costar.wd1.myworkdayjobs.com/Costar_Campus/job/US-VA-Arlington/Associate-Software-Engineer---Arlington--VA_R39668	dropped	DROP:no-target-role-match	2026-09-19	2026-09-19	1	
mimecast.wd5.myworkdayjobs.com/mimecast-careers/job/united-states-of-america-minnesota--minneapolis/software-engineer-i_r6708-1	Mimecast	Software Engineer 1 - Endpoint Sensor	https://mimecast.wd5.myworkdayjobs.com/Mimecast-Careers/job/United-States-of-America-Minnesota--Minneapolis/Software-Engineer-I_R6708-1	dropped	DROP:no-target-role-match	2026-09-19	2026-09-19	1	
lseg.wd3.myworkdayjobs.com/graduate_careers/job/usa-new-york-28-liberty-street/engineering-graduate-programme--new-york-_r0123409	LSEG	Engineering Graduate Programme - New York	https://lseg.wd3.myworkdayjobs.com/Graduate_Careers/job/USA-New-York-28-Liberty-Street/Engineering-Graduate-Programme--New-York-_R0123409	dropped	DROP:no-target-role-match	2026-09-19	2026-09-19	1	
pimco.wd1.myworkdayjobs.com/pimco-careers/job/newport-beach-ca-usa/product-analyst_r106620	PIMCO	Product Analyst - Product Strategy Group	https://pimco.wd1.myworkdayjobs.com/pimco-careers/job/Newport-Beach-CA-USA/Product-Analyst_R106620	dropped	DROP:no-target-role-match	2026-09-19	2026-09-19	1	
pg.wd5.myworkdayjobs.com/1000/job/greensboro-swing-road-plant/site-data-activation-leader_r000154606-1	Procter & Gamble	Site Data Activation Leader	https://pg.wd5.myworkdayjobs.com/1000/job/GREENSBORO-SWING-ROAD-PLANT/Site-Data-Activation-Leader_R000154606-1	dropped	DROP:no-target-role-match	2026-09-19	2026-09-19	1	
globalhr.wd5.myworkdayjobs.com/rec_rtx_ext_gateway/job/us-az-tucson-805--1151-e-hermans-rd--bldg-805/hwil-software-engineer-i_01874565	RTX	Hardware In the Loop Software Engineer 1	https://globalhr.wd5.myworkdayjobs.com/rec_rtx_ext_gateway/job/US-AZ-TUCSON-805--1151-E-Hermans-Rd--BLDG-805/HWIL-Software-Engineer-I_01874565	dropped	DROP:no-target-role-match	2026-09-19	2026-09-19	1	
globalhr.wd5.myworkdayjobs.com/rec_rtx_ext_gateway/job/us-ia-cedar-rapids-105--400-collins-rd-ne--bldg-105/engineer-i---display-products--onsite-_01871168	RTX	Engineer 1 - Display Products	https://globalhr.wd5.myworkdayjobs.com/rec_rtx_ext_gateway/job/US-IA-CEDAR-RAPIDS-105--400-Collins-Rd-NE--BLDG-105/Engineer-I---Display-Products--Onsite-_01871168	dropped	DROP:no-target-role-match	2026-09-19	2026-09-19	1	
globalhr.wd5.myworkdayjobs.com/rec_rtx_ext_gateway/job/us-in-indianapolis-206--3939-priority-way-s-dr--priority-bldg-6/software-engineer-i--onsite-_01873683	RTX	Software Engineer 1	https://globalhr.wd5.myworkdayjobs.com/rec_rtx_ext_gateway/job/US-IN-INDIANAPOLIS-206--3939-Priority-Way-S-Dr--PRIORITY-BLDG-6/Software-Engineer-I--Onsite-_01873683	dropped	DROP:no-target-role-match	2026-09-19	2026-09-19	1	
amat.wd1.myworkdayjobs.com/external/job/santa-claraca/business-intelligence-analyst-i--new-college-grad--bachelor-s--santa-clara--ca-_r2626650	Applied Materials	Business Intelligence Analyst 1	https://amat.wd1.myworkdayjobs.com/External/job/Santa-ClaraCA/Business-Intelligence-Analyst-I--New-College-Grad--Bachelor-s--Santa-Clara--CA-_R2626650	dropped	DROP:no-target-role-match	2026-09-19	2026-09-19	1	
motorolasolutions.wd5.myworkdayjobs.com/careers/job/chicago-il/gtm-business-intelligence-analyst_r68659	Motorola	GTM Business Intelligence Analyst	https://motorolasolutions.wd5.myworkdayjobs.com/Careers/job/Chicago-IL/GTM-Business-Intelligence-Analyst_R68659	dropped	DROP:no-target-role-match	2026-09-19	2026-09-19	1	
ngc.wd1.myworkdayjobs.com/northrop_grumman_external_site/job/united-states-minnesota-plymouth/associate-specialty-test-engineer_r10250652	Northrop Grumman	Associate Specialty Test Engineer - Armament Systems	https://ngc.wd1.myworkdayjobs.com/Northrop_Grumman_External_Site/job/United-States-Minnesota-Plymouth/Associate-Specialty-Test-Engineer_R10250652	dropped	DROP:no-target-role-match	2026-09-19	2026-09-19	1	
bdo.wd3.myworkdayjobs.com/bdo/job/toronto---bay-st/business-analyst---data---analytics---new-grad--january-2027-_jr7065	BDO Canada	Business Analyst New Grad - Data & Analytics	https://bdo.wd3.myworkdayjobs.com/BDO/job/Toronto---Bay-St/Business-Analyst---Data---Analytics---New-Grad--January-2027-_JR7065	dropped	DROP:non-target-country	2026-09-19	2026-09-19	1	
boeing.wd1.myworkdayjobs.com/external_careers/job/usa---el-segundo-ca/entry-level-digital-electronics-circuit---unit-hardware-design-engineer_jr2026523829-2	Boeing	Entry-level Digital Electronics Circuit & Unit Hardware Design Engineer - Space Digital Products & Electronics	https://boeing.wd1.myworkdayjobs.com/EXTERNAL_CAREERS/job/USA---El-Segundo-CA/Entry-level-Digital-Electronics-Circuit---Unit-Hardware-Design-Engineer_JR2026523829-2	dropped	DROP:no-target-role-match	2026-09-19	2026-09-19	1	
rollsroyce.wd3.myworkdayjobs.com/intern_graduate/job/indianapolis/libertyworks-electrical-systems-design-engineer_jr6160143	Rolls-Royce	Electrical Systems Design Engineer	https://rollsroyce.wd3.myworkdayjobs.com/Intern_Graduate/job/Indianapolis/LibertyWorks-Electrical-Systems-Design-Engineer_JR6160143	dropped	DROP:no-target-role-match	2026-09-19	2026-09-19	1	
rollsroyce.wd3.myworkdayjobs.com/intern_graduate/job/indianapolis/junior-machine-learning-engineering_jr6160142	Rolls-Royce	Junior Machine Learning Engineer	https://rollsroyce.wd3.myworkdayjobs.com/Intern_Graduate/job/Indianapolis/Junior-Machine-Learning-Engineering_JR6160142	dropped	DROP:no-target-role-match	2026-09-19	2026-09-19	1	
jci.wd5.myworkdayjobs.com/jci/job/westford-massachusetts-united-states-of-america/nextgen-hardware-engineer--fire-detection_wd30279366	Johnson Controls	Hardware Engineer - Fire Detection	https://jci.wd5.myworkdayjobs.com/JCI/job/Westford-Massachusetts-United-States-of-America/NextGen-Hardware-Engineer--Fire-Detection_WD30279366	dropped	DROP:no-target-role-match	2026-09-19	2026-09-19	1	
lowes.wd5.myworkdayjobs.com/en-us/lws_external_cs/job/lowes-charlotte-technology-hub-3505/associate-software-engineer---launchpad_jr-02641559	Lowe's	Associate Software Engineer - Launchpad	https://lowes.wd5.myworkdayjobs.com/en-US/LWS_External_CS/job/Lowes-Charlotte-Technology-Hub-3505/Associate-Software-Engineer---Launchpad_JR-02641559	dropped	DROP:no-target-role-match	2026-09-19	2026-09-19	1	
lowes.wd5.myworkdayjobs.com/en-us/lws_external_cs/job/lowes-charlotte-technology-hub-3505/associate-product-manager---launchpad_jr-02641560	Lowe's	Associate Product Manager - Launchpad	https://lowes.wd5.myworkdayjobs.com/en-US/LWS_External_CS/job/Lowes-Charlotte-Technology-Hub-3505/Associate-Product-Manager---Launchpad_JR-02641560	dropped	DROP:outside-target-metro	2026-09-19	2026-09-19	1	
kla.wd1.myworkdayjobs.com/search/job/milpitas-ca/optical-engineer_2640298-1	KLA Corporation	Optical Engineer - EBeam	https://kla.wd1.myworkdayjobs.com/search/job/Milpitas-CA/Optical-Engineer_2640298-1	dropped	DROP:no-target-role-match	2026-09-19	2026-09-19	1	
caci.wd1.myworkdayjobs.com/external/job/san-antonio-tx-us/software-developer_332051	CACI	Software Developer	https://caci.wd1.myworkdayjobs.com/external/job/San-Antonio-TX-US/Software-Developer_332051	dropped	DROP:no-target-role-match	2026-09-19	2026-09-19	1	
mbda.wd3.myworkdayjobs.com/mbda-uk/job/stevenage/electronics-engineer---graduate-programme-2027_r37817	MBDA	Electronics Engineer - Graduate Programme	https://mbda.wd3.myworkdayjobs.com/MBDA-UK/job/Stevenage/Electronics-Engineer---Graduate-Programme-2027_R37817	dropped	DROP:no-target-role-match	2026-09-19	2026-09-19	1	
mbda.wd3.myworkdayjobs.com/mbda-uk/job/bristol/weapon-systems-algorithms-engineer---graduate-programme-2027_r37707	MBDA	Weapon Systems Algorithms Engineer New Grad	https://mbda.wd3.myworkdayjobs.com/MBDA-UK/job/Bristol/Weapon-Systems-Algorithms-Engineer---Graduate-Programme-2027_R37707	dropped	DROP:no-target-role-match	2026-09-19	2026-09-19	1	
mbda.wd3.myworkdayjobs.com/mbda-uk/job/stevenage/simulation-and-modelling-engineer---graduate-programme-2027_r37832	MBDA	Simulation and Modelling Engineer New Grad	https://mbda.wd3.myworkdayjobs.com/MBDA-UK/job/Stevenage/Simulation-and-Modelling-Engineer---Graduate-Programme-2027_R37832	dropped	DROP:no-target-role-match	2026-09-19	2026-09-19	1	
silabs.wd1.myworkdayjobs.com/siliconlabscareers/job/austin/software-engineer-i_21011-1	Silicon Laboratories	Software Engineer 1 - RAIL team	https://silabs.wd1.myworkdayjobs.com/SiliconlabsCareers/job/Austin/Software-Engineer-I_21011-1	dropped	DROP:no-target-role-match	2026-09-19	2026-09-19	1	
mbda.wd3.myworkdayjobs.com/mbda-uk/job/bristol/computer-vision-and-artificial-intelligence-engineer---graduate-programme-2027_r37479	MBDA	Computer Vision and Artificial Intelligence Engineer - Image Processing UK	https://mbda.wd3.myworkdayjobs.com/MBDA-UK/job/Bristol/Computer-Vision-and-Artificial-Intelligence-Engineer---Graduate-Programme-2027_R37479	dropped	DROP:no-target-role-match	2026-09-19	2026-09-19	1	
mbda.wd3.myworkdayjobs.com/mbda-uk/job/bristol/software-engineer---graduate-programme-2027_r37737	MBDA	Software Engineer Graduate Programme	https://mbda.wd3.myworkdayjobs.com/MBDA-UK/job/Bristol/Software-Engineer---Graduate-Programme-2027_R37737	dropped	DROP:no-target-role-match	2026-09-19	2026-09-19	1	
micron.wd1.myworkdayjobs.com/external/job/richardson-tx/new-college-grad---hbm-design-architect---ms-or-phd_jr111450	Micron Technology	HBM Design Architect New Grad	https://micron.wd1.myworkdayjobs.com/External/job/Richardson-TX/New-College-Grad---HBM-Design-Architect---MS-or-PhD_JR111450	dropped	DROP:no-target-role-match	2026-09-19	2026-09-19	1	
micron.wd1.myworkdayjobs.com/external/job/folsom-ca/new-college-grad---hbm-soc-design-engineer-architect_jr111456	Micron Technology	HBM SoC Design Engineer/Architect New Grad	https://micron.wd1.myworkdayjobs.com/External/job/Folsom-CA/New-College-Grad---HBM-SoC-Design-Engineer-Architect_JR111456	dropped	DROP:no-target-role-match	2026-09-19	2026-09-19	1	
jci.wd5.myworkdayjobs.com/jci/job/glendale-wisconsin-united-states-of-america/nextgen-software-engineer_wd30279373	Johnson Controls	Software Engineer - Nextgen	https://jci.wd5.myworkdayjobs.com/JCI/job/Glendale-Wisconsin-United-States-of-America/NextGen-Software-Engineer_WD30279373	dropped	DROP:no-target-role-match	2026-09-19	2026-09-19	1	
usbank.wd1.myworkdayjobs.com/us_bank_careers/job/hopkins-mn/associate-software-engineer--c---net-core-_2026-0028472	U.S. Bank	Associate Software Engineer - C# - .NET Core	https://usbank.wd1.myworkdayjobs.com/US_Bank_Careers/job/Hopkins-MN/Associate-Software-Engineer--C---NET-Core-_2026-0028472	dropped	DROP:no-target-role-match	2026-09-19	2026-09-19	1	
dowjones.wd1.myworkdayjobs.com/en-us/dow_jones_career/job/houston-tx---opis/research-analyst-i---chemical-market-analytics_job_req_54978	Dow Jones	Research Analyst 1 - Chemical Market Analytics	https://dowjones.wd1.myworkdayjobs.com/en-US/Dow_Jones_Career/job/Houston-TX---OPIS/Research-Analyst-I---Chemical-Market-Analytics_Job_Req_54978	dropped	DROP:no-target-role-match	2026-09-19	2026-09-19	1	
amat.wd1.myworkdayjobs.com/external/job/santa-claraca/product-line-management-ii-new-college-grad--master-s--santa-clara--ca-_r2627412	Applied Materials	Product Line Management New Grad - Master's	https://amat.wd1.myworkdayjobs.com/External/job/Santa-ClaraCA/Product-Line-Management-II-New-College-Grad--Master-s--Santa-Clara--CA-_R2627412	dropped	DROP:no-target-role-match	2026-09-19	2026-09-19	1	
amat.wd1.myworkdayjobs.com/external/job/santa-claraca/logistics-automation-new-college-grad--bachelor-s--santa-clara--ca-_r2627714	Applied Materials	Logistics Automation New Grad	https://amat.wd1.myworkdayjobs.com/External/job/Santa-ClaraCA/Logistics-Automation-New-College-Grad--Bachelor-s--Santa-Clara--CA-_R2627714	dropped	DROP:no-target-role-match	2026-09-19	2026-09-19	1	
broadridge.wd5.myworkdayjobs.com/careers/job/newark-nj/product-analyst--hybrid-_jr1085596	Broadridge	Product Analyst	https://broadridge.wd5.myworkdayjobs.com/careers/job/Newark-NJ/Product-Analyst--Hybrid-_JR1085596	dropped	DROP:no-target-role-match	2026-09-19	2026-09-19	1	
ameriprise.wd5.myworkdayjobs.com/en-us/ameriprise/job/boston-massachusetts/columbia-threadneedle-sales--marketing--and-distribution-technology-leadership-development-program-associate_r26_3114-1	Ameriprise Financial	Sales, Marketing, and Distribution Technology - Marketing and Distribution Technology	https://ameriprise.wd5.myworkdayjobs.com/en-US/Ameriprise/job/Boston-Massachusetts/Columbia-Threadneedle-Sales--Marketing--and-Distribution-Technology-Leadership-Development-Program-Associate_R26_3114-1	dropped	DROP:no-target-role-match	2026-09-19	2026-09-19	1	
sbdinc.wd1.myworkdayjobs.com/en-us/stanley_black_decker_career_site/job/towson-md-united-states/engineer-1--electrical_req-1000052382	Stanley Black & Decker	Electrical Engineer 1	https://sbdinc.wd1.myworkdayjobs.com/en-US/Stanley_Black_Decker_Career_Site/job/Towson-MD-United-States/Engineer-1--Electrical_REQ-1000052382	dropped	DROP:no-target-role-match	2026-09-19	2026-09-19	1	
globalhr.wd5.myworkdayjobs.com/rec_rtx_ext_gateway/job/us-va-arlington-108--1100-wilson-blvd--rosslyn-hq/leadership-development-program---engineering--software-discipline--starts-june-2027-_01873618	RTX	Software Engineer New Grad	https://globalhr.wd5.myworkdayjobs.com/rec_rtx_ext_gateway/job/US-VA-ARLINGTON-108--1100-Wilson-Blvd--ROSSLYN-HQ/Leadership-Development-Program---Engineering--Software-Discipline--Starts-June-2027-_01873618	dropped	DROP:no-target-role-match	2026-09-19	2026-09-19	1	
amat.wd1.myworkdayjobs.com/external/job/santa-claraca/new-college-grad---algorithm-developer-iii---phd--winter-2026-start-_r2628587	Applied Materials	Algorithm Developer 3	https://amat.wd1.myworkdayjobs.com/External/job/Santa-ClaraCA/New-College-Grad---Algorithm-Developer-III---PhD--Winter-2026-Start-_R2628587	dropped	DROP:no-target-role-match	2026-09-19	2026-09-19	1	
sbdinc.wd1.myworkdayjobs.com/en-us/stanley_black_decker_career_site/job/towson-md-united-states/engineer-i--digital_req-1000051830	Stanley Black & Decker	Engineer 1 - Digital	https://sbdinc.wd1.myworkdayjobs.com/en-US/Stanley_Black_Decker_Career_Site/job/Towson-MD-United-States/Engineer-I--Digital_REQ-1000051830	dropped	DROP:no-target-role-match	2026-09-19	2026-09-19	1	
globalhr.wd5.myworkdayjobs.com/fr-ca/private_posting_no_tmp/job/us-va-arlington-111--1300-17th-st-n--bbn-arlington/engineer-i---rtx-bbn-analytics-and-machine-intelligence--ami----arlington--va-and-cambridge--ma--hybrid-_01874936	RTX	Research Engineer 1 - Analytics and Machine Intelligence - AMI	https://globalhr.wd5.myworkdayjobs.com/fr-CA/Private_Posting_No_TMP/job/US-VA-ARLINGTON-111--1300-17Th-St-N--BBN-ARLINGTON/Engineer-I---RTX-BBN-Analytics-and-Machine-Intelligence--AMI----Arlington--VA-and-Cambridge--MA--Hybrid-_01874936	dropped	DROP:no-target-role-match	2026-09-19	2026-09-19	1	
globalhr.wd5.myworkdayjobs.com/rec_rtx_ext_gateway/job/us-ca-goleta-b01--6825-cortona-dr--bldg-b01/vision-systems--test-engineer-i_01874749	RTX	Test Engineer 1 - Vision Systems	https://globalhr.wd5.myworkdayjobs.com/rec_rtx_ext_gateway/job/US-CA-GOLETA-B01--6825-Cortona-Dr--BLDG-B01/Vision-Systems--Test-Engineer-I_01874749	dropped	DROP:no-target-role-match	2026-09-19	2026-09-19	1	
app.careerpuck.com/job-board/lyft/job/8802198002?gh_jid=8802198002	Lyft	Data Analyst Intern - Summer 2027	https://app.careerpuck.com/job-board/lyft/job/8802198002?gh_jid=8802198002	dropped	DROP:intern-coop-phd	2026-09-19	2026-09-19	1	
app.careerpuck.com/job-board/lyft/job/8767723002?gh_jid=8767723002	Lyft	Data Science Intern - Algorithms - Summer 2027 - SF/NYC	https://app.careerpuck.com/job-board/lyft/job/8767723002?gh_jid=8767723002	dropped	DROP:intern-coop-phd	2026-09-19	2026-09-19	1	
job-boards.eu.greenhouse.io/veeamsoftware/jobs/4972324101	Veeam	Customer Care AI Analyst Intern - Summer 2027	https://job-boards.eu.greenhouse.io/veeamsoftware/jobs/4972324101	dropped	DROP:intern-coop-phd	2026-09-19	2026-09-19	1	
job-boards.eu.greenhouse.io/veeamsoftware/jobs/4971202101	Veeam	People & Culture AI Transformation Intern- Summer 2027	https://job-boards.eu.greenhouse.io/veeamsoftware/jobs/4971202101	dropped	DROP:intern-coop-phd	2026-09-19	2026-09-19	1	
jobs.lever.co/kitware/dbaac56b-26b2-43b9-8ae3-354b6662ea89/apply	Kitware	Software Developer	https://jobs.lever.co/kitware/dbaac56b-26b2-43b9-8ae3-354b6662ea89/apply	dropped	DROP:no-target-role-match	2026-09-19	2026-09-19	1	
autostore.wd3.myworkdayjobs.com/autostore/job/atlanta-ga-usa/entry-level-software-engineer_jr102691	Autostore	Entry Level Software Engineer	https://autostore.wd3.myworkdayjobs.com/autostore/job/Atlanta-GA-USA/Entry-Level-Software-Engineer_JR102691	dropped	DROP:no-target-role-match	2026-09-19	2026-09-19	1	
job-boards.greenhouse.io/klaviyocampus/jobs/7989324003	Klaviyo	Software Engineer 1	https://job-boards.greenhouse.io/klaviyocampus/jobs/7989324003	dropped	DROP:no-target-role-match	2026-09-19	2026-09-19	1	
jobs.ashbyhq.com/retell-ai/161bcfc9-56dd-4d0c-869d-e5de1431a940/application	Retell AI	Forward Deployed Engineer New Grad	https://jobs.ashbyhq.com/retell-ai/161bcfc9-56dd-4d0c-869d-e5de1431a940/application?embed=true	dropped	DROP:no-target-role-match	2026-09-19	2026-09-19	1	
careers.acuityinc.com/job/conyers-specialist-software-engineering-build-leadership-program-ga-30012/1429302100	Acuity	Software Engineering Specialist - BUILD Leadership Program	https://careers.acuityinc.com/job/Conyers-Specialist-Software-Engineering-BUILD-Leadership-Program-GA-30012/1429302100/?ats=successfactors	dropped	DROP:no-target-role-match	2026-09-19	2026-09-19	1	
aleysian.applytojob.com/apply/qxbf7apqki/salesforce-ai-implementation-intern	Aleysian	Salesforce & AI Implementation Intern	http://aleysian.applytojob.com/apply/QxbF7APQki/Salesforce-AI-Implementation-Intern	dropped	DROP:intern-coop-phd	2026-09-19	2026-09-19	1	
amgen.wd1.myworkdayjobs.com/en-us/careers/job/united-states---remote/undergrad-intern---data-engineer---amgen-s-technology---medical-organizations--summer-2027-_r-255708	Amgen	Undergrad Intern - Data Engineer - Amgen’s Technology & Medical Organizations - Summer 2027	https://amgen.wd1.myworkdayjobs.com/en-US/careers/job/United-States---Remote/Undergrad-Intern---Data-Engineer---Amgen-s-Technology---Medical-Organizations--Summer-2027-_R-255708	dropped	DROP:intern-coop-phd	2026-09-19	2026-09-19	1	
amgen.wd1.myworkdayjobs.com/en-us/careers/job/united-states---remote/grad-intern---data-scientist---amgen-s-technology---medical-organizations--summer-2027-_r-255722	Amgen	Grad Intern - Data Scientist - Amgen’s Technology & Medical Organizations - Summer 2027	https://amgen.wd1.myworkdayjobs.com/en-US/careers/job/United-States---Remote/Grad-Intern---Data-Scientist---Amgen-s-Technology---Medical-Organizations--Summer-2027-_R-255722	dropped	DROP:intern-coop-phd	2026-09-19	2026-09-19	1	
amgen.wd1.myworkdayjobs.com/en-us/careers/job/united-states---remote/undergrad-intern---data-scientist---amgen-s-technology---medical-organizations--summer-2027-_r-255704	Amgen	Undergrad Intern - Data Scientist - Amgen’s Technology & Medical Organizations - Summer 2027	https://amgen.wd1.myworkdayjobs.com/en-US/careers/job/United-States---Remote/Undergrad-Intern---Data-Scientist---Amgen-s-Technology---Medical-Organizations--Summer-2027-_R-255704	dropped	DROP:intern-coop-phd	2026-09-19	2026-09-19	1	
amgen.wd1.myworkdayjobs.com/en-us/careers/job/united-states---remote/grad-intern---data-engineer---amgen-s-technology---medical-organizations--summer-2027-_r-255742	Amgen	Grad Intern - Data Engineer - Amgen’s Technology & Medical Organizations - Summer 2027	https://amgen.wd1.myworkdayjobs.com/en-US/careers/job/United-States---Remote/Grad-Intern---Data-Engineer---Amgen-s-Technology---Medical-Organizations--Summer-2027-_R-255742	dropped	DROP:intern-coop-phd	2026-09-19	2026-09-19	1	
amgen.wd1.myworkdayjobs.com/en-us/careers/job/united-states---remote/undergrad-intern---machine-learning-engineer---amgen-s-technology---medical-organizations--summer-2027-_r-255709	Amgen	Undergrad Intern - Machine Learning Engineer - Amgen’s Technology & Medical Organizations - Summer 2027	https://amgen.wd1.myworkdayjobs.com/en-US/careers/job/United-States---Remote/Undergrad-Intern---Machine-Learning-Engineer---Amgen-s-Technology---Medical-Organizations--Summer-2027-_R-255709	dropped	DROP:intern-coop-phd	2026-09-19	2026-09-19	1	
bmo.wd3.myworkdayjobs.com/en-us/external/job/chicago-il-usa/ai-intern--winter-2027--internship----4-months_r260026562-3	Bank of Montreal	AI Intern - Winter 2027 - Internship - 4 months	https://bmo.wd3.myworkdayjobs.com/en-US/external/job/Chicago-IL-USA/AI-Intern--Winter-2027--Internship----4-months_R260026562-3	dropped	DROP:intern-coop-phd	2026-09-19	2026-09-19	1	
workforcenow.adp.com/mascsr/default/mdf/recruitment/recruitment.html?jobid=574462	Bascom Hunter	AI/ML Engineering Intern - Baton Rouge - LA/Frederick - MD	https://workforcenow.adp.com/mascsr/default/mdf/recruitment/recruitment.html?cid=2cc1abe5-fdf4-41ed-b82d-9b34c651ef79&jobId=574462	dropped	DROP:intern-coop-phd	2026-09-19	2026-09-19	1	
job-boards.greenhouse.io/beamtherapeutics/jobs/8796651002	Beam Therapeutics	IT Business Systems and AI Co-op	https://job-boards.greenhouse.io/beamtherapeutics/jobs/8796651002	dropped	DROP:intern-coop-phd	2026-09-19	2026-09-19	1	
jobs.ashbyhq.com/bedrock-robotics/0331551e-c18e-428a-8e91-e6cb25c9c2e8	Bedrock Robotics	Internship 2027 Onboard Infrastructure Engineer - ML Inference	https://jobs.ashbyhq.com/bedrock-robotics/0331551e-c18e-428a-8e91-e6cb25c9c2e8	dropped	DROP:intern-coop-phd	2026-09-19	2026-09-19	1	
jobs.ashbyhq.com/bedrock-robotics/c51d682e-58ee-44de-886f-4cfacb56d2e1	Bedrock Robotics	Internship 2027 Behavior Machine Learning Engineer - World Models	https://jobs.ashbyhq.com/bedrock-robotics/c51d682e-58ee-44de-886f-4cfacb56d2e1	dropped	DROP:intern-coop-phd	2026-09-19	2026-09-19	1	
cccis.wd1.myworkdayjobs.com/en-us/broadbean_external/job/chicago-green-st-il/r-d---data-science-internship-fall-2026_0014841	CCC Intelligent Solutions	R&D & Data Science Internship Fall 2026	https://cccis.wd1.myworkdayjobs.com/en-US/broadbean_external/job/Chicago-Green-St-IL/R-D---Data-Science-Internship-Fall-2026_0014841	dropped	DROP:intern-coop-phd	2026-09-19	2026-09-19	1	
cenhud.wd5.myworkdayjobs.com/en-us/cenhud/job/poughkeepsie/data-analytics-intern_r2141	Central Hudson	Data Analytics Intern	https://cenhud.wd5.myworkdayjobs.com/en-US/cenhud/job/Poughkeepsie/Data-Analytics-Intern_R2141	dropped	DROP:intern-coop-phd	2026-09-19	2026-09-19	1	
diligencevault.applytojob.com/apply/yo3rhxidym/ai-engineer-intern	DiligenceVault	AI Engineer Intern	http://diligencevault.applytojob.com/apply/Yo3RhxiDyM/AI-Engineer-Intern	dropped	DROP:intern-coop-phd	2026-09-19	2026-09-19	1	
directsupply.wd501.myworkdayjobs.com/en-us/direct-supply-careers/job/milwaukee-wi/ai-engineer-intern_req-2026-2553	Direct Supply	AI Engineer Intern	https://directsupply.wd501.myworkdayjobs.com/en-US/direct-supply-careers/job/Milwaukee-WI/AI-Engineer-Intern_REQ-2026-2553	dropped	DROP:intern-coop-phd	2026-09-19	2026-09-19	1	
job-boards.greenhouse.io/dvtrading/jobs/4733133005	DV Trading	Quantitative Research Intern - Summer 2027 - DV Equities	https://job-boards.greenhouse.io/dvtrading/jobs/4733133005	dropped	DROP:intern-coop-phd	2026-09-19	2026-09-19	1	
job-boards.greenhouse.io/dvtrading/jobs/4702083005	DV Trading	Quantitative Trading Intern - Summer 2027 - DV Equities	https://job-boards.greenhouse.io/dvtrading/jobs/4702083005	dropped	DROP:intern-coop-phd	2026-09-19	2026-09-19	1	
emcins.wd5.myworkdayjobs.com/en-us/emc_careers/job/iowa/intern--data-science_r6524	EMC	Intern- Data Science	https://emcins.wd5.myworkdayjobs.com/en-US/emc_careers/job/Iowa/Intern--Data-Science_R6524	dropped	DROP:intern-coop-phd	2026-09-19	2026-09-19	1	
fmr.wd1.myworkdayjobs.com/en-us/targeted/job/boston-ma/co-op--risk-data-analyst_2135234	Fidelity Investments	Co-Op - Risk Data Analyst	https://fmr.wd1.myworkdayjobs.com/en-US/targeted/job/Boston-MA/Co-Op--Risk-Data-Analyst_2135234	dropped	DROP:intern-coop-phd	2026-09-19	2026-09-19	1	
fmr.wd1.myworkdayjobs.com/en-us/targeted/job/boston-ma/co-op--quantitative-analyst_2135235	Fidelity Investments	Co-op - Quantitative Analyst	https://fmr.wd1.myworkdayjobs.com/en-US/targeted/job/Boston-MA/Co-op--Quantitative-Analyst_2135235	dropped	DROP:intern-coop-phd	2026-09-19	2026-09-19	1	
fmr.wd1.myworkdayjobs.com/en-us/targeted/job/boston-ma/co-op--data-analyst_2135233	Fidelity Investments	Co-Op - Data Analyst	https://fmr.wd1.myworkdayjobs.com/en-US/targeted/job/Boston-MA/Co-Op--Data-Analyst_2135233	dropped	DROP:intern-coop-phd	2026-09-19	2026-09-19	1	
fmr.wd1.myworkdayjobs.com/en-us/targeted/job/boston-ma/co-op--data-scientist_2135229	Fidelity Investments	Co-Op - Data Scientist	https://fmr.wd1.myworkdayjobs.com/en-US/targeted/job/Boston-MA/Co-Op--Data-Scientist_2135229	dropped	DROP:intern-coop-phd	2026-09-19	2026-09-19	1	
fmr.wd1.myworkdayjobs.com/en-us/targeted/job/boston-ma/co-op--advanced-data-analytics-and-insights_2135232	Fidelity Investments	Co-op - Advanced Data Analytics and Insights	https://fmr.wd1.myworkdayjobs.com/en-US/targeted/job/Boston-MA/Co-op--Advanced-Data-Analytics-and-Insights_2135232	dropped	DROP:intern-coop-phd	2026-09-19	2026-09-19	1	
focuskpi.applytojob.com/apply/uxgrqatvgx/remote-phd-data-science-intern-media-mix-modeling	FocusKPI	Remote PhD Data Science Intern - Media Mix Modeling	http://focuskpi.applytojob.com/apply/uxGrqatvGx/Remote-PhD-Data-Science-Intern-Media-Mix-Modeling	dropped	DROP:intern-coop-phd	2026-09-19	2026-09-19	1	
job-boards.greenhouse.io/genevatrading/jobs/5232641007	Geneva Trading	Quantitative Trading Internship - Summer 2027	https://job-boards.greenhouse.io/genevatrading/jobs/5232641007	dropped	DROP:intern-coop-phd	2026-09-19	2026-09-19	1	
gnw.wd1.myworkdayjobs.com/en-us/gnw/job/richmond-virginia/data-analytics-intern---summer-2027_req-260288-1	Genworth	Data Analytics Intern - Summer 2027	https://gnw.wd1.myworkdayjobs.com/en-US/gnw/job/Richmond-Virginia/Data-Analytics-Intern---Summer-2027_REQ-260288-1	dropped	DROP:intern-coop-phd	2026-09-19	2026-09-19	1	
kbr.wd5.myworkdayjobs.com/en-us/kbr_careers/job/moffett-field-california/data-science-intern_r2129795	KBR	Data Science Intern	https://kbr.wd5.myworkdayjobs.com/en-US/kbr_careers/job/Moffett-Field-California/Data-Science-Intern_R2129795	dropped	DROP:intern-coop-phd	2026-09-19	2026-09-19	1	
jobs.ashbyhq.com/megazone/fde09888-986f-4207-88fe-3ff5b921a1fa	Megazone Cloud US	Data Engineer Co-op 2027	https://jobs.ashbyhq.com/megazone/fde09888-986f-4207-88fe-3ff5b921a1fa	dropped	DROP:intern-coop-phd	2026-09-19	2026-09-19	1	
mgmresorts.wd5.myworkdayjobs.com/en-us/mgmcareers/job/office---us-las-vegas-nv-880-grier-dr/data-analytics-internal-audit-work-experience-program---internship_279377	MGM Resorts	Data Analytics Internal Audit Work Experience Program - Internship	https://mgmresorts.wd5.myworkdayjobs.com/en-US/mgmcareers/job/Office---US-Las-Vegas-NV-880-Grier-Dr/Data-Analytics-Internal-Audit-Work-Experience-Program---Internship_279377	dropped	DROP:intern-coop-phd	2026-09-19	2026-09-19	1	
msd.wd5.myworkdayjobs.com/en-us/searchjobs/job/usa---new-jersey---rahway/xmlname-2027-future-talent-program---data-analytics-and-insights---intern_r413657	MSD	2027 Future Talent Program - Data Analytics and Insights - Intern	https://msd.wd5.myworkdayjobs.com/en-US/searchjobs/job/USA---New-Jersey---Rahway/XMLNAME-2027-Future-Talent-Program---Data-Analytics-and-Insights---Intern_R413657	dropped	DROP:intern-coop-phd	2026-09-19	2026-09-19	1	
msd.wd5.myworkdayjobs.com/en-us/searchjobs/job/usa---new-jersey---rahway/xmlname-2027-future-talent-program---qa-research-clinical-quality--analytics---ai---co-op_r414840	MSD	2027 Future Talent Program - QA Research Clinical Quality - Analytics & AI - Co-Op	https://msd.wd5.myworkdayjobs.com/en-US/searchjobs/job/USA---New-Jersey---Rahway/XMLNAME-2027-Future-Talent-Program---QA-Research-Clinical-Quality--Analytics---AI---Co-Op_R414840	dropped	DROP:intern-coop-phd	2026-09-19	2026-09-19	1	
oshkoshcorporation.wd5.myworkdayjobs.com/en-us/oshkosh/job/oshkosh-wisconsin-united-states/data-engineer-intern_r49868	Oshkosh	Data Engineer Intern	https://oshkoshcorporation.wd5.myworkdayjobs.com/en-US/oshkosh/job/Oshkosh-Wisconsin-United-States/Data-Engineer-Intern_R49868	dropped	DROP:intern-coop-phd	2026-09-19	2026-09-19	1	
tel.wd3.myworkdayjobs.com/en-us/tel-careers/job/austin-met-15/research-scientist--simulation-summer-2027-intern_r26-01506	Tokyo Electron	Research Scientist - Simulation Summer 2027 Intern	https://tel.wd3.myworkdayjobs.com/en-US/tel-careers/job/Austin-MET-15/Research-Scientist--Simulation-Summer-2027-Intern_R26-01506	dropped	DROP:intern-coop-phd	2026-09-19	2026-09-19	1	
job-boards.eu.greenhouse.io/veeamsoftware/jobs/4952609101	Veeam	Platform - Security & AI Engineering Intern - Summer 2027	https://job-boards.eu.greenhouse.io/veeamsoftware/jobs/4952609101	dropped	DROP:intern-coop-phd	2026-09-19	2026-09-19	1	
job-boards.eu.greenhouse.io/veeamsoftware/jobs/4955300101	Veeam	Data Analytics & Programs Intern - Summer 2027	https://job-boards.eu.greenhouse.io/veeamsoftware/jobs/4955300101	dropped	DROP:intern-coop-phd	2026-09-19	2026-09-19	1	
job-boards.eu.greenhouse.io/veeamsoftware/jobs/4971207101	Veeam	AI/ML Intern Summer 2027	https://job-boards.eu.greenhouse.io/veeamsoftware/jobs/4971207101	dropped	DROP:intern-coop-phd	2026-09-19	2026-09-19	1	
zapply.jobs/l/d/workday-oshkoshcorporation-oshkosh-r49868	Oshkosh Corporation	Data Engineer Intern	https://zapply.jobs/l/d/workday-oshkoshcorporation-oshkosh-R49868?s=gh-new-grad-data-science-jobs-2027	dropped	DROP:intern-coop-phd	2026-09-19	2026-09-19	1	
zapply.jobs/l/d/workday-unisys-external-req575567	Unisys	Smarthands Data Engineer	https://zapply.jobs/l/d/workday-unisys-external-REQ575567?s=gh-new-grad-data-science-jobs-2027	dropped	DROP:no-target-role-match	2026-09-19	2026-09-19	1	
zapply.jobs/l/d/workday-vanguard-vanguard-external-182068	Vanguard	Data Engineer, Specialist	https://zapply.jobs/l/d/workday-vanguard-vanguard-external-182068?s=gh-new-grad-data-science-jobs-2027	dropped	DROP:no-target-role-match	2026-09-19	2026-09-19	1	
zapply.jobs/l/d/workday-td-td-bank-careers-r_1510111	TD Bank	2027 Spring Co-op - Global Technology & Solutions - Data Engineer	https://zapply.jobs/l/d/workday-td-td-bank-careers-R_1510111?s=gh-new-grad-data-science-jobs-2027	dropped	DROP:intern-coop-phd	2026-09-19	2026-09-19	1	
zapply.jobs/l/d/workday-target-targetcareers-r0000444866	Target	Data Engineer - Finance AI Solutions	https://zapply.jobs/l/d/workday-target-targetcareers-R0000444866?s=gh-new-grad-data-science-jobs-2027	dropped	DROP:no-target-role-match	2026-09-19	2026-09-19	1	
zapply.jobs/l/d/greenhouse-spacex-8784022002	SpaceX	Data Engineer, Ground Network Engineering (Gateway)	https://zapply.jobs/l/d/greenhouse-spacex-8784022002?s=gh-new-grad-data-science-jobs-2027	dropped	DROP:no-target-role-match	2026-09-19	2026-09-19	1	
zapply.jobs/l/d/workday-salesforce-external-career-site-jr358418	Salesforce	Data Engineer	https://zapply.jobs/l/d/workday-salesforce-external-career-site-JR358418?s=gh-new-grad-data-science-jobs-2027	dropped	DROP:no-target-role-match	2026-09-19	2026-09-19	1	
zapply.jobs/l/d/workday-travelers-external-r-52525	The Travelers Companies	Data Engineer I (AWS, Databricks)	https://zapply.jobs/l/d/workday-travelers-external-R-52525?s=gh-new-grad-data-science-jobs-2027	dropped	DROP:no-target-role-match	2026-09-19	2026-09-19	1	
zapply.jobs/l/d/workday-cranecompany-careers-jr102419	Crane Co.	Data Engineer II	https://zapply.jobs/l/d/workday-cranecompany-careers-JR102419?s=gh-new-grad-data-science-jobs-2027	dropped	DROP:no-target-role-match	2026-09-19	2026-09-19	1	
zapply.jobs/l/d/workday-cat-caterpillarcareers-r0000393551	Caterpillar	Data Engineer	https://zapply.jobs/l/d/workday-cat-caterpillarcareers-R0000393551?s=gh-new-grad-data-science-jobs-2027	dropped	DROP:no-target-role-match	2026-09-19	2026-09-19	1	
zapply.jobs/l/d/workday-mastercard-corporatecareers-r-289305	Mastercard	Data Engineer II	https://zapply.jobs/l/d/workday-mastercard-corporatecareers-R-289305?s=gh-new-grad-data-science-jobs-2027	dropped	DROP:no-target-role-match	2026-09-19	2026-09-19	1	
zapply.jobs/l/d/amazon-da88ccb9-f2ee-428a-8c59-bf08c0cda3b6	Amazon Data Services, Inc.	Environmental Data Engineer, AWS Environmental	https://zapply.jobs/l/d/amazon-da88ccb9-f2ee-428a-8c59-bf08c0cda3b6?s=gh-new-grad-data-science-jobs-2027	dropped	DROP:no-target-role-match	2026-09-19	2026-09-19	1	
zapply.jobs/l/d/workday-alliance-nissanjobs-r00205289	Nissan	Data Engineer	https://zapply.jobs/l/d/workday-alliance-nissanjobs-R00205289?s=gh-new-grad-data-science-jobs-2027	dropped	DROP:no-target-role-match	2026-09-19	2026-09-19	1	
zapply.jobs/l/d/workday-guidehouse-external-44005	Guidehouse	Data Engineer	https://zapply.jobs/l/d/workday-guidehouse-external-44005?s=gh-new-grad-data-science-jobs-2027	dropped	DROP:no-target-role-match	2026-09-19	2026-09-19	1	
zapply.jobs/l/d/workday-comcast-comcast-careers-r444114	Comcast	Data Engineer 3-1595	https://zapply.jobs/l/d/workday-comcast-comcast-careers-R444114?s=gh-new-grad-data-science-jobs-2027	dropped	DROP:no-target-role-match	2026-09-19	2026-09-19	1	
zapply.jobs/l/d/workday-snc-snc-external-career-site-r0030489	Sierra Nevada Corporation	MLOps & Data Engineer II	https://zapply.jobs/l/d/workday-snc-snc-external-career-site-R0030489?s=gh-new-grad-data-science-jobs-2027	dropped	DROP:no-target-role-match	2026-09-19	2026-09-19	1	
zapply.jobs/l/d/greenhouse-anthropic-5418610008	Anthropic	Data Engineer, GTM	https://zapply.jobs/l/d/greenhouse-anthropic-5418610008?s=gh-new-grad-data-science-jobs-2027	dropped	DROP:no-target-role-match	2026-09-19	2026-09-19	1	
zapply.jobs/l/d/workday-crowdstrike-crowdstrikecareers-r30029	CrowdStrike	Engineer III - Platform Data Engineer (Remote)	https://zapply.jobs/l/d/workday-crowdstrike-crowdstrikecareers-R30029?s=gh-new-grad-data-science-jobs-2027	dropped	DROP:no-target-role-match	2026-09-19	2026-09-19	1	
zapply.jobs/l/d/workable-tp-link-usa-corp-e229a22be6	TP-Link USA	Big Data Engineer	https://zapply.jobs/l/d/workable-tp-link-usa-corp-E229A22BE6?s=gh-new-grad-data-science-jobs-2027	dropped	DROP:no-target-role-match	2026-09-19	2026-09-19	1	
zapply.jobs/l/d/greenhouse-coinbase-8175459	Coinbase	Data Engineer Intern	https://zapply.jobs/l/d/greenhouse-coinbase-8175459?s=gh-new-grad-data-science-jobs-2027	dropped	DROP:intern-coop-phd	2026-09-19	2026-09-19	1	
zapply.jobs/l/d/workday-gdit-external-career-site-rq226218	GDIT	Data Engineer, TS/SCI with Polygraph	https://zapply.jobs/l/d/workday-gdit-external-career-site-RQ226218?s=gh-new-grad-data-science-jobs-2027	dropped	DROP:no-target-role-match	2026-09-19	2026-09-19	1	
zapply.jobs/l/d/workday-bah-bah-jobs-r0249219	Booz Allen Hamilton	Data Visualization Engineer	https://zapply.jobs/l/d/workday-bah-bah-jobs-R0249219?s=gh-new-grad-data-science-jobs-2027	dropped	DROP:no-target-role-match	2026-09-19	2026-09-19	1	
zapply.jobs/l/d/workday-keybank-external-career-site-r-41754	KeyBank	Data & Business Intelligence Senior Associate	https://zapply.jobs/l/d/workday-keybank-external-career-site-R-41754?s=gh-new-grad-data-science-jobs-2027	dropped	DROP:no-target-role-match	2026-09-19	2026-09-19	1	
zapply.jobs/l/d/workday-cvshealth-cvs-health-careers-r1014332	CVS Health	Tableau Developer	https://zapply.jobs/l/d/workday-cvshealth-cvs-health-careers-R1014332?s=gh-new-grad-data-science-jobs-2027	dropped	DROP:no-target-role-match	2026-09-19	2026-09-19	1	
zapply.jobs/l/d/workday-uline-uline-careers-r263825	Uline	Solution Analyst - Business Intelligence	https://zapply.jobs/l/d/workday-uline-uline-careers-R263825?s=gh-new-grad-data-science-jobs-2027	dropped	DROP:no-target-role-match	2026-09-19	2026-09-19	1	
zapply.jobs/l/d/workday-cigna-cignacareers-26010949	Cigna	Data Enablement & Reporting Analyst - Evernorth - Remote	https://zapply.jobs/l/d/workday-cigna-cignacareers-26010949?s=gh-new-grad-data-science-jobs-2027	dropped	DROP:no-target-role-match	2026-09-19	2026-09-19	1	
zapply.jobs/l/d/workday-hp-externalcareersite-uni4669	HP Inc	Business Intelligence and Infrastructure Analysts Intern	https://zapply.jobs/l/d/workday-hp-externalcareersite-UNI4669?s=gh-new-grad-data-science-jobs-2027	dropped	DROP:intern-coop-phd	2026-09-19	2026-09-19	1	
zapply.jobs/l/d/workday-cox-cox-external-career-site-1-r202680012	Cox	Business Intelligence Manager - Manheim Client Consulting	https://zapply.jobs/l/d/workday-cox-cox-external-career-site-1-R202680012?s=gh-new-grad-data-science-jobs-2027	dropped	DROP:no-target-role-match	2026-09-19	2026-09-19	1	
zapply.jobs/l/d/workday-etsy-etsy-careers-jr5864	Etsy	Coordinator, Machine Learning Product and Engineering	https://zapply.jobs/l/d/workday-etsy-etsy-careers-JR5864?s=gh-new-grad-data-science-jobs-2027	dropped	DROP:no-target-role-match	2026-09-19	2026-09-19	1	
zapply.jobs/l/d/workday-nvidia-nvidiaexternalcareersite-jr2018178	NVIDIA	Applied AI Engineer	https://zapply.jobs/l/d/workday-nvidia-nvidiaexternalcareersite-JR2018178?s=gh-new-grad-data-science-jobs-2027	dropped	DROP:no-target-role-match	2026-09-19	2026-09-19	1	
zapply.jobs/l/d/workday-cardinalhealth-ext-20186338	Cardinal Health	AI/ML Engineer	https://zapply.jobs/l/d/workday-cardinalhealth-ext-20186338?s=gh-new-grad-data-science-jobs-2027	dropped	DROP:no-target-role-match	2026-09-19	2026-09-19	1	
zapply.jobs/l/d/workday-snc-snc-external-career-site-r0030821	Sierra Nevada Corporation	AI/ML Engineer III	https://zapply.jobs/l/d/workday-snc-snc-external-career-site-R0030821?s=gh-new-grad-data-science-jobs-2027	dropped	DROP:no-target-role-match	2026-09-19	2026-09-19	1	
zapply.jobs/l/d/greenhouse-icapitalnetwork-8750476002	iCapital Network	AI Engineer - Assistant Vice President	https://zapply.jobs/l/d/greenhouse-icapitalnetwork-8750476002?s=gh-new-grad-data-science-jobs-2027	dropped	DROP:no-target-role-match	2026-09-19	2026-09-19	1	
zapply.jobs/l/d/workday-entegris-entegriscareers-req-14498	Entegris	Lab Automation & AI Engineering Co-Op	https://zapply.jobs/l/d/workday-entegris-entegriscareers-REQ-14498?s=gh-new-grad-data-science-jobs-2027	dropped	DROP:intern-coop-phd	2026-09-19	2026-09-19	1	
zapply.jobs/l/d/workday-gevernova-vernova-externalsite-r5051916	GE Vernova	AI Engineer	https://zapply.jobs/l/d/workday-gevernova-vernova-externalsite-R5051916?s=gh-new-grad-data-science-jobs-2027	dropped	DROP:no-target-role-match	2026-09-19	2026-09-19	1	
zapply.jobs/l/d/workday-cigna-cignacareers-26009535	Cigna	The Cigna Group's Technology Development Program - AI Engineering Track Summer Internship	https://zapply.jobs/l/d/workday-cigna-cignacareers-26009535?s=gh-new-grad-data-science-jobs-2027	dropped	DROP:intern-coop-phd	2026-09-19	2026-09-19	1	
zapply.jobs/l/d/greenhouse-applovin-4712559006	AppLovin	Software Engineer, Machine Learning	https://zapply.jobs/l/d/greenhouse-applovin-4712559006?s=gh-new-grad-data-science-jobs-2027	dropped	DROP:no-target-role-match	2026-09-19	2026-09-19	1	
zapply.jobs/l/d/ashby-baseten-64181d8a-960d-4aa4-8d98-3cb22b1e0616	Baseten	AI Engineer	https://zapply.jobs/l/d/ashby-baseten-64181d8a-960d-4aa4-8d98-3cb22b1e0616?s=gh-new-grad-data-science-jobs-2027	dropped	DROP:no-target-role-match	2026-09-19	2026-09-19	1	
zapply.jobs/l/d/ashby-openai-552396f4-dc83-43de-9230-6301e5f461bd	OpenAI	Partner Applied AI Engineer	https://zapply.jobs/l/d/ashby-openai-552396f4-dc83-43de-9230-6301e5f461bd?s=gh-new-grad-data-science-jobs-2027	dropped	DROP:no-target-role-match	2026-09-19	2026-09-19	1	
zapply.jobs/l/d/workday-verizon-verizon-careers-r-1100605	Verizon	Verizon Consumer Group: AI/ML Engineering Summer 2027 Internship	https://zapply.jobs/l/d/workday-verizon-verizon-careers-R-1100605?s=gh-new-grad-data-science-jobs-2027	dropped	DROP:intern-coop-phd	2026-09-19	2026-09-19	1	
zapply.jobs/l/d/greenhouse-drweng-8186711	DRW	Platform Engineer - AI Engineering	https://zapply.jobs/l/d/greenhouse-drweng-8186711?s=gh-new-grad-data-science-jobs-2027	dropped	DROP:no-target-role-match	2026-09-19	2026-09-19	1	
zapply.jobs/l/d/workday-ngc-northrop-grumman-external-site-r10250129	Northrop Grumman	Manager AI Engineering 1	https://zapply.jobs/l/d/workday-ngc-northrop-grumman-external-site-R10250129?s=gh-new-grad-data-science-jobs-2027	dropped	DROP:no-target-role-match	2026-09-19	2026-09-19	1	
zapply.jobs/l/d/workday-micron-external-jr110878	Micron Technology	New College Grad - AI Engineer, SMAI	https://zapply.jobs/l/d/workday-micron-external-JR110878?s=gh-new-grad-data-science-jobs-2027	dropped	DROP:no-target-role-match	2026-09-19	2026-09-19	1	
zapply.jobs/l/d/workday-gilead-gileadcareers-r0054744	Gilead Sciences	Intern - CFO - IT (AI Engineer)	https://zapply.jobs/l/d/workday-gilead-gileadcareers-R0054744?s=gh-new-grad-data-science-jobs-2027	dropped	DROP:intern-coop-phd	2026-09-19	2026-09-19	1	
zapply.jobs/l/d/workday-cigna-cignacareers-26010473	Cigna	Artificial Intelligence Innovation Development Program (AIIDP) - Start Date: July 12, 2027	https://zapply.jobs/l/d/workday-cigna-cignacareers-26010473?s=gh-new-grad-data-science-jobs-2027	dropped	DROP:no-target-role-match	2026-09-19	2026-09-19	1	
zapply.jobs/l/d/workday-gdit-external-career-site-rq227941	GDIT	AI ENGINEER	https://zapply.jobs/l/d/workday-gdit-external-career-site-RQ227941?s=gh-new-grad-data-science-jobs-2027	dropped	DROP:no-target-role-match	2026-09-19	2026-09-19	1	
zapply.jobs/l/d/amazon-72bfe6a1-2a46-4cd7-985e-9479c9768111	Annapurna Labs (U.S.) Inc.	AI Hardware Systems Engineer, Annapurna Labs, Trainium Machine Learning Fleet Operations	https://zapply.jobs/l/d/amazon-72bfe6a1-2a46-4cd7-985e-9479c9768111?s=gh-new-grad-data-science-jobs-2027	dropped	DROP:no-target-role-match	2026-09-19	2026-09-19	1	
zapply.jobs/l/d/workday-amat-external-r2627059	Applied Materials	AI/Machine Learning New College Grad (Bachelors - Santa Clara, CA)	https://zapply.jobs/l/d/workday-amat-external-R2627059?s=gh-new-grad-data-science-jobs-2027	dropped	DROP:no-target-role-match	2026-09-19	2026-09-19	1	
zapply.jobs/l/d/workday-caci-external-331730	CACI	AI/ML Engineer (Geospatial)	https://zapply.jobs/l/d/workday-caci-external-331730?s=gh-new-grad-data-science-jobs-2027	dropped	DROP:no-target-role-match	2026-09-19	2026-09-19	1	
zapply.jobs/l/d/apple-200682498	Apple	AI/ML Engineer: System RF Data Ecosystem	https://zapply.jobs/l/d/apple-200682498?s=gh-new-grad-data-science-jobs-2027	dropped	DROP:no-target-role-match	2026-09-19	2026-09-19	1	
zapply.jobs/l/d/ashby-persona.ai-4f53d5be-e398-4c03-9c94-d0f8e59f27d3	Persona AI	AI Engineer – Robotics Data Preprocessing	https://zapply.jobs/l/d/ashby-persona.ai-4f53d5be-e398-4c03-9c94-d0f8e59f27d3?s=gh-new-grad-data-science-jobs-2027	dropped	DROP:no-target-role-match	2026-09-19	2026-09-19	1	
zapply.jobs/l/d/greenhouse-lilasciences-4377936009	Lila Sciences	ML Engineer, Applied AI	https://zapply.jobs/l/d/greenhouse-lilasciences-4377936009?s=gh-new-grad-data-science-jobs-2027	dropped	DROP:no-target-role-match	2026-09-19	2026-09-19	1	
zapply.jobs/l/d/ashby-openai-485cda77-5d8f-4aaa-bca5-916b011477e6	OpenAI	Applied AI Engineer, Government	https://zapply.jobs/l/d/ashby-openai-485cda77-5d8f-4aaa-bca5-916b011477e6?s=gh-new-grad-data-science-jobs-2027	dropped	DROP:no-target-role-match	2026-09-19	2026-09-19	1	
zapply.jobs/l/d/workday-nxp-careers-r-10065534	NXP	Embedded Machine Learning & Radar Processing Intern - Summer 2027	https://zapply.jobs/l/d/workday-nxp-careers-R-10065534?s=gh-new-grad-data-science-jobs-2027	dropped	DROP:intern-coop-phd	2026-09-19	2026-09-19	1	
zapply.jobs/l/d/workday-vrtx-vertex-careers-req-30144	Vertex Pharmaceuticals	Analytical Development Research Scientist	https://zapply.jobs/l/d/workday-vrtx-vertex-careers-REQ-30144?s=gh-new-grad-jobs-2027	dropped	DROP:no-target-role-match	2026-09-19	2026-09-19	1	
zapply.jobs/l/d/google-130253079713850054	Google	Research Engineer, Responsible Frontier AI Research, DeepMind	https://zapply.jobs/l/d/google-130253079713850054?s=gh-new-grad-jobs-2027	dropped	DROP:no-target-role-match	2026-09-19	2026-09-19	1	
zapply.jobs/l/d/rippling-conceptplus-f9ddd964-6bb4-4baf-8826-10e891c5270b	ConceptPlus	SOC Analyst (WarU E-ITSS)	https://zapply.jobs/l/d/rippling-conceptplus-f9ddd964-6bb4-4baf-8826-10e891c5270b?s=gh-new-grad-jobs-2027	dropped	DROP:no-target-role-match	2026-09-19	2026-09-19	1	
zapply.jobs/l/d/google-136826798817059526	Google	Security Engineering Intern, BS/MS, Summer 2027	https://zapply.jobs/l/d/google-136826798817059526?s=gh-new-grad-jobs-2027	dropped	DROP:intern-coop-phd	2026-09-19	2026-09-19	1	
zapply.jobs/l/d/workday-parsons-search-r185989	Parsons	ABAD Cyber Security Systems EngineerThis position is located at Ramstein AFB, Germany...	https://zapply.jobs/l/d/workday-parsons-search-R185989?s=gh-new-grad-jobs-2027	dropped	DROP:non-target-country	2026-09-19	2026-09-19	1	
zapply.jobs/l/d/google-96543805552894662	Google	Machine Learning Engineer, Search and Shopping	https://zapply.jobs/l/d/google-96543805552894662?s=gh-new-grad-data-science-jobs-2027	dropped	DROP:no-target-role-match	2026-09-19	2026-09-19	1	
zapply.jobs/l/d/workday-parsons-search-r186191	Parsons	Research Scientist - Pathogen Genomics and Surveillance	https://zapply.jobs/l/d/workday-parsons-search-R186191?s=gh-new-grad-data-science-jobs-2027	dropped	DROP:no-target-role-match	2026-09-19	2026-09-19	1	
zapply.jobs/l/d/workday-parsons-search-r186060	Parsons	Data Analyst - Top Secret	https://zapply.jobs/l/d/workday-parsons-search-R186060?s=gh-new-grad-data-science-jobs-2027	dropped	DROP:no-target-role-match	2026-09-19	2026-09-19	1	
zapply.jobs/l/d/workday-parsons-search-r186194	Parsons	Bioinformatics Analyst/Engineer	https://zapply.jobs/l/d/workday-parsons-search-R186194?s=gh-new-grad-data-science-jobs-2027	dropped	DROP:no-target-role-match	2026-09-19	2026-09-19	1	
zapply.jobs/l/d/google-99826183842996934	Google	Data Engineer	https://zapply.jobs/l/d/google-99826183842996934?s=gh-new-grad-data-science-jobs-2027	dropped	DROP:no-target-role-match	2026-09-19	2026-09-19	1	
zapply.jobs/l/d/workday-lplfinancial-university-r-052914	LPL Financial	Intern 2027 - Data Engineer	https://zapply.jobs/l/d/workday-lplfinancial-university-R-052914?s=gh-new-grad-data-science-jobs-2027	dropped	DROP:intern-coop-phd	2026-09-19	2026-09-19	1	
zapply.jobs/l/d/workday-campbellsoup-externalcareers-globalsite-req-65838	Campbell Soup Company	Data Engineer, DA&AI Co-Op	https://zapply.jobs/l/d/workday-campbellsoup-externalcareers-globalsite-Req-65838?s=gh-new-grad-data-science-jobs-2027	dropped	DROP:intern-coop-phd	2026-09-19	2026-09-19	1	
zapply.jobs/l/d/workday-campbellsoup-externalcareers-globalsite-req-65842	Campbell Soup Company	Data Engineer - Operational Support (Co-op)	https://zapply.jobs/l/d/workday-campbellsoup-externalcareers-globalsite-Req-65842?s=gh-new-grad-data-science-jobs-2027	dropped	DROP:intern-coop-phd	2026-09-19	2026-09-19	1	
zapply.jobs/l/d/workday-campbellsoup-externalcareers-globalsite-req-65843	Campbell Soup Company	Data Engineer – Agentic AI & ML Ops (Co-op)	https://zapply.jobs/l/d/workday-campbellsoup-externalcareers-globalsite-Req-65843?s=gh-new-grad-data-science-jobs-2027	dropped	DROP:intern-coop-phd	2026-09-19	2026-09-19	1	
zapply.jobs/l/d/workday-marmon-marmon-msip-internships-jr0000037453	Marmon Holdings	Data Engineering Intern OR Student Co-Op	https://zapply.jobs/l/d/workday-marmon-marmon-msip-internships-JR0000037453?s=gh-new-grad-data-science-jobs-2027	dropped	DROP:intern-coop-phd	2026-09-19	2026-09-19	1	
zapply.jobs/l/d/greenhouse-point72-8701705002	Point72	Data Engineer, Knowledge Graph	https://zapply.jobs/l/d/greenhouse-point72-8701705002?s=gh-new-grad-data-science-jobs-2027	dropped	DROP:no-target-role-match	2026-09-19	2026-09-19	1	
zapply.jobs/l/d/greenhouse-databricks-8692962002	Databricks	Specialist Solutions Architect - Data Engineering & Warehousing (Financial Services)	https://zapply.jobs/l/d/greenhouse-databricks-8692962002?s=gh-new-grad-data-science-jobs-2027	dropped	DROP:no-target-role-match	2026-09-19	2026-09-19	1	
zapply.jobs/l/d/greenhouse-imc-4945646101	IMC Trading	Data Engineer - Infrastructure	https://zapply.jobs/l/d/greenhouse-imc-4945646101?s=gh-new-grad-data-science-jobs-2027	dropped	DROP:no-target-role-match	2026-09-19	2026-09-19	1	
zapply.jobs/l/d/greenhouse-fanduel-8081556	FanDuel	Data Engineer	https://zapply.jobs/l/d/greenhouse-fanduel-8081556?s=gh-new-grad-data-science-jobs-2027	dropped	DROP:no-target-role-match	2026-09-19	2026-09-19	1	
zapply.jobs/l/d/greenhouse-janestreet-8631973002	Jane Street	Data Engineer	https://zapply.jobs/l/d/greenhouse-janestreet-8631973002?s=gh-new-grad-data-science-jobs-2027	dropped	DROP:no-target-role-match	2026-09-19	2026-09-19	1	
zapply.jobs/l/d/greenhouse-xai-5182183007	xAI	Software Engineer - X Data Engineering	https://zapply.jobs/l/d/greenhouse-xai-5182183007?s=gh-new-grad-data-science-jobs-2027	dropped	DROP:no-target-role-match	2026-09-19	2026-09-19	1	
zapply.jobs/l/d/greenhouse-jumptrading-8002998	Jump Trading	Campus Data Engineer (Intern)	https://zapply.jobs/l/d/greenhouse-jumptrading-8002998?s=gh-new-grad-data-science-jobs-2027	dropped	DROP:intern-coop-phd	2026-09-19	2026-09-19	1	
zapply.jobs/l/d/rippling-conceptplus-f4cb85dd-b511-470f-af53-034bd97f7352	ConceptPlus	Business Intelligence Developer	https://zapply.jobs/l/d/rippling-conceptplus-f4cb85dd-b511-470f-af53-034bd97f7352?s=gh-new-grad-data-science-jobs-2027	dropped	DROP:no-target-role-match	2026-09-19	2026-09-19	1	
zapply.jobs/l/d/sr-eurofins-744000131132249	Eurofins	Business Intelligence Intern	https://zapply.jobs/l/d/sr-Eurofins-744000131132249?s=gh-new-grad-data-science-jobs-2027	dropped	DROP:intern-coop-phd	2026-09-19	2026-09-19	1	
zapply.jobs/l/d/greenhouse-datadog-7947742	Datadog	Manager I, Engineering - Data Visualization Explorations	https://zapply.jobs/l/d/greenhouse-datadog-7947742?s=gh-new-grad-data-science-jobs-2027	dropped	DROP:no-target-role-match	2026-09-19	2026-09-19	1	
zapply.jobs/l/d/bytedance-7533045355162044690	ByteDance	Software Engineer Intern (Applied Machine Learning-Enterprise) - 2026 Start (PhD)	https://zapply.jobs/l/d/bytedance-7533045355162044690?s=gh-new-grad-data-science-jobs-2027	dropped	DROP:intern-coop-phd	2026-09-19	2026-09-19	1	
zapply.jobs/l/d/google-106267759855182534	Google	ASIC Design Verification Engineer, Machine Learning	https://zapply.jobs/l/d/google-106267759855182534?s=gh-new-grad-data-science-jobs-2027	dropped	DROP:no-target-role-match	2026-09-19	2026-09-19	1	
zapply.jobs/l/d/google-130704078123475654	Google	Software Engineer, On-Device Machine Learning	https://zapply.jobs/l/d/google-130704078123475654?s=gh-new-grad-data-science-jobs-2027	dropped	DROP:no-target-role-match	2026-09-19	2026-09-19	1	
zapply.jobs/l/d/google-123087196289671878	Google	Software Engineer, AI/Machine Learning, PhD, Early Career, 2027 Start	https://zapply.jobs/l/d/google-123087196289671878?s=gh-new-grad-data-science-jobs-2027	dropped	DROP:intern-coop-phd	2026-09-19	2026-09-19	1	
zapply.jobs/l/d/workday-bbinsurance-careers-r26_0000002933	Brown & Brown Insurance	AVMA Service Support Representative	https://zapply.jobs/l/d/workday-bbinsurance-careers-R26_0000002933?s=gh-new-grad-jobs-2027	dropped	DROP:no-target-role-match	2026-09-19	2026-09-19	1	
zapply.jobs/l/d/workday-bbinsurance-careers-r26_0000002251	Brown & Brown Insurance	ADP WorkforceNow Benefits Implementation Analyst	https://zapply.jobs/l/d/workday-bbinsurance-careers-R26_0000002251?s=gh-new-grad-jobs-2027	dropped	DROP:no-target-role-match	2026-09-19	2026-09-19	1	
zapply.jobs/l/d/workday-bbinsurance-careers-r26_0000002937	Brown & Brown Insurance	Specific Stop Loss Claim Auditor Intern	https://zapply.jobs/l/d/workday-bbinsurance-careers-R26_0000002937?s=gh-new-grad-jobs-2027	dropped	DROP:intern-coop-phd	2026-09-19	2026-09-19	1	
zapply.jobs/l/d/workday-td-td-bank-careers-r_1495723	TD Bank	Associate Banker II - Mount Olive (20 hours)	https://zapply.jobs/l/d/workday-td-td-bank-careers-R_1495723?s=gh-new-grad-jobs-2027	dropped	DROP:no-target-role-match	2026-09-19	2026-09-19	1	
zapply.jobs/l/d/workday-td-td-bank-careers-r_1501451	TD Bank	Audit Manager II (US) - Financial Crimes - Regulatory Issue Validation	https://zapply.jobs/l/d/workday-td-td-bank-careers-R_1501451?s=gh-new-grad-jobs-2027	dropped	DROP:no-target-role-match	2026-09-19	2026-09-19	1	
zapply.jobs/l/d/workday-globalhr-rec-rtx-ext-gateway-01873315	RTX	Material Program Manager	https://zapply.jobs/l/d/workday-globalhr-rec-rtx-ext-gateway-01873315?s=gh-new-grad-jobs-2027	dropped	DROP:no-target-role-match	2026-09-19	2026-09-19	1	
zapply.jobs/l/d/workday-globalhr-rec-rtx-ext-gateway-01872660	RTX	Software Project Engineer Intern (Summer 2027) Onsite	https://zapply.jobs/l/d/workday-globalhr-rec-rtx-ext-gateway-01872660?s=gh-new-grad-jobs-2027	dropped	DROP:intern-coop-phd	2026-09-19	2026-09-19	1	
zapply.jobs/l/d/workday-pae-amentum-careers-r0168259	Amentum	Project Engineer - Flight Projects	https://zapply.jobs/l/d/workday-pae-amentum-careers-R0168259?s=gh-new-grad-jobs-2027	dropped	DROP:no-target-role-match	2026-09-19	2026-09-19	1	
zapply.jobs/l/d/workday-pae-amentum-careers-r0170456	Amentum	Motor Vehicle Mechanic (IMD)	https://zapply.jobs/l/d/workday-pae-amentum-careers-R0170456?s=gh-new-grad-jobs-2027	dropped	DROP:no-target-role-match	2026-09-19	2026-09-19	1	
zapply.jobs/l/d/workday-pae-amentum-careers-r0170460	Amentum	Motor Vehicle Mechanic (PREPO)	https://zapply.jobs/l/d/workday-pae-amentum-careers-R0170460?s=gh-new-grad-jobs-2027	dropped	DROP:no-target-role-match	2026-09-19	2026-09-19	1	
zapply.jobs/l/d/workday-santander-santandercareers-req1614441	Santander	Full Time Teller, Bay Ridge, NY	https://zapply.jobs/l/d/workday-santander-santandercareers-Req1614441?s=gh-new-grad-jobs-2027	dropped	DROP:no-target-role-match	2026-09-19	2026-09-19	1	
zapply.jobs/l/d/workday-santander-santandercareers-req1611600	Santander	Full Time Teller, North Toms River, Toms River, NJ	https://zapply.jobs/l/d/workday-santander-santandercareers-Req1611600?s=gh-new-grad-jobs-2027	dropped	DROP:no-target-role-match	2026-09-19	2026-09-19	1	
zapply.jobs/l/d/workday-drivetime-drivetime-r16279	DriveTime	Sales & Operations Advisor in Training	https://zapply.jobs/l/d/workday-drivetime-drivetime-R16279?s=gh-new-grad-jobs-2027	dropped	DROP:no-target-role-match	2026-09-19	2026-09-19	1	
zapply.jobs/l/d/workday-gdit-external-career-site-rq228669	GDIT	Cybersecurity Engineer	https://zapply.jobs/l/d/workday-gdit-external-career-site-RQ228669?s=gh-new-grad-jobs-2027	dropped	DROP:no-target-role-match	2026-09-19	2026-09-19	1	
zapply.jobs/l/d/workday-gdit-external-career-site-rq228576	GDIT	Information Security Analyst	https://zapply.jobs/l/d/workday-gdit-external-career-site-RQ228576?s=gh-new-grad-jobs-2027	dropped	DROP:no-target-role-match	2026-09-19	2026-09-19	1	
zapply.jobs/l/d/workday-gdit-external-career-site-rq228372	GDIT	Desktop Systems Engineer - TS/SCI with Polygraph	https://zapply.jobs/l/d/workday-gdit-external-career-site-RQ228372?s=gh-new-grad-jobs-2027	dropped	DROP:no-target-role-match	2026-09-19	2026-09-19	1	
zapply.jobs/l/d/workday-gdit-external-career-site-rq228585	GDIT	COMSEC Tier 2 Technical Support Desk Technician	https://zapply.jobs/l/d/workday-gdit-external-career-site-RQ228585?s=gh-new-grad-jobs-2027	dropped	DROP:no-target-role-match	2026-09-19	2026-09-19	1	
zapply.jobs/l/d/workday-gdit-external-career-site-rq228451	GDIT	Operations Analyst Technician	https://zapply.jobs/l/d/workday-gdit-external-career-site-RQ228451?s=gh-new-grad-jobs-2027	dropped	DROP:no-target-role-match	2026-09-19	2026-09-19	1	
zapply.jobs/l/d/workday-gdit-external-career-site-rq225656	GDIT	Strategic Sourcing and Procurement Analyst	https://zapply.jobs/l/d/workday-gdit-external-career-site-RQ225656?s=gh-new-grad-jobs-2027	dropped	DROP:no-target-role-match	2026-09-19	2026-09-19	1	
zapply.jobs/l/d/workday-insulet-insuletcareers-req-2026-17665	Insulet Corporation	Engineering Operations Technician	https://zapply.jobs/l/d/workday-insulet-insuletcareers-REQ-2026-17665?s=gh-new-grad-jobs-2027	dropped	DROP:no-target-role-match	2026-09-19	2026-09-19	1	
zapply.jobs/l/d/workday-insulet-insuletcareers-req-2026-16301	Insulet Corporation	Controls & Instrumentation Technician (12 Hour Nights Shift - Onsite)	https://zapply.jobs/l/d/workday-insulet-insuletcareers-REQ-2026-16301?s=gh-new-grad-jobs-2027	dropped	DROP:no-target-role-match	2026-09-19	2026-09-19	1	
zapply.jobs/l/d/workday-geaerospace-ge-externalsite-r5040342	GE Aerospace	CVG On Wing Support Technician	https://zapply.jobs/l/d/workday-geaerospace-ge-externalsite-R5040342?s=gh-new-grad-jobs-2027	dropped	DROP:no-target-role-match	2026-09-19	2026-09-19	1	
zapply.jobs/l/d/greenhouse-block-5429581008	Block	Territory Account Executive, SoHo	https://zapply.jobs/l/d/greenhouse-block-5429581008?s=gh-new-grad-jobs-2027	dropped	DROP:no-target-role-match	2026-09-19	2026-09-19	1	
zapply.jobs/l/d/workday-keybank-external-career-site-r-42226	KeyBank	Teller (20 Hour)	https://zapply.jobs/l/d/workday-keybank-external-career-site-R-42226?s=gh-new-grad-jobs-2027	dropped	DROP:no-target-role-match	2026-09-19	2026-09-19	1	
zapply.jobs/l/d/workday-keybank-external-career-site-r-42208	KeyBank	Personal Banker	https://zapply.jobs/l/d/workday-keybank-external-career-site-R-42208?s=gh-new-grad-jobs-2027	dropped	DROP:no-target-role-match	2026-09-19	2026-09-19	1	
zapply.jobs/l/d/workday-gdit-external-career-site-rq228575	GDIT	Associate Program Analyst	https://zapply.jobs/l/d/workday-gdit-external-career-site-RQ228575?s=gh-new-grad-jobs-2027	dropped	DROP:no-target-role-match	2026-09-19	2026-09-19	1	
zapply.jobs/l/d/workday-gdit-external-career-site-rq228412	GDIT	Functional Analyst Advisor	https://zapply.jobs/l/d/workday-gdit-external-career-site-RQ228412?s=gh-new-grad-jobs-2027	dropped	DROP:no-target-role-match	2026-09-19	2026-09-19	1	
zapply.jobs/l/d/workday-gdit-external-career-site-rq228497	GDIT	Program Control Analyst Sr	https://zapply.jobs/l/d/workday-gdit-external-career-site-RQ228497?s=gh-new-grad-jobs-2027	dropped	DROP:no-target-role-match	2026-09-19	2026-09-19	1	
zapply.jobs/l/d/workday-rb-frs-r-0000033443	Federal Reserve System	Risk Analyst	https://zapply.jobs/l/d/workday-rb-frs-R-0000033443?s=gh-new-grad-jobs-2027	dropped	DROP:no-target-role-match	2026-09-19	2026-09-19	1	
zapply.jobs/l/d/workday-rb-frs-r-0000033418	Federal Reserve System	Event Coordinator	https://zapply.jobs/l/d/workday-rb-frs-R-0000033418?s=gh-new-grad-jobs-2027	dropped	DROP:no-target-role-match	2026-09-19	2026-09-19	1	
zapply.jobs/l/d/workday-insulet-insuletcareers-req-2026-18149	Insulet Corporation	Co-op, Life Cycle Engineering - Systems: January - June 2027 (Hybrid)	https://zapply.jobs/l/d/workday-insulet-insuletcareers-REQ-2026-18149?s=gh-new-grad-jobs-2027	dropped	DROP:intern-coop-phd	2026-09-19	2026-09-19	1	
zapply.jobs/l/d/workday-geaerospace-ge-externalsite-r5040449	GE Aerospace	Tool Setter 1st shift (Tues.-Fri.)	https://zapply.jobs/l/d/workday-geaerospace-ge-externalsite-R5040449?s=gh-new-grad-jobs-2027	dropped	DROP:no-target-role-match	2026-09-19	2026-09-19	1	
zapply.jobs/l/d/workday-geaerospace-ge-externalsite-r5040445	GE Aerospace	Auburn Manufacturing Associate (4th and 5th Shift) Weekend Day/Night	https://zapply.jobs/l/d/workday-geaerospace-ge-externalsite-R5040445?s=gh-new-grad-jobs-2027	dropped	DROP:no-target-role-match	2026-09-19	2026-09-19	1	
zapply.jobs/l/d/workday-geaerospace-ge-externalsite-r5038088	GE Aerospace	Materials & Supplies Coordinator - SECOND Shift	https://zapply.jobs/l/d/workday-geaerospace-ge-externalsite-R5038088?s=gh-new-grad-jobs-2027	dropped	DROP:no-target-role-match	2026-09-19	2026-09-19	1	
zapply.jobs/l/d/workday-gehc-gehc-externalsite-r4045772	GE Healthcare	Workplace and Operational Excellence Program Leader for the Waukesha Campus (Intern/Co-Op)	https://zapply.jobs/l/d/workday-gehc-gehc-externalsite-R4045772?s=gh-new-grad-jobs-2027	dropped	DROP:intern-coop-phd	2026-09-19	2026-09-19	1	
zapply.jobs/l/d/workday-gehc-gehc-externalsite-r4046324	GE Healthcare	Infant Care V&V Engineering Co-op - Spring 2027	https://zapply.jobs/l/d/workday-gehc-gehc-externalsite-R4046324?s=gh-new-grad-jobs-2027	dropped	DROP:intern-coop-phd	2026-09-19	2026-09-19	1	
zapply.jobs/l/d/workday-gehc-gehc-externalsite-r4045971	GE Healthcare	Ventures Intern	https://zapply.jobs/l/d/workday-gehc-gehc-externalsite-R4045971?s=gh-new-grad-jobs-2027	dropped	DROP:intern-coop-phd	2026-09-19	2026-09-19	1	
zapply.jobs/l/d/workday-jj-jj-r-100650	Johnson & Johnson	ECP Product Development Co-op	https://zapply.jobs/l/d/workday-jj-jj-R-100650?s=gh-new-grad-jobs-2027	dropped	DROP:intern-coop-phd	2026-09-19	2026-09-19	1	
zapply.jobs/l/d/greenhouse-block-5429579008	Block	Territory Account Executive, Brooklyn	https://zapply.jobs/l/d/greenhouse-block-5429579008?s=gh-new-grad-jobs-2027	dropped	DROP:no-target-role-match	2026-09-19	2026-09-19	1	
zapply.jobs/l/d/workday-hitachi-hitachi-r0143934	Hitachi	Applications Engineering Internship	https://zapply.jobs/l/d/workday-hitachi-hitachi-R0143934?s=gh-new-grad-jobs-2027	dropped	DROP:intern-coop-phd	2026-09-19	2026-09-19	1	
zapply.jobs/l/d/workday-hntb-hntb-careers-r-31628	HNTB	Structures Department Manager	https://zapply.jobs/l/d/workday-hntb-hntb-careers-R-31628?s=gh-new-grad-jobs-2027	dropped	DROP:no-target-role-match	2026-09-19	2026-09-19	1	
zapply.jobs/l/d/workday-hntb-hntb-careers-r-31664	HNTB	New Grad Civil Engineer I - Roadway Group	https://zapply.jobs/l/d/workday-hntb-hntb-careers-R-31664?s=gh-new-grad-jobs-2027	dropped	DROP:no-target-role-match	2026-09-19	2026-09-19	1	
zapply.jobs/l/d/workday-hntb-hntb-careers-r-31663	HNTB	Returning Intern Engineer- Structures- Summer 2027- Los Angeles Structures (For Current/Former...	https://zapply.jobs/l/d/workday-hntb-hntb-careers-R-31663?s=gh-new-grad-jobs-2027	dropped	DROP:intern-coop-phd	2026-09-19	2026-09-19	1	
zapply.jobs/l/d/workday-guidehouse-external-42526	Guidehouse	Patient Access Scheduler Full Time, Days, 100% Onsite	https://zapply.jobs/l/d/workday-guidehouse-external-42526?s=gh-new-grad-jobs-2027	dropped	DROP:no-target-role-match	2026-09-19	2026-09-19	1	
zapply.jobs/l/d/workday-guidehouse-external-43287	Guidehouse	Consultant - Life Sciences Advisory, Health Segment - Campus 2027	https://zapply.jobs/l/d/workday-guidehouse-external-43287?s=gh-new-grad-jobs-2027	dropped	DROP:intern-coop-phd	2026-09-19	2026-09-19	1	
zapply.jobs/l/d/workday-guidehouse-external-42084	Guidehouse	Cash Posting / Research Coordinator - Hospital and Physician Billing	https://zapply.jobs/l/d/workday-guidehouse-external-42084?s=gh-new-grad-jobs-2027	dropped	DROP:no-target-role-match	2026-09-19	2026-09-19	1	
zapply.jobs/l/d/workday-generalmotors-careers-gm-jr-202620696	General Motors	Manager, AV Evaluation Framework	https://zapply.jobs/l/d/workday-generalmotors-careers-gm-JR-202620696?s=gh-new-grad-jobs-2027	dropped	DROP:no-target-role-match	2026-09-19	2026-09-19	1	
zapply.jobs/l/d/workday-generalmotors-careers-gm-jr-202618704	General Motors	Manufacturing Software Integration Developer	https://zapply.jobs/l/d/workday-generalmotors-careers-gm-JR-202618704?s=gh-new-grad-jobs-2027	dropped	DROP:no-target-role-match	2026-09-19	2026-09-19	1	
zapply.jobs/l/d/workday-fiserv-ext-r-10403237	Fiserv	Client Support Specialist	https://zapply.jobs/l/d/workday-fiserv-ext-R-10403237?s=gh-new-grad-jobs-2027	dropped	DROP:no-target-role-match	2026-09-19	2026-09-19	1	
zapply.jobs/l/d/workday-fiserv-ext-r-10401695	Fiserv	Billing Analyst	https://zapply.jobs/l/d/workday-fiserv-ext-R-10401695?s=gh-new-grad-jobs-2027	dropped	DROP:no-target-role-match	2026-09-19	2026-09-19	1	
zapply.jobs/l/d/workday-fiserv-ext-r-10399513	Fiserv	Inbound Sales Specialist	https://zapply.jobs/l/d/workday-fiserv-ext-R-10399513?s=gh-new-grad-jobs-2027	dropped	DROP:no-target-role-match	2026-09-19	2026-09-19	1	
zapply.jobs/l/d/workday-freddiemac-external-jr17646	Freddie Mac	IT Risk Associate II	https://zapply.jobs/l/d/workday-freddiemac-external-JR17646?s=gh-new-grad-jobs-2027	dropped	DROP:no-target-role-match	2026-09-19	2026-09-19	1	
zapply.jobs/l/d/workday-freddiemac-external-jr17602	Freddie Mac	Analyst - Closing Cordinator	https://zapply.jobs/l/d/workday-freddiemac-external-JR17602?s=gh-new-grad-jobs-2027	dropped	DROP:no-target-role-match	2026-09-19	2026-09-19	1	
zapply.jobs/l/d/workday-pnc-external-r234793	PNC Financial Services	Recruiting and Onboarding Enablement and Experience Advisor	https://zapply.jobs/l/d/workday-pnc-external-R234793?s=gh-new-grad-jobs-2027	dropped	DROP:no-target-role-match	2026-09-19	2026-09-19	1	
zapply.jobs/l/d/workday-pnc-external-r234136	PNC Financial Services	Recruiting Solutions and Outreach Manager	https://zapply.jobs/l/d/workday-pnc-external-R234136?s=gh-new-grad-jobs-2027	dropped	DROP:no-target-role-match	2026-09-19	2026-09-19	1	
zapply.jobs/l/d/workday-caci-external-332278	CACI	End User Support Technician - Mid	https://zapply.jobs/l/d/workday-caci-external-332278?s=gh-new-grad-jobs-2027	dropped	DROP:no-target-role-match	2026-09-19	2026-09-19	1	
zapply.jobs/l/d/workday-caci-external-324941	CACI	Document Management Technician	https://zapply.jobs/l/d/workday-caci-external-324941?s=gh-new-grad-jobs-2027	dropped	DROP:no-target-role-match	2026-09-19	2026-09-19	1	
zapply.jobs/l/d/workday-medtronic-medtroniccareers-r76456	Medtronic	Surgical Account Manager - Downtown Denver	https://zapply.jobs/l/d/workday-medtronic-medtroniccareers-R76456?s=gh-new-grad-jobs-2027	dropped	DROP:no-target-role-match	2026-09-19	2026-09-19	1	
zapply.jobs/l/d/workday-medtronic-medtroniccareers-r67082	Medtronic	Monitoring Sales Representative - Acute Care and Monitoring (Virginia)	https://zapply.jobs/l/d/workday-medtronic-medtroniccareers-R67082?s=gh-new-grad-jobs-2027	dropped	DROP:no-target-role-match	2026-09-19	2026-09-19	1	
zapply.jobs/l/d/workday-medtronic-medtroniccareers-r74646	Medtronic	Sales Representative II, Pain Therapies - Philadelphia, PA	https://zapply.jobs/l/d/workday-medtronic-medtroniccareers-R74646?s=gh-new-grad-jobs-2027	dropped	DROP:no-target-role-match	2026-09-19	2026-09-19	1	
zapply.jobs/l/d/workday-fis-searchjobs-jr0309478	FIS	Card Production Associate I	https://zapply.jobs/l/d/workday-fis-searchjobs-JR0309478?s=gh-new-grad-jobs-2027	dropped	DROP:no-target-role-match	2026-09-19	2026-09-19	1	
zapply.jobs/l/d/workday-fis-searchjobs-jr0309409	FIS	Remittance Processing Associate I	https://zapply.jobs/l/d/workday-fis-searchjobs-JR0309409?s=gh-new-grad-jobs-2027	dropped	DROP:no-target-role-match	2026-09-19	2026-09-19	1	
zapply.jobs/l/d/workday-jll-jllcareers-req534786	JLL	Portfolio Accountant, LaSalle Debt Investors	https://zapply.jobs/l/d/workday-jll-jllcareers-REQ534786?s=gh-new-grad-jobs-2027	dropped	DROP:no-target-role-match	2026-09-19	2026-09-19	1	
zapply.jobs/l/d/workday-jll-jllcareers-req534780	JLL	Portfolio Accountant	https://zapply.jobs/l/d/workday-jll-jllcareers-REQ534780?s=gh-new-grad-jobs-2027	dropped	DROP:no-target-role-match	2026-09-19	2026-09-19	1	
zapply.jobs/l/d/workday-jll-jllcareers-req536934	JLL	Critical Environments Operating Engineer	https://zapply.jobs/l/d/workday-jll-jllcareers-REQ536934?s=gh-new-grad-jobs-2027	dropped	DROP:no-target-role-match	2026-09-19	2026-09-19	1	
zapply.jobs/l/d/workday-pnc-external-r236249	PNC Financial Services	Personal Banker	https://zapply.jobs/l/d/workday-pnc-external-R236249?s=gh-new-grad-jobs-2027	dropped	DROP:no-target-role-match	2026-09-19	2026-09-19	1	
zapply.jobs/l/d/workday-pnc-external-r228842	PNC Financial Services	Treasury Management Officer I	https://zapply.jobs/l/d/workday-pnc-external-R228842?s=gh-new-grad-jobs-2027	dropped	DROP:no-target-role-match	2026-09-19	2026-09-19	1	
zapply.jobs/l/d/workday-pnc-external-r236099	PNC Financial Services	C&IB Associate Relationship Manager	https://zapply.jobs/l/d/workday-pnc-external-R236099?s=gh-new-grad-jobs-2027	dropped	DROP:no-target-role-match	2026-09-19	2026-09-19	1	
zapply.jobs/l/d/workday-wf-wellsfargojobs-r-576585	Wells Fargo	Teller 25 hours Escondido	https://zapply.jobs/l/d/workday-wf-wellsfargojobs-R-576585?s=gh-new-grad-jobs-2027	dropped	DROP:no-target-role-match	2026-09-19	2026-09-19	1	
zapply.jobs/l/d/workday-wf-wellsfargojobs-r-562326	Wells Fargo	Teller Elsinore	https://zapply.jobs/l/d/workday-wf-wellsfargojobs-R-562326?s=gh-new-grad-jobs-2027	dropped	DROP:no-target-role-match	2026-09-19	2026-09-19	1	
zapply.jobs/l/d/workday-caci-external-332340	CACI	Reliability and Maintainability Engineering Analyst	https://zapply.jobs/l/d/workday-caci-external-332340?s=gh-new-grad-jobs-2027	dropped	DROP:no-target-role-match	2026-09-19	2026-09-19	1	
zapply.jobs/l/d/workday-caci-external-330890	CACI	Test Automation Engineer	https://zapply.jobs/l/d/workday-caci-external-330890?s=gh-new-grad-jobs-2027	dropped	DROP:no-target-role-match	2026-09-19	2026-09-19	1	
zapply.jobs/l/d/workday-caci-external-329524	CACI	Cloud Cyber Engineer (Linux)	https://zapply.jobs/l/d/workday-caci-external-329524?s=gh-new-grad-jobs-2027	dropped	DROP:no-target-role-match	2026-09-19	2026-09-19	1	
zapply.jobs/l/d/workday-medtronic-medtroniccareers-r73599	Medtronic	Machinist III	https://zapply.jobs/l/d/workday-medtronic-medtroniccareers-R73599?s=gh-new-grad-jobs-2027	dropped	DROP:no-target-role-match	2026-09-19	2026-09-19	1	
zapply.jobs/l/d/workday-medtronic-medtroniccareers-r63300	Medtronic	Clinical Specialist, Cardiac Rhythm Management (CRM) - Mason City, IA	https://zapply.jobs/l/d/workday-medtronic-medtroniccareers-R63300?s=gh-new-grad-jobs-2027	dropped	DROP:no-target-role-match	2026-09-19	2026-09-19	1	
zapply.jobs/l/d/workday-medtronic-medtroniccareers-r74895	Medtronic	Clinical Specialist CRM - Houston	https://zapply.jobs/l/d/workday-medtronic-medtroniccareers-R74895?s=gh-new-grad-jobs-2027	dropped	DROP:no-target-role-match	2026-09-19	2026-09-19	1	
zapply.jobs/l/d/workday-generalmotors-careers-gm-jr-202619812	General Motors	Global Sourcing Manager - Human Machine Interface (HMI)	https://zapply.jobs/l/d/workday-generalmotors-careers-gm-JR-202619812?s=gh-new-grad-jobs-2027	dropped	DROP:no-target-role-match	2026-09-19	2026-09-19	1	
zapply.jobs/l/d/workday-highmarkhealth-highmark-j282316	Highmark Health	Claims Adjuster Blue Card-3 OPEIU	https://zapply.jobs/l/d/workday-highmarkhealth-highmark-J282316?s=gh-new-grad-jobs-2027	dropped	DROP:no-target-role-match	2026-09-19	2026-09-19	1	
zapply.jobs/l/d/workday-bah-bah-jobs-r0249882	Booz Allen Hamilton	Databricks Lakehouse Engineer and Analyst, Mid	https://zapply.jobs/l/d/workday-bah-bah-jobs-R0249882?s=gh-new-grad-data-science-jobs-2027	dropped	DROP:no-target-role-match	2026-09-19	2026-09-19	1	
zapply.jobs/l/d/workday-bah-bah-jobs-r0249863	Booz Allen Hamilton	DevOps Backend Engineer	https://zapply.jobs/l/d/workday-bah-bah-jobs-R0249863?s=gh-new-grad-jobs-2027	dropped	DROP:no-target-role-match	2026-09-19	2026-09-19	1	
zapply.jobs/l/d/workday-bah-bah-jobs-r0246970	Booz Allen Hamilton	Systems Engineer	https://zapply.jobs/l/d/workday-bah-bah-jobs-R0246970?s=gh-new-grad-jobs-2027	dropped	DROP:no-target-role-match	2026-09-19	2026-09-19	1	
zapply.jobs/l/d/workday-bah-bah-jobs-r0249864	Booz Allen Hamilton	Aviation Systems Logistics Specialist	https://zapply.jobs/l/d/workday-bah-bah-jobs-R0249864?s=gh-new-grad-jobs-2027	dropped	DROP:no-target-role-match	2026-09-19	2026-09-19	1	
zapply.jobs/l/d/workday-pae-amentum-careers-r0170583	Amentum	Wiring Technician - $1K Signing Bonus	https://zapply.jobs/l/d/workday-pae-amentum-careers-R0170583?s=gh-new-grad-jobs-2027	dropped	DROP:no-target-role-match	2026-09-19	2026-09-19	1	
zapply.jobs/l/d/workday-pae-amentum-careers-r0170908	Amentum	Supply Technician	https://zapply.jobs/l/d/workday-pae-amentum-careers-R0170908?s=gh-new-grad-jobs-2027	dropped	DROP:no-target-role-match	2026-09-19	2026-09-19	1	
zapply.jobs/l/d/workday-gehc-gehc-externalsite-r4046136	GE Healthcare	Biomedical Technician 1	https://zapply.jobs/l/d/workday-gehc-gehc-externalsite-R4046136?s=gh-new-grad-jobs-2027	dropped	DROP:no-target-role-match	2026-09-19	2026-09-19	1	
zapply.jobs/l/d/workday-gevernova-vernova-externalsite-r5047279	GE Vernova	Oracle Fusion Supply Chain Specialist	https://zapply.jobs/l/d/workday-gevernova-vernova-externalsite-R5047279?s=gh-new-grad-jobs-2027	dropped	DROP:no-target-role-match	2026-09-19	2026-09-19	1	
zapply.jobs/l/d/workday-gevernova-vernova-externalsite-r5052342	GE Vernova	High Voltage Technician III - (Lubbock, TX)	https://zapply.jobs/l/d/workday-gevernova-vernova-externalsite-R5052342?s=gh-new-grad-jobs-2027	dropped	DROP:no-target-role-match	2026-09-19	2026-09-19	1	
zapply.jobs/l/d/workday-manh-campus-16874	Manhattan Associates	CXO Co-Op - Fall (August 2027)	https://zapply.jobs/l/d/workday-manh-campus-16874?s=gh-new-grad-jobs-2027	dropped	DROP:intern-coop-phd	2026-09-19	2026-09-19	1	
zapply.jobs/l/d/workday-manh-campus-16873	Manhattan Associates	CXO Co-Op - Summer (May 2027)	https://zapply.jobs/l/d/workday-manh-campus-16873?s=gh-new-grad-jobs-2027	dropped	DROP:intern-coop-phd	2026-09-19	2026-09-19	1	
zapply.jobs/l/d/workday-cigna-cignacareers-26011232	Cigna	RN Team Lead (Premium) - Evernorth Health Services - Remote	https://zapply.jobs/l/d/workday-cigna-cignacareers-26011232?s=gh-new-grad-jobs-2027	dropped	DROP:no-target-role-match	2026-09-19	2026-09-19	1	
zapply.jobs/l/d/workday-bah-bah-jobs-r0240767	Booz Allen Hamilton	CWMD Strategy & Policy Analyst	https://zapply.jobs/l/d/workday-bah-bah-jobs-R0240767?s=gh-new-grad-jobs-2027	dropped	DROP:no-target-role-match	2026-09-19	2026-09-19	1	
zapply.jobs/l/d/workday-bah-bah-jobs-r0249831	Booz Allen Hamilton	Service Budget Management Analyst	https://zapply.jobs/l/d/workday-bah-bah-jobs-R0249831?s=gh-new-grad-jobs-2027	dropped	DROP:no-target-role-match	2026-09-19	2026-09-19	1	
zapply.jobs/l/d/workday-bah-bah-jobs-r0240760	Booz Allen Hamilton	CWMD Strategy and Policy Analyst	https://zapply.jobs/l/d/workday-bah-bah-jobs-R0240760?s=gh-new-grad-jobs-2027	dropped	DROP:no-target-role-match	2026-09-19	2026-09-19	1	
zapply.jobs/l/d/workday-citi-2-26994994	Citi	Equity Research Senior Associate / Life Science Tools	https://zapply.jobs/l/d/workday-citi-2-26994994?s=gh-new-grad-jobs-2027	dropped	DROP:no-target-role-match	2026-09-19	2026-09-19	1	
zapply.jobs/l/d/ashby-openai-6de1fad0-a69d-4d81-9d3a-2a3c5512b940	OpenAI	Model Policy Manager, Multimodal Safety	https://zapply.jobs/l/d/ashby-openai-6de1fad0-a69d-4d81-9d3a-2a3c5512b940?s=gh-new-grad-jobs-2027	dropped	DROP:no-target-role-match	2026-09-19	2026-09-19	1	
zapply.jobs/l/d/workday-gevernova-vernova-externalsite-r5049957	GE Vernova	Engineering Intern - Power Conversion & Storage AI Tool Developer 2027	https://zapply.jobs/l/d/workday-gevernova-vernova-externalsite-R5049957?s=gh-new-grad-jobs-2027	dropped	DROP:intern-coop-phd	2026-09-19	2026-09-19	1	
zapply.jobs/l/d/workday-gevernova-vernova-externalsite-r5053037	GE Vernova	GE Vernova Advanced Research - Summer 2027 Research Program Internship (Master's Level)	https://zapply.jobs/l/d/workday-gevernova-vernova-externalsite-R5053037?s=gh-new-grad-jobs-2027	dropped	DROP:intern-coop-phd	2026-09-19	2026-09-19	1	
zapply.jobs/l/d/workday-gevernova-vernova-externalsite-r5050344	GE Vernova	Electrical Substation Project Engineer 2	https://zapply.jobs/l/d/workday-gevernova-vernova-externalsite-R5050344?s=gh-new-grad-jobs-2027	dropped	DROP:no-target-role-match	2026-09-19	2026-09-19	1	
zapply.jobs/l/d/ashby-openai-50e8714b-c8a2-47f0-bc7c-2a76e988b380	OpenAI	Model Policy Manager, National Security	https://zapply.jobs/l/d/ashby-openai-50e8714b-c8a2-47f0-bc7c-2a76e988b380?s=gh-new-grad-jobs-2027	dropped	DROP:no-target-role-match	2026-09-19	2026-09-19	1	
zapply.jobs/l/d/workday-ngc-northrop-grumman-external-site-r10239512	Northrop Grumman	Simulation Software Engineer (Hardware-in-the-Loop) - Level 4	https://zapply.jobs/l/d/workday-ngc-northrop-grumman-external-site-R10239512?s=gh-new-grad-jobs-2027	dropped	DROP:no-target-role-match	2026-09-19	2026-09-19	1	
zapply.jobs/l/d/workday-ngc-northrop-grumman-external-site-r10251677	Northrop Grumman	Simulation Software Engineer (Hardware-in-the-Loop) – Level 2	https://zapply.jobs/l/d/workday-ngc-northrop-grumman-external-site-R10251677?s=gh-new-grad-jobs-2027	dropped	DROP:no-target-role-match	2026-09-19	2026-09-19	1	
zapply.jobs/l/d/workday-globalhr-rec-rtx-ext-gateway-01873437	RTX	Receiver, Exciter & Processing Architecture Electrical Engineer Intern (Summer 2027)	https://zapply.jobs/l/d/workday-globalhr-rec-rtx-ext-gateway-01873437?s=gh-new-grad-jobs-2027	dropped	DROP:intern-coop-phd	2026-09-19	2026-09-19	1	
zapply.jobs/l/d/workday-avisbudget-abg-careers-r0185233	Avis Budget Group	Lube and Tire Technician - PT	https://zapply.jobs/l/d/workday-avisbudget-abg-careers-R0185233?s=gh-new-grad-jobs-2027	dropped	DROP:no-target-role-match	2026-09-19	2026-09-19	1	
zapply.jobs/l/d/workday-avisbudget-abg-careers-r0185043	Avis Budget Group	Entry Level Automotive Technician - PT	https://zapply.jobs/l/d/workday-avisbudget-abg-careers-R0185043?s=gh-new-grad-jobs-2027	dropped	DROP:no-target-role-match	2026-09-19	2026-09-19	1	
zapply.jobs/l/d/workday-avisbudget-abg-careers-r0184627	Avis Budget Group	Lube and Tire Technician - FT	https://zapply.jobs/l/d/workday-avisbudget-abg-careers-R0184627?s=gh-new-grad-jobs-2027	dropped	DROP:no-target-role-match	2026-09-19	2026-09-19	1	
zapply.jobs/l/d/workday-generac-external-jr17057	Generac	Inside Sales Representative Residential	https://zapply.jobs/l/d/workday-generac-external-JR17057?s=gh-new-grad-jobs-2027	dropped	DROP:no-target-role-match	2026-09-19	2026-09-19	1	
zapply.jobs/l/d/amd-89554	AMD	Technical Sales Engineer - Graduate Rotational Program	https://zapply.jobs/l/d/amd-89554?s=gh-new-grad-jobs-2027	dropped	DROP:no-target-role-match	2026-09-19	2026-09-19	1	
zapply.jobs/l/d/workday-ngc-northrop-grumman-external-site-r10248216	Northrop Grumman	Manager Supply Chain Programs 2	https://zapply.jobs/l/d/workday-ngc-northrop-grumman-external-site-R10248216?s=gh-new-grad-jobs-2027	dropped	DROP:no-target-role-match	2026-09-19	2026-09-19	1	
zapply.jobs/l/d/workday-ngc-northrop-grumman-external-site-r10235175	Northrop Grumman	Composite Bonder Technician - Entry & Level 1	https://zapply.jobs/l/d/workday-ngc-northrop-grumman-external-site-R10235175?s=gh-new-grad-jobs-2027	dropped	DROP:no-target-role-match	2026-09-19	2026-09-19	1	
zapply.jobs/l/d/workday-ngc-northrop-grumman-external-site-r10248138	Northrop Grumman	Engineering Technician 2/3- Active Secret Clearance Required	https://zapply.jobs/l/d/workday-ngc-northrop-grumman-external-site-R10248138?s=gh-new-grad-jobs-2027	dropped	DROP:no-target-role-match	2026-09-19	2026-09-19	1	
zapply.jobs/l/d/workday-avisbudget-abg-careers-r0187300	Avis Budget Group	Car Detailer - FT	https://zapply.jobs/l/d/workday-avisbudget-abg-careers-R0187300?s=gh-new-grad-jobs-2027	dropped	DROP:no-target-role-match	2026-09-19	2026-09-19	1	
zapply.jobs/l/d/workday-avisbudget-abg-careers-r0184309	Avis Budget Group	Rental Sales Agent - FT	https://zapply.jobs/l/d/workday-avisbudget-abg-careers-R0184309?s=gh-new-grad-jobs-2027	dropped	DROP:no-target-role-match	2026-09-19	2026-09-19	1	
zapply.jobs/l/d/workday-generac-external-jr16620	Generac	Material Handler - Weekend Shift	https://zapply.jobs/l/d/workday-generac-external-JR16620?s=gh-new-grad-jobs-2027	dropped	DROP:no-target-role-match	2026-09-19	2026-09-19	1	
zapply.jobs/l/d/workday-generac-external-jr16854	Generac	Intern Engineering - Advanced Manufacturing	https://zapply.jobs/l/d/workday-generac-external-JR16854?s=gh-new-grad-jobs-2027	dropped	DROP:intern-coop-phd	2026-09-19	2026-09-19	1	
zapply.jobs/l/d/workday-generac-external-jr16832	Generac	Site Coordinator -Data Centers	https://zapply.jobs/l/d/workday-generac-external-JR16832?s=gh-new-grad-jobs-2027	dropped	DROP:no-target-role-match	2026-09-19	2026-09-19	1	
zapply.jobs/l/d/workday-ffive-f5jobs-rp1038753	F5	National Partner Manager - CDW	https://zapply.jobs/l/d/workday-ffive-f5jobs-RP1038753?s=gh-new-grad-jobs-2027	dropped	DROP:no-target-role-match	2026-09-19	2026-09-19	1	
zapply.jobs/l/d/workday-wf-wellsfargojobs-r-571971	Wells Fargo	Trade Services Specialist	https://zapply.jobs/l/d/workday-wf-wellsfargojobs-R-571971?s=gh-new-grad-jobs-2027	dropped	DROP:no-target-role-match	2026-09-19	2026-09-19	1	
zapply.jobs/l/d/workday-ngc-northrop-grumman-external-site-r10251774	Northrop Grumman	Structures Engineer Mechanical - Level 2/3 - Dulles	https://zapply.jobs/l/d/workday-ngc-northrop-grumman-external-site-R10251774?s=gh-new-grad-jobs-2027	dropped	DROP:no-target-role-match	2026-09-19	2026-09-19	1	
zapply.jobs/l/d/workday-ngc-northrop-grumman-external-site-r10248913	Northrop Grumman	2027 Obsolescence Engineer - Product Support	https://zapply.jobs/l/d/workday-ngc-northrop-grumman-external-site-R10248913?s=gh-new-grad-jobs-2027	dropped	DROP:no-target-role-match	2026-09-19	2026-09-19	1	
zapply.jobs/l/d/workday-ngc-northrop-grumman-external-site-r10238730	Northrop Grumman	Project Management Coach/Agile Enablement 3/4- 4856-1	https://zapply.jobs/l/d/workday-ngc-northrop-grumman-external-site-R10238730?s=gh-new-grad-jobs-2027	dropped	DROP:no-target-role-match	2026-09-19	2026-09-19	1	
zapply.jobs/l/d/workday-cat-caterpillarcareers-r0000389206	Caterpillar	Production Associate (Paint) - 1st, 2nd & 3rd Shifts	https://zapply.jobs/l/d/workday-cat-caterpillarcareers-R0000389206?s=gh-new-grad-jobs-2027	dropped	DROP:no-target-role-match	2026-09-19	2026-09-19	1	
zapply.jobs/l/d/workday-cisco-cisco-careers-2023085	Cisco	Customer Success Area TAM Splunk Specialist	https://zapply.jobs/l/d/workday-cisco-cisco-careers-2023085?s=gh-new-grad-jobs-2027	dropped	DROP:no-target-role-match	2026-09-19	2026-09-19	1	
zapply.jobs/l/d/workday-cisco-cisco-careers-2024417	Cisco	Account Executive - Splunk - Air Force	https://zapply.jobs/l/d/workday-cisco-cisco-careers-2024417?s=gh-new-grad-jobs-2027	dropped	DROP:no-target-role-match	2026-09-19	2026-09-19	1	
zapply.jobs/l/d/greenhouse-andurilindustries-5243061007	Anduril	Product Support Engineer - Product Sustainment Lifecycle	https://zapply.jobs/l/d/greenhouse-andurilindustries-5243061007?s=gh-new-grad-jobs-2027	dropped	DROP:no-target-role-match	2026-09-19	2026-09-19	1	
zapply.jobs/l/d/greenhouse-andurilindustries-5238763007	Anduril	Product Support Engineer	https://zapply.jobs/l/d/greenhouse-andurilindustries-5238763007?s=gh-new-grad-jobs-2027	dropped	DROP:no-target-role-match	2026-09-19	2026-09-19	1	
zapply.jobs/l/d/workday-globalfoundries-external-jr-2605427	GlobalFoundries	Quantum PDK Design Manual Engineer	https://zapply.jobs/l/d/workday-globalfoundries-external-JR-2605427?s=gh-new-grad-jobs-2027	dropped	DROP:no-target-role-match	2026-09-19	2026-09-19	1	
zapply.jobs/l/d/workday-globalfoundries-external-jr-2605058	GlobalFoundries	MTS Engineer SiPh Device	https://zapply.jobs/l/d/workday-globalfoundries-external-JR-2605058?s=gh-new-grad-jobs-2027	dropped	DROP:no-target-role-match	2026-09-19	2026-09-19	1	
zapply.jobs/l/d/workday-cisco-cisco-careers-2025449	Cisco	Legal Rising 3L (Intern) - United States	https://zapply.jobs/l/d/workday-cisco-cisco-careers-2025449?s=gh-new-grad-jobs-2027	dropped	DROP:intern-coop-phd	2026-09-19	2026-09-19	1	
zapply.jobs/l/d/workday-cisco-cisco-careers-2025447	Cisco	Legal Summer Intern Rising 2L (Intern) - United States	https://zapply.jobs/l/d/workday-cisco-cisco-careers-2025447?s=gh-new-grad-jobs-2027	dropped	DROP:intern-coop-phd	2026-09-19	2026-09-19	1	
zapply.jobs/l/d/workday-cisco-cisco-careers-2023088	Cisco	Customer Experience Splunk Area TAM Specialist	https://zapply.jobs/l/d/workday-cisco-cisco-careers-2023088?s=gh-new-grad-jobs-2027	dropped	DROP:no-target-role-match	2026-09-19	2026-09-19	1	
zapply.jobs/l/d/microsoft-200055181	Microsoft	Technical Program Manager, Strategy & Transformation	https://zapply.jobs/l/d/microsoft-200055181?s=gh-new-grad-jobs-2027	dropped	DROP:no-target-role-match	2026-09-19	2026-09-19	1	
zapply.jobs/l/d/microsoft-200055183	Microsoft	Technical Program Manager-AI Business Solutions	https://zapply.jobs/l/d/microsoft-200055183?s=gh-new-grad-jobs-2027	dropped	DROP:no-target-role-match	2026-09-19	2026-09-19	1	
zapply.jobs/l/d/workday-td-td-bank-careers-r_1510357	TD Bank	Associate Banker II - Brigantine (20 hour)	https://zapply.jobs/l/d/workday-td-td-bank-careers-R_1510357?s=gh-new-grad-jobs-2027	dropped	DROP:no-target-role-match	2026-09-19	2026-09-19	1	
zapply.jobs/l/d/apple-200683922	Apple	Thin-Film/ALD Engineer	https://zapply.jobs/l/d/apple-200683922?s=gh-new-grad-jobs-2027	dropped	DROP:no-target-role-match	2026-09-19	2026-09-19	1	
zapply.jobs/l/d/workday-magna-magna-r00262114	Magna	Shipping and Recieving Clerk	https://zapply.jobs/l/d/workday-magna-magna-R00262114?s=gh-new-grad-jobs-2027	dropped	DROP:no-target-role-match	2026-09-19	2026-09-19	1	
zapply.jobs/l/d/workday-magna-magna-r00262205	Magna	Tool & Die Maker Apprentice	https://zapply.jobs/l/d/workday-magna-magna-R00262205?s=gh-new-grad-jobs-2027	dropped	DROP:intern-coop-phd	2026-09-19	2026-09-19	1	
zapply.jobs/l/d/workday-magna-magna-r00239177	Magna	Elektriker (m/w/d)	https://zapply.jobs/l/d/workday-magna-magna-R00239177?s=gh-new-grad-jobs-2027	dropped	DROP:no-target-role-match	2026-09-19	2026-09-19	1	
zapply.jobs/l/d/workday-jabil-jabil-careers-j2462573	Jabil	Quality Technician I	https://zapply.jobs/l/d/workday-jabil-jabil-careers-J2462573?s=gh-new-grad-jobs-2027	dropped	DROP:no-target-role-match	2026-09-19	2026-09-19	1	
zapply.jobs/l/d/workday-jabil-jabil-careers-j2465453	Jabil	Quality Technician I (Shift A) (Conversion)	https://zapply.jobs/l/d/workday-jabil-jabil-careers-J2465453?s=gh-new-grad-jobs-2027	dropped	DROP:no-target-role-match	2026-09-19	2026-09-19	1	
zapply.jobs/l/d/workday-ms-external-pt-jr043784	Morgan Stanley	Tax Operations Associate	https://zapply.jobs/l/d/workday-ms-external-PT-JR043784?s=gh-new-grad-jobs-2027	dropped	DROP:no-target-role-match	2026-09-19	2026-09-19	1	
zapply.jobs/l/d/apple-200682520	Apple	Wireless Systems Engineer	https://zapply.jobs/l/d/apple-200682520?s=gh-new-grad-jobs-2027	dropped	DROP:no-target-role-match	2026-09-19	2026-09-19	1	
zapply.jobs/l/d/workday-micron-external-jr112163	Micron Technology	Intern - ASIC Digital Design	https://zapply.jobs/l/d/workday-micron-external-JR112163?s=gh-new-grad-jobs-2027	dropped	DROP:intern-coop-phd	2026-09-19	2026-09-19	1	
zapply.jobs/l/d/workday-micron-external-jr101724	Micron Technology	CMP Process Engineer	https://zapply.jobs/l/d/workday-micron-external-JR101724?s=gh-new-grad-jobs-2027	dropped	DROP:no-target-role-match	2026-09-19	2026-09-19	1	
zapply.jobs/l/d/workday-micron-external-jr106636	Micron Technology	Chem/Gas/TGM Systems Technician	https://zapply.jobs/l/d/workday-micron-external-JR106636?s=gh-new-grad-jobs-2027	dropped	DROP:no-target-role-match	2026-09-19	2026-09-19	1	
zapply.jobs/l/d/workday-micron-external-jr112286	Micron Technology	Fab Support Equipment Maintenance Technician	https://zapply.jobs/l/d/workday-micron-external-JR112286?s=gh-new-grad-jobs-2027	dropped	DROP:no-target-role-match	2026-09-19	2026-09-19	1	
zapply.jobs/l/d/workday-globalhr-rec-rtx-ext-gateway-01866337	RTX	FPGA Engineer II	https://zapply.jobs/l/d/workday-globalhr-rec-rtx-ext-gateway-01866337?s=gh-new-grad-jobs-2027	dropped	DROP:no-target-role-match	2026-09-19	2026-09-19	1	
zapply.jobs/l/d/greenhouse-relativity-8812067002	Relativity Space	Valve Manufacturing Engineer, 2nd Shift	https://zapply.jobs/l/d/greenhouse-relativity-8812067002?s=gh-new-grad-jobs-2027	dropped	DROP:no-target-role-match	2026-09-19	2026-09-19	1	
zapply.jobs/l/d/workday-pae-amentum-careers-r0170936	Amentum	RPA Mx Avionics Technician I/Battle Creek ANG	https://zapply.jobs/l/d/workday-pae-amentum-careers-R0170936?s=gh-new-grad-jobs-2027	dropped	DROP:no-target-role-match	2026-09-19	2026-09-19	1	
zapply.jobs/l/d/workday-globalhr-rec-rtx-ext-gateway-01874161	RTX	F100 Hot Section Customer Support Engineer (Onsite)	https://zapply.jobs/l/d/workday-globalhr-rec-rtx-ext-gateway-01874161?s=gh-new-grad-jobs-2027	dropped	DROP:no-target-role-match	2026-09-19	2026-09-19	1	
zapply.jobs/l/d/workday-globalhr-rec-rtx-ext-gateway-01876383	RTX	341 - Test Technician 2nd Shift (onsite)	https://zapply.jobs/l/d/workday-globalhr-rec-rtx-ext-gateway-01876383?s=gh-new-grad-jobs-2027	dropped	DROP:no-target-role-match	2026-09-19	2026-09-19	1	
zapply.jobs/l/d/greenhouse-muonspace-5242931007	Muon Space	Facilities Engineer II	https://zapply.jobs/l/d/greenhouse-muonspace-5242931007?s=gh-new-grad-jobs-2027	dropped	DROP:no-target-role-match	2026-09-19	2026-09-19	1	
zapply.jobs/l/d/ashby-fireworks-fab3e536-5f1d-4ecc-8446-899e8c056672	Fireworks AI	Account Executive, AI Native Team	https://zapply.jobs/l/d/ashby-fireworks-fab3e536-5f1d-4ecc-8446-899e8c056672?s=gh-new-grad-jobs-2027	dropped	DROP:no-target-role-match	2026-09-19	2026-09-19	1	
zapply.jobs/l/d/sr-solidigm-744000150464799	Solidigm	Associate Account Manager	https://zapply.jobs/l/d/sr-solidigm-744000150464799?s=gh-new-grad-jobs-2027	dropped	DROP:no-target-role-match	2026-09-19	2026-09-19	1	
zapply.jobs/l/d/ashby-astronomer-3e3be48c-ccf0-4a39-9eb2-03a896787999	Astronomer	Sales Engineer	https://zapply.jobs/l/d/ashby-astronomer-3e3be48c-ccf0-4a39-9eb2-03a896787999?s=gh-new-grad-jobs-2027	dropped	DROP:no-target-role-match	2026-09-19	2026-09-19	1	
zapply.jobs/l/d/sr-linkedin3-744000150462539	LinkedIn	Software Engineer, Systems and Infrastructure	https://zapply.jobs/l/d/sr-LinkedIn3-744000150462539?s=gh-new-grad-jobs-2027	dropped	DROP:no-target-role-match	2026-09-19	2026-09-19	1	
zapply.jobs/l/d/microsoft-200053347	Microsoft	Software Engineer: AI Experiences Search	https://zapply.jobs/l/d/microsoft-200053347?s=gh-new-grad-jobs-2027	dropped	DROP:no-target-role-match	2026-09-19	2026-09-19	1	
zapply.jobs/l/d/greenhouse-block-5426213008	Block	Software Engineer	https://zapply.jobs/l/d/greenhouse-block-5426213008?s=gh-new-grad-jobs-2027	dropped	DROP:no-target-role-match	2026-09-19	2026-09-19	1	
zapply.jobs/l/d/workday-leidos-external-r-00192637	Leidos	Mechanical Engineering Supervisor	https://zapply.jobs/l/d/workday-leidos-external-R-00192637?s=gh-new-grad-jobs-2027	dropped	DROP:no-target-role-match	2026-09-19	2026-09-19	1	
zapply.jobs/l/d/workday-leidos-external-r-00192622	Leidos	Power Plant SME - Electrical Engineer	https://zapply.jobs/l/d/workday-leidos-external-R-00192622?s=gh-new-grad-jobs-2027	dropped	DROP:no-target-role-match	2026-09-19	2026-09-19	1	
zapply.jobs/l/d/workday-leidos-external-r-00192569	Leidos	Supplier Quality Engineer	https://zapply.jobs/l/d/workday-leidos-external-R-00192569?s=gh-new-grad-jobs-2027	dropped	DROP:no-target-role-match	2026-09-19	2026-09-19	1	
zapply.jobs/l/d/greenhouse-airbnb-8214444	Airbnb	Business Systems Engineer, Tech Foundations	https://zapply.jobs/l/d/greenhouse-airbnb-8214444?s=gh-new-grad-jobs-2027	dropped	DROP:no-target-role-match	2026-09-19	2026-09-19	1	
zapply.jobs/l/d/workday-leidos-external-r-00192627	Leidos	Mid-Level Control Account Manager	https://zapply.jobs/l/d/workday-leidos-external-R-00192627?s=gh-new-grad-jobs-2027	dropped	DROP:no-target-role-match	2026-09-19	2026-09-19	1	
zapply.jobs/l/d/workday-leidos-external-r-00192565	Leidos	Design Fabrication Technician	https://zapply.jobs/l/d/workday-leidos-external-R-00192565?s=gh-new-grad-jobs-2027	dropped	DROP:no-target-role-match	2026-09-19	2026-09-19	1	
zapply.jobs/l/d/workday-homedepot-careerdepot-req193798	Home Depot	Engineering Technician	https://zapply.jobs/l/d/workday-homedepot-careerdepot-Req193798?s=gh-new-grad-jobs-2027	dropped	DROP:no-target-role-match	2026-09-19	2026-09-19	1	
zapply.jobs/l/d/greenhouse-stripe-8208521	Stripe	Customer Success Manager, Enterprise	https://zapply.jobs/l/d/greenhouse-stripe-8208521?s=gh-new-grad-jobs-2027	dropped	DROP:no-target-role-match	2026-09-19	2026-09-19	1	
zapply.jobs/l/d/microsoft-200056769	Microsoft	Logistics Technician	https://zapply.jobs/l/d/microsoft-200056769?s=gh-new-grad-jobs-2027	dropped	DROP:no-target-role-match	2026-09-19	2026-09-19	1	
zapply.jobs/l/d/ashby-ashby-20155359-0ef1-4d45-9b64-acc9a54f1ceb	Ashby	People Operations Coordinator	https://zapply.jobs/l/d/ashby-ashby-20155359-0ef1-4d45-9b64-acc9a54f1ceb?s=gh-new-grad-jobs-2027	dropped	DROP:no-target-role-match	2026-09-19	2026-09-19	1	
zapply.jobs/l/d/greenhouse-spacex-8822435002	SpaceX	Sourcing Manager, Food & Facilities	https://zapply.jobs/l/d/greenhouse-spacex-8822435002?s=gh-new-grad-jobs-2027	dropped	DROP:no-target-role-match	2026-09-19	2026-09-19	1	
zapply.jobs/l/d/microsoft-200055939	Microsoft	Cloud Engineering Consultant - CTJ - TS/SCI	https://zapply.jobs/l/d/microsoft-200055939?s=gh-new-grad-jobs-2027	dropped	DROP:no-target-role-match	2026-09-19	2026-09-19	1	
zapply.jobs/l/d/greenhouse-safariai-5233682007	Safari AI	Software Engineer, Cloud Infrastructure	https://zapply.jobs/l/d/greenhouse-safariai-5233682007?s=gh-new-grad-jobs-2027	dropped	DROP:no-target-role-match	2026-09-19	2026-09-19	1	
zapply.jobs/l/d/apple-200672921	Apple	Software Engineer, Algorithms (SDE)	https://zapply.jobs/l/d/apple-200672921?s=gh-new-grad-jobs-2027	dropped	DROP:no-target-role-match	2026-09-19	2026-09-19	1	
zapply.jobs/l/d/apple-200684265	Apple	Software Engineer, Finance Engineering	https://zapply.jobs/l/d/apple-200684265?s=gh-new-grad-jobs-2027	dropped	DROP:no-target-role-match	2026-09-19	2026-09-19	1	
zapply.jobs/l/d/ashby-fable-3fd04c23-a63d-4b40-bfae-feafaa478caf	Fable	Software Engineering Intern	https://zapply.jobs/l/d/ashby-fable-3fd04c23-a63d-4b40-bfae-feafaa478caf?s=gh-new-grad-jobs-2027	dropped	DROP:intern-coop-phd	2026-09-19	2026-09-19	1	
zapply.jobs/l/d/ashby-rivianvw.tech-45773489-7107-4942-92d0-3f9c48ef79e0	Rivian and Volkswagen Group Technologies	Software Engineer, Edge AI	https://zapply.jobs/l/d/ashby-rivianvw.tech-45773489-7107-4942-92d0-3f9c48ef79e0?s=gh-new-grad-jobs-2027	dropped	DROP:no-target-role-match	2026-09-19	2026-09-19	1	
zapply.jobs/l/d/greenhouse-spacex-8814584002	SpaceX	Automation and Controls Engineer, Gateways (Starlink)	https://zapply.jobs/l/d/greenhouse-spacex-8814584002?s=gh-new-grad-jobs-2027	dropped	DROP:no-target-role-match	2026-09-19	2026-09-19	1	
zapply.jobs/l/d/greenhouse-astranis-4704276006	Astranis	Network Planning Sales Engineer Intern (Winter 2027)	https://zapply.jobs/l/d/greenhouse-astranis-4704276006?s=gh-new-grad-jobs-2027	dropped	DROP:intern-coop-phd	2026-09-19	2026-09-19	1	
zapply.jobs/l/d/greenhouse-astranis-4704293006	Astranis	Network Planning Sales Engineer Associate (Winter 2027)	https://zapply.jobs/l/d/greenhouse-astranis-4704293006?s=gh-new-grad-jobs-2027	dropped	DROP:no-target-role-match	2026-09-19	2026-09-19	1	
zapply.jobs/l/d/greenhouse-faire-8820890002	Faire	Fulfillment Operations Specialist	https://zapply.jobs/l/d/greenhouse-faire-8820890002?s=gh-new-grad-jobs-2027	dropped	DROP:no-target-role-match	2026-09-19	2026-09-19	1	
zapply.jobs/l/d/greenhouse-astspacemobile-4734918005	AST SpaceMobile	Technician I CSAT Integration	https://zapply.jobs/l/d/greenhouse-astspacemobile-4734918005?s=gh-new-grad-jobs-2027	dropped	DROP:no-target-role-match	2026-09-19	2026-09-19	1	
zapply.jobs/l/d/ashby-drata-12d91528-7077-4f74-bf9e-e7baee925107	Drata	Commercial Account Executive - Mid-Atlantic	https://zapply.jobs/l/d/ashby-drata-12d91528-7077-4f74-bf9e-e7baee925107?s=gh-new-grad-jobs-2027	dropped	DROP:no-target-role-match	2026-09-19	2026-09-19	1	
zapply.jobs/l/d/greenhouse-kikoff-4411788009	Kikoff	Sales Development Manager	https://zapply.jobs/l/d/greenhouse-kikoff-4411788009?s=gh-new-grad-jobs-2027	dropped	DROP:no-target-role-match	2026-09-19	2026-09-19	1	
zapply.jobs/l/d/greenhouse-aloyoga-6200806004	Alo Yoga	Seasonal Sales Associate (Part-Time) - Station Twelve	https://zapply.jobs/l/d/greenhouse-aloyoga-6200806004?s=gh-new-grad-jobs-2027	dropped	DROP:no-target-role-match	2026-09-19	2026-09-19	1	
zapply.jobs/l/d/greenhouse-aloyoga-6200834004	Alo Yoga	Seasonal Operations Associate (Part-Time) - Station Twelve	https://zapply.jobs/l/d/greenhouse-aloyoga-6200834004?s=gh-new-grad-jobs-2027	dropped	DROP:no-target-role-match	2026-09-19	2026-09-19	1	
zapply.jobs/l/d/greenhouse-contentful-8214437	Contentful	Strategic Account Executive	https://zapply.jobs/l/d/greenhouse-contentful-8214437?s=gh-new-grad-jobs-2027	dropped	DROP:no-target-role-match	2026-09-19	2026-09-19	1	
zapply.jobs/l/d/apple-200684670	Apple	Software Engineer - Systems	https://zapply.jobs/l/d/apple-200684670?s=gh-new-grad-jobs-2027	dropped	DROP:no-target-role-match	2026-09-19	2026-09-19	1	
zapply.jobs/l/d/ashby-rivianvw.tech-ac6de63b-1f15-4299-b6dd-ad72b9c2e878	Rivian and Volkswagen Group Technologies	Software Engineer, Telematics	https://zapply.jobs/l/d/ashby-rivianvw.tech-ac6de63b-1f15-4299-b6dd-ad72b9c2e878?s=gh-new-grad-jobs-2027	dropped	DROP:no-target-role-match	2026-09-19	2026-09-19	1	
zapply.jobs/l/d/greenhouse-cargurus-8204329	CarGurus	Software Development Engineer II, Dealer Inventory	https://zapply.jobs/l/d/greenhouse-cargurus-8204329?s=gh-new-grad-jobs-2027	dropped	DROP:no-target-role-match	2026-09-19	2026-09-19	1	
zapply.jobs/l/d/greenhouse-icapitalnetwork-8814900002	iCapital Network	Full Stack Engineer, Ruby on Rails - Assistant Vice President	https://zapply.jobs/l/d/greenhouse-icapitalnetwork-8814900002?s=gh-new-grad-jobs-2027	dropped	DROP:no-target-role-match	2026-09-19	2026-09-19	1	
zapply.jobs/l/d/greenhouse-garnerhealth-6200765004	Garner Health	Product Manager II	https://zapply.jobs/l/d/greenhouse-garnerhealth-6200765004?s=gh-new-grad-jobs-2027	dropped	DROP:outside-target-metro	2026-09-19	2026-09-19	1	
zapply.jobs/l/d/greenhouse-anaplan-8822002002	Anaplan	Systems Engineer II	https://zapply.jobs/l/d/greenhouse-anaplan-8822002002?s=gh-new-grad-jobs-2027	dropped	DROP:no-target-role-match	2026-09-19	2026-09-19	1	
zapply.jobs/l/d/apple-200684660	Apple	Touch ID Product Design Mechanical Engineer	https://zapply.jobs/l/d/apple-200684660?s=gh-new-grad-jobs-2027	dropped	DROP:no-target-role-match	2026-09-19	2026-09-19	1	
zapply.jobs/l/d/workday-amat-external-r2628622	Applied Materials	Manufacturing Test Engineer II - (E2)	https://zapply.jobs/l/d/workday-amat-external-R2628622?s=gh-new-grad-jobs-2027	dropped	DROP:no-target-role-match	2026-09-19	2026-09-19	1	
zapply.jobs/l/d/greenhouse-formlabs-8214451	Formlabs	Field Service Technician - Orlando	https://zapply.jobs/l/d/greenhouse-formlabs-8214451?s=gh-new-grad-jobs-2027	dropped	DROP:no-target-role-match	2026-09-19	2026-09-19	1	
zapply.jobs/l/d/greenhouse-formlabs-8214450	Formlabs	Field Service Technician - Denver	https://zapply.jobs/l/d/greenhouse-formlabs-8214450?s=gh-new-grad-jobs-2027	dropped	DROP:no-target-role-match	2026-09-19	2026-09-19	1	
zapply.jobs/l/d/greenhouse-formlabs-8214446	Formlabs	Field Service Technician - Boston	https://zapply.jobs/l/d/greenhouse-formlabs-8214446?s=gh-new-grad-jobs-2027	dropped	DROP:no-target-role-match	2026-09-19	2026-09-19	1	
zapply.jobs/l/d/apple-200682098	Apple	Claris Enterprise Field Sales Representative	https://zapply.jobs/l/d/apple-200682098?s=gh-new-grad-jobs-2027	dropped	DROP:no-target-role-match	2026-09-19	2026-09-19	1	
zapply.jobs/l/d/greenhouse-toast-8214408	Toast	Territory Account Executive , SMB - Lincoln/West Omaha, NE	https://zapply.jobs/l/d/greenhouse-toast-8214408?s=gh-new-grad-jobs-2027	dropped	DROP:no-target-role-match	2026-09-19	2026-09-19	1	
zapply.jobs/l/d/greenhouse-altentechnologyusa-5242427007	ALTEN Technology	Experienced Engineering Recruiter	https://zapply.jobs/l/d/greenhouse-altentechnologyusa-5242427007?s=gh-new-grad-jobs-2027	dropped	DROP:no-target-role-match	2026-09-19	2026-09-19	1	
zapply.jobs/l/d/greenhouse-toast-8210991	Toast	Territory Account Executive, SMB - Houston, TX	https://zapply.jobs/l/d/greenhouse-toast-8210991?s=gh-new-grad-jobs-2027	dropped	DROP:no-target-role-match	2026-09-19	2026-09-19	1	
zapply.jobs/l/d/greenhouse-vardaspace-7999658003	Varda Space	Spacecraft Flight Software Engineer II	https://zapply.jobs/l/d/greenhouse-vardaspace-7999658003?s=gh-new-grad-jobs-2027	dropped	DROP:no-target-role-match	2026-09-19	2026-09-19	1	
zapply.jobs/l/d/greenhouse-vardaspace-7999573003	Varda Space	Spacecraft Embedded Software Engineer II	https://zapply.jobs/l/d/greenhouse-vardaspace-7999573003?s=gh-new-grad-jobs-2027	dropped	DROP:no-target-role-match	2026-09-19	2026-09-19	1	
zapply.jobs/l/d/greenhouse-vardaspace-7999560003	Varda Space	Spacecraft Hardware Build Reliability Engineer II	https://zapply.jobs/l/d/greenhouse-vardaspace-7999560003?s=gh-new-grad-jobs-2027	dropped	DROP:no-target-role-match	2026-09-19	2026-09-19	1	
zapply.jobs/l/d/greenhouse-vardaspace-7999574003	Varda Space	Spacecraft Firmware Engineer II	https://zapply.jobs/l/d/greenhouse-vardaspace-7999574003?s=gh-new-grad-jobs-2027	dropped	DROP:no-target-role-match	2026-09-19	2026-09-19	1	
zapply.jobs/l/d/greenhouse-asm-4957309101	ASM	Engineer II, Electrical Engineering	https://zapply.jobs/l/d/greenhouse-asm-4957309101?s=gh-new-grad-jobs-2027	dropped	DROP:no-target-role-match	2026-09-19	2026-09-19	1	
zapply.jobs/l/d/greenhouse-vardaspace-7999639003	Varda Space	Spacecraft Mission Operations Engineer II	https://zapply.jobs/l/d/greenhouse-vardaspace-7999639003?s=gh-new-grad-jobs-2027	dropped	DROP:no-target-role-match	2026-09-19	2026-09-19	1	
zapply.jobs/l/d/workday-micron-external-jr111592	Micron Technology	Intern - Enterprise SSD Customer Support Engineering	https://zapply.jobs/l/d/workday-micron-external-JR111592?s=gh-new-grad-jobs-2027	dropped	DROP:intern-coop-phd	2026-09-19	2026-09-19	1	
zapply.jobs/l/d/workday-cigna-cignacareers-26011454	Cigna	Quality Review and Audit Analyst, Individual Dental Operations - Cigna Healthcare - Remote	https://zapply.jobs/l/d/workday-cigna-cignacareers-26011454?s=gh-new-grad-jobs-2027	dropped	DROP:no-target-role-match	2026-09-19	2026-09-19	1	
zapply.jobs/l/d/greenhouse-lucidmotors-5242317007	Lucid Motors	Associate Service Technician, Mission Viejo	https://zapply.jobs/l/d/greenhouse-lucidmotors-5242317007?s=gh-new-grad-jobs-2027	dropped	DROP:no-target-role-match	2026-09-19	2026-09-19	1	
zapply.jobs/l/d/lever-voltus-8f5825af-5c04-422a-9cd8-ce0fe74ed5b9	Voltus	Technical Recruiter	https://zapply.jobs/l/d/lever-voltus-8f5825af-5c04-422a-9cd8-ce0fe74ed5b9?s=gh-new-grad-jobs-2027	dropped	DROP:no-target-role-match	2026-09-19	2026-09-19	1	
zapply.jobs/l/d/ashby-ellipsislabs-9628d475-a386-4eff-9c3c-b4ac11fc60ca	Ellipsis Labs	Operations Associate	https://zapply.jobs/l/d/ashby-ellipsislabs-9628d475-a386-4eff-9c3c-b4ac11fc60ca?s=gh-new-grad-jobs-2027	dropped	DROP:no-target-role-match	2026-09-19	2026-09-19	1	
zapply.jobs/l/d/ashby-ramp-925fce22-61af-4d26-8f20-90696a3b6704	Ramp	Product Operations Specialist Travel	https://zapply.jobs/l/d/ashby-ramp-925fce22-61af-4d26-8f20-90696a3b6704?s=gh-new-grad-jobs-2027	dropped	DROP:no-target-role-match	2026-09-19	2026-09-19	1	
zapply.jobs/l/d/ashby-cartesia-154b001a-f818-4798-a802-58057c47cb03	Cartesia	Software Engineer, Product	https://zapply.jobs/l/d/ashby-cartesia-154b001a-f818-4798-a802-58057c47cb03?s=gh-new-grad-jobs-2027	dropped	DROP:no-target-role-match	2026-09-19	2026-09-19	1	
zapply.jobs/l/d/greenhouse-twitch-8821382002	Twitch	Software Engineer, Data Platform	https://zapply.jobs/l/d/greenhouse-twitch-8821382002?s=gh-new-grad-jobs-2027	dropped	DROP:no-target-role-match	2026-09-19	2026-09-19	1	
zapply.jobs/l/d/greenhouse-rubrik-8171088	Rubrik	Software Engineering Winter Internship	https://zapply.jobs/l/d/greenhouse-rubrik-8171088?s=gh-new-grad-jobs-2027	dropped	DROP:intern-coop-phd	2026-09-19	2026-09-19	1	
zapply.jobs/l/d/apple-200684449	Apple	Sensing HW Design Electrical Engineer	https://zapply.jobs/l/d/apple-200684449?s=gh-new-grad-jobs-2027	dropped	DROP:no-target-role-match	2026-09-19	2026-09-19	1	
zapply.jobs/l/d/greenhouse-esri-5087412007	Esri	GIS Account Manager – Utilities, Telecom, Rail	https://zapply.jobs/l/d/greenhouse-esri-5087412007?s=gh-new-grad-jobs-2027	dropped	DROP:no-target-role-match	2026-09-19	2026-09-19	1	
zapply.jobs/l/d/greenhouse-tripactions-8194356	Navan	Finance Operations Specialist	https://zapply.jobs/l/d/greenhouse-tripactions-8194356?s=gh-new-grad-jobs-2027	dropped	DROP:no-target-role-match	2026-09-19	2026-09-19	1	
zapply.jobs/l/d/greenhouse-gusto-8180461	Gusto	Payment Operations Analyst	https://zapply.jobs/l/d/greenhouse-gusto-8180461?s=gh-new-grad-jobs-2027	dropped	DROP:no-target-role-match	2026-09-19	2026-09-19	1	
zapply.jobs/l/d/ashby-attio-640e15b6-8d1a-48e3-8180-00c64574a858	Attio	Sales Development Representative	https://zapply.jobs/l/d/ashby-attio-640e15b6-8d1a-48e3-8180-00c64574a858?s=gh-new-grad-jobs-2027	dropped	DROP:no-target-role-match	2026-09-19	2026-09-19	1	
zapply.jobs/l/d/greenhouse-relativity-8547676002	Relativity Space	Launch Mechanical Engineer II	https://zapply.jobs/l/d/greenhouse-relativity-8547676002?s=gh-new-grad-jobs-2027	dropped	DROP:no-target-role-match	2026-09-19	2026-09-19	1	
zapply.jobs/l/d/greenhouse-vast-4714389006	VAST	Avionics Software Test Engineer	https://zapply.jobs/l/d/greenhouse-vast-4714389006?s=gh-new-grad-jobs-2027	dropped	DROP:no-target-role-match	2026-09-19	2026-09-19	1	
zapply.jobs/l/d/greenhouse-accenturefederalservices-4714653006	Accenture Federal Services	AV Support Technician	https://zapply.jobs/l/d/greenhouse-accenturefederalservices-4714653006?s=gh-new-grad-jobs-2027	dropped	DROP:no-target-role-match	2026-09-19	2026-09-19	1	
zapply.jobs/l/d/sr-eurofins-744000150420889	Eurofins	Technician, Failure Analysis	https://zapply.jobs/l/d/sr-Eurofins-744000150420889?s=gh-new-grad-jobs-2027	dropped	DROP:no-target-role-match	2026-09-19	2026-09-19	1	
zapply.jobs/l/d/greenhouse-atoms-8821327002	Atoms	Recruiter	https://zapply.jobs/l/d/greenhouse-atoms-8821327002?s=gh-new-grad-jobs-2027	dropped	DROP:no-target-role-match	2026-09-19	2026-09-19	1	
zapply.jobs/l/d/ashby-hims-and-hers-423902f1-1d12-4223-b82d-79bbd767937c	Hims & Hers	Medical Laboratory Technician	https://zapply.jobs/l/d/ashby-hims-and-hers-423902f1-1d12-4223-b82d-79bbd767937c?s=gh-new-grad-jobs-2027	dropped	DROP:no-target-role-match	2026-09-19	2026-09-19	1	
zapply.jobs/l/d/greenhouse-togetherai-5211582007	Together AI	Software Engineer, New Grad (2027)	https://zapply.jobs/l/d/greenhouse-togetherai-5211582007?s=gh-new-grad-jobs-2027	dropped	DROP:no-target-role-match	2026-09-19	2026-09-19	1	
zapply.jobs/l/d/greenhouse-togetherai-5238031007	Together AI	Software Engineer Intern (Winter 2027)	https://zapply.jobs/l/d/greenhouse-togetherai-5238031007?s=gh-new-grad-jobs-2027	dropped	DROP:intern-coop-phd	2026-09-19	2026-09-19	1	
zapply.jobs/l/d/greenhouse-togetherai-5232036007	Together AI	Software Engineer Intern (Summer 2027)	https://zapply.jobs/l/d/greenhouse-togetherai-5232036007?s=gh-new-grad-jobs-2027	dropped	DROP:intern-coop-phd	2026-09-19	2026-09-19	1	
zapply.jobs/l/d/greenhouse-formlabs-8196515	Formlabs	Hardware Test Engineering Intern (Winter/Spring 2027)	https://zapply.jobs/l/d/greenhouse-formlabs-8196515?s=gh-new-grad-jobs-2027	dropped	DROP:intern-coop-phd	2026-09-19	2026-09-19	1	
zapply.jobs/l/d/ashby-crusoe-0403cd2a-1e93-40b3-b686-948e81cd229b	Crusoe	Instrumentation & Controls Engineer II - Modular	https://zapply.jobs/l/d/ashby-crusoe-0403cd2a-1e93-40b3-b686-948e81cd229b?s=gh-new-grad-jobs-2027	dropped	DROP:no-target-role-match	2026-09-19	2026-09-19	1	
zapply.jobs/l/d/greenhouse-showpad-8213427	Showpad	Junior Software Engineer	https://zapply.jobs/l/d/greenhouse-showpad-8213427?s=gh-new-grad-jobs-2027	dropped	DROP:no-target-role-match	2026-09-19	2026-09-19	1	
zapply.jobs/l/d/sr-wellmarkinc-744000150385195	Wellmark, Inc.	Enterprise Cloud Engineer IV - Observability	https://zapply.jobs/l/d/sr-WellmarkInc-744000150385195?s=gh-new-grad-jobs-2027	dropped	DROP:no-target-role-match	2026-09-19	2026-09-19	1	
zapply.jobs/l/d/workday-motorolasolutions-careers-r67856	Motorola Solutions	2027 Summer Intern - Electrical Engineer	https://zapply.jobs/l/d/workday-motorolasolutions-careers-R67856?s=gh-new-grad-jobs-2027	dropped	DROP:intern-coop-phd	2026-09-19	2026-09-19	1	
zapply.jobs/l/d/greenhouse-accenturefederalservices-4714517006	Accenture Federal Services	Full Stack Developer	https://zapply.jobs/l/d/greenhouse-accenturefederalservices-4714517006?s=gh-new-grad-jobs-2027	dropped	DROP:no-target-role-match	2026-09-19	2026-09-19	1	
zapply.jobs/l/d/workday-adobe-external-experienced-r167647	Adobe	Machine Learning Engineer, Express AI Foundations	https://zapply.jobs/l/d/workday-adobe-external-experienced-R167647?s=gh-new-grad-data-science-jobs-2027	dropped	DROP:no-target-role-match	2026-09-19	2026-09-19	1	
zapply.jobs/l/d/workday-adobe-external-experienced-r169102	Adobe	Machine Learning Engineer 5	https://zapply.jobs/l/d/workday-adobe-external-experienced-R169102?s=gh-new-grad-data-science-jobs-2027	dropped	DROP:no-target-role-match	2026-09-19	2026-09-19	1	
zapply.jobs/l/d/workday-adobe-external-experienced-r166368	Adobe	Research Scientist	https://zapply.jobs/l/d/workday-adobe-external-experienced-R166368?s=gh-new-grad-data-science-jobs-2027	dropped	DROP:no-target-role-match	2026-09-19	2026-09-19	1	
zapply.jobs/l/d/workday-capitalone-capital-one-r1001117	Capital One	AI Engineer 5 (AI Foundations)	https://zapply.jobs/l/d/workday-capitalone-capital-one-R1001117?s=gh-new-grad-data-science-jobs-2027	dropped	DROP:no-target-role-match	2026-09-19	2026-09-19	1	
zapply.jobs/l/d/workday-capitalone-capital-one-r1001094	Capital One	AI Engineer 5 (MLX, Agentic AI, Gen AI platform Services)	https://zapply.jobs/l/d/workday-capitalone-capital-one-R1001094?s=gh-new-grad-data-science-jobs-2027	dropped	DROP:no-target-role-match	2026-09-19	2026-09-19	1	
zapply.jobs/l/d/workday-adobe-external-experienced-r169893	Adobe	Software Development Engineer, 3D Graphics	https://zapply.jobs/l/d/workday-adobe-external-experienced-R169893?s=gh-new-grad-jobs-2027	dropped	DROP:no-target-role-match	2026-09-19	2026-09-19	1	
zapply.jobs/l/d/workday-adobe-external-experienced-r168187	Adobe	Software Development Engineer	https://zapply.jobs/l/d/workday-adobe-external-experienced-R168187?s=gh-new-grad-jobs-2027	dropped	DROP:no-target-role-match	2026-09-19	2026-09-19	1	
zapply.jobs/l/d/workday-adobe-external-experienced-r160198	Adobe	Software Engineer – Adobe Experience Platform	https://zapply.jobs/l/d/workday-adobe-external-experienced-R160198?s=gh-new-grad-jobs-2027	dropped	DROP:no-target-role-match	2026-09-19	2026-09-19	1	
zapply.jobs/l/d/workday-capitalone-capital-one-r246370	Capital One	Senior Associate, Product Manager - Card Partnerships	https://zapply.jobs/l/d/workday-capitalone-capital-one-R246370?s=gh-new-grad-jobs-2027	dropped	DROP:outside-target-metro	2026-09-19	2026-09-19	1	
zapply.jobs/l/d/workday-mastercard-corporatecareers-r-289524	Mastercard	Software Engineer II	https://zapply.jobs/l/d/workday-mastercard-corporatecareers-R-289524?s=gh-new-grad-jobs-2027	dropped	DROP:no-target-role-match	2026-09-19	2026-09-19	1	
zapply.jobs/l/d/workday-boeing-external-careers-jr2026500069	Boeing	Associate Embedded Software Engineer	https://zapply.jobs/l/d/workday-boeing-external-careers-JR2026500069?s=gh-new-grad-jobs-2027	dropped	DROP:no-target-role-match	2026-09-19	2026-09-19	1	
zapply.jobs/l/d/workday-boeing-external-careers-jr2026515830	Boeing	Associate Software Development Engineer	https://zapply.jobs/l/d/workday-boeing-external-careers-JR2026515830?s=gh-new-grad-jobs-2027	dropped	DROP:no-target-role-match	2026-09-19	2026-09-19	1	
zapply.jobs/l/d/workday-globalhr-rec-rtx-ext-gateway-01875969	RTX	Manufacturing Execution System Business Analyst	https://zapply.jobs/l/d/workday-globalhr-rec-rtx-ext-gateway-01875969?s=gh-new-grad-jobs-2027	dropped	DROP:no-target-role-match	2026-09-19	2026-09-19	1	
zapply.jobs/l/d/workday-leidos-external-r-00192500	Leidos	Research Engineer Intern	https://zapply.jobs/l/d/workday-leidos-external-R-00192500?s=gh-new-grad-jobs-2027	dropped	DROP:intern-coop-phd	2026-09-19	2026-09-19	1	
zapply.jobs/l/d/workday-td-td-bank-careers-r_1502065	TD Bank	Business Analyst III (Controls & Risk Assessments)	https://zapply.jobs/l/d/workday-td-td-bank-careers-R_1502065?s=gh-new-grad-jobs-2027	dropped	DROP:no-target-role-match	2026-09-19	2026-09-19	1	
zapply.jobs/l/d/greenhouse-starburst-5416956008	Starburst	Applied AI Research Engineer	https://zapply.jobs/l/d/greenhouse-starburst-5416956008?s=gh-new-grad-jobs-2027	dropped	DROP:no-target-role-match	2026-09-19	2026-09-19	1	
zapply.jobs/l/d/workday-philips-jobs-and-careers-590906	Philips	Co-op - Manufacturing Engineering - Latham, NY - January-August 2027	https://zapply.jobs/l/d/workday-philips-jobs-and-careers-590906?s=gh-new-grad-jobs-2027	dropped	DROP:intern-coop-phd	2026-09-19	2026-09-19	1	
zapply.jobs/l/d/workday-boeing-external-careers-jr2026511404	Boeing	Systems Architect – Model Based Systems Engineer (MBSE) (Associate, Experienced or Lead)	https://zapply.jobs/l/d/workday-boeing-external-careers-JR2026511404?s=gh-new-grad-jobs-2027	dropped	DROP:no-target-role-match	2026-09-19	2026-09-19	1	
zapply.jobs/l/d/workday-boeing-external-careers-jr2026504403	Boeing	Mid-Level Propulsion Fuels Systems Engineer	https://zapply.jobs/l/d/workday-boeing-external-careers-JR2026504403?s=gh-new-grad-jobs-2027	dropped	DROP:no-target-role-match	2026-09-19	2026-09-19	1	
zapply.jobs/l/d/qualcomm-3096429	Qualcomm	AI Engineering Operations Analyst	https://zapply.jobs/l/d/qualcomm-3096429?s=gh-new-grad-data-science-jobs-2027	dropped	DROP:no-target-role-match	2026-09-19	2026-09-19	1	
zapply.jobs/l/d/qualcomm-3093957	Qualcomm	Machine Learning R&D	https://zapply.jobs/l/d/qualcomm-3093957?s=gh-new-grad-data-science-jobs-2027	dropped	DROP:no-target-role-match	2026-09-19	2026-09-19	1	
aspentech.wd5.myworkdayjobs.com/en-us/aspentech/job/bedford-massachusetts/data-science-intern---summer-2027---bedford--ma_r9459	AspenTech	Data Science Intern - Summer 2027 - Bedford - MA	https://aspentech.wd5.myworkdayjobs.com/en-US/aspentech/job/Bedford-Massachusetts/Data-Science-Intern---Summer-2027---Bedford--MA_R9459	dropped	DROP:intern-coop-phd	2026-09-19	2026-09-19	1	
blackrock.wd1.myworkdayjobs.com/en-us/blackrock_professional/job/san-francisco-ca/xmlname-2027-quantitative-masters-internship-program---investments---quantitative-investing---san-francisco_r266474	BlackRock	2027 Quantitative Masters Internship Program - Investments - Quantitative Investing - San Francisco	https://blackrock.wd1.myworkdayjobs.com/en-US/blackrock_professional/job/San-Francisco-CA/XMLNAME-2027-Quantitative-Masters-Internship-Program---Investments---Quantitative-Investing---San-Francisco_R266474	dropped	DROP:intern-coop-phd	2026-09-19	2026-09-19	1	
q2ebanking.wd5.myworkdayjobs.com/en-us/q2/job/austin-texas/xmlname-2027-summer-internship---data-science_req-12796	Q2	2027 Summer Internship - Data Science	https://q2ebanking.wd5.myworkdayjobs.com/en-US/q2/job/Austin-Texas/XMLNAME-2027-Summer-Internship---Data-Science_REQ-12796	dropped	DROP:intern-coop-phd	2026-09-19	2026-09-19	1	
q2ebanking.wd5.myworkdayjobs.com/en-us/q2/job/austin-texas/xmlname-2027-summer-internship---machine-learning-engineer_req-12797	Q2	2027 Summer Internship - Machine Learning Engineer	https://q2ebanking.wd5.myworkdayjobs.com/en-US/q2/job/Austin-Texas/XMLNAME-2027-Summer-Internship---Machine-Learning-Engineer_REQ-12797	dropped	DROP:intern-coop-phd	2026-09-19	2026-09-19	1	
zapply.jobs/l/d/workday-caci-external-332112	CACI	Asymmetric Legal Advisor / Data Scientist	https://zapply.jobs/l/d/workday-caci-external-332112?s=gh-new-grad-data-science-jobs-2027	dropped	DROP:no-target-role-match	2026-09-19	2026-09-19	1	
zapply.jobs/l/d/workday-thermofisher-thermofishercareers-r-01368027	Thermo Fisher Scientific	FSP- Research Scientist	https://zapply.jobs/l/d/workday-thermofisher-thermofishercareers-R-01368027?s=gh-new-grad-data-science-jobs-2027	dropped	DROP:no-target-role-match	2026-09-19	2026-09-19	1	
zapply.jobs/l/d/workday-thermofisher-thermofishercareers-r-01368026	Thermo Fisher Scientific	FSP-Associate Research Scientist	https://zapply.jobs/l/d/workday-thermofisher-thermofishercareers-R-01368026?s=gh-new-grad-data-science-jobs-2027	dropped	DROP:no-target-role-match	2026-09-19	2026-09-19	1	
zapply.jobs/l/d/workday-thermofisher-thermofishercareers-r-01368034	Thermo Fisher Scientific	Associate Research Scientist, Bioassay	https://zapply.jobs/l/d/workday-thermofisher-thermofishercareers-R-01368034?s=gh-new-grad-data-science-jobs-2027	dropped	DROP:no-target-role-match	2026-09-19	2026-09-19	1	
zapply.jobs/l/d/workday-td-td-bank-careers-r_1508667	TD Bank	Data Scientist III (US)	https://zapply.jobs/l/d/workday-td-td-bank-careers-R_1508667?s=gh-new-grad-data-science-jobs-2027	dropped	DROP:no-target-role-match	2026-09-19	2026-09-19	1	
zapply.jobs/l/d/workday-td-td-bank-careers-r_1501651	TD Bank	Data Scientist III - FCRM Risk Modeling	https://zapply.jobs/l/d/workday-td-td-bank-careers-R_1501651?s=gh-new-grad-data-science-jobs-2027	dropped	DROP:no-target-role-match	2026-09-19	2026-09-19	1	
zapply.jobs/l/d/workday-td-td-bank-careers-r_1492772	TD Bank	Data Scientist III (US) - Financial Crimes Modeling	https://zapply.jobs/l/d/workday-td-td-bank-careers-R_1492772?s=gh-new-grad-data-science-jobs-2027	dropped	DROP:no-target-role-match	2026-09-19	2026-09-19	1	
zapply.jobs/l/d/workday-cisco-cisco-careers-2025872	Cisco	AI Research Scientist III (Full Time) – United States	https://zapply.jobs/l/d/workday-cisco-cisco-careers-2025872?s=gh-new-grad-data-science-jobs-2027	dropped	DROP:no-target-role-match	2026-09-19	2026-09-19	1	
zapply.jobs/l/d/sr-llnl-3743990015289146	LLNL	Data Science Institute Graduate Student Intern - Summer 2027	https://zapply.jobs/l/d/sr-llnl-3743990015289146?s=gh-new-grad-data-science-jobs-2027	dropped	DROP:intern-coop-phd	2026-09-19	2026-09-19	1	
zapply.jobs/l/d/sr-llnl-3743990015289136	LLNL	Data Science Institute Undergraduate Student Intern - Summer 2027	https://zapply.jobs/l/d/sr-llnl-3743990015289136?s=gh-new-grad-data-science-jobs-2027	dropped	DROP:intern-coop-phd	2026-09-19	2026-09-19	1	
zapply.jobs/l/d/amazon-db3d1675-85e6-4999-bb44-30b9a28dd37f	Amazon Development Center U.S., Inc.	Data Scientist II, AWS Managed Operations Intelligence (MOI) - Data Science	https://zapply.jobs/l/d/amazon-db3d1675-85e6-4999-bb44-30b9a28dd37f?s=gh-new-grad-data-science-jobs-2027	dropped	DROP:no-target-role-match	2026-09-19	2026-09-19	1	
zapply.jobs/l/d/lever-pditechnologies-cb49a760-2f17-4958-bc34-ea589cdc785e	PDI Technologies	Mid-Level Data Analyst	https://zapply.jobs/l/d/lever-pditechnologies-cb49a760-2f17-4958-bc34-ea589cdc785e?s=gh-new-grad-data-science-jobs-2027	dropped	DROP:no-target-role-match	2026-09-19	2026-09-19	1	
zapply.jobs/l/d/greenhouse-latitude-8204584	Latitude AI	GIS Production Analyst (Contractor)	https://zapply.jobs/l/d/greenhouse-latitude-8204584?s=gh-new-grad-data-science-jobs-2027	dropped	DROP:no-target-role-match	2026-09-19	2026-09-19	1	
zapply.jobs/l/d/workday-comcast-comcast-careers-r442358	Comcast	Analyst, Enterprise Data Analytics - Comcast Advertising	https://zapply.jobs/l/d/workday-comcast-comcast-careers-R442358?s=gh-new-grad-data-science-jobs-2027	dropped	DROP:no-target-role-match	2026-09-19	2026-09-19	1	
zapply.jobs/l/d/greenhouse-clarityinnovates-5238058007	Clarity Innovations	Data Analyst	https://zapply.jobs/l/d/greenhouse-clarityinnovates-5238058007?s=gh-new-grad-data-science-jobs-2027	dropped	DROP:no-target-role-match	2026-09-19	2026-09-19	1	
zapply.jobs/l/d/workday-gdit-external-career-site-rq228455	GDIT	Open Source Intelligence Analyst – Active Top Secret/ SCI Eligibility Required	https://zapply.jobs/l/d/workday-gdit-external-career-site-RQ228455?s=gh-new-grad-data-science-jobs-2027	dropped	DROP:no-target-role-match	2026-09-19	2026-09-19	1	
globalhr.wd5.myworkdayjobs.com/rec_rtx_ext_gateway/job/us-tx-mckinney-513wd--2501-w-university-dr--wing-d-bldg/software-engineer-i--onsite-_01874333	RTX	Software Engineer 1	https://globalhr.wd5.myworkdayjobs.com/rec_rtx_ext_gateway/job/US-TX-MCKINNEY-513WD--2501-W-University-Dr--WING-D-BLDG/Software-Engineer-I--Onsite-_01874333	dropped	DROP:no-target-role-match	2026-09-19	2026-09-19	1	
zapply.jobs/l/d/workday-parsons-search-r186120	Parsons	Data Scientist - Secret	https://zapply.jobs/l/d/workday-parsons-search-R186120?s=gh-new-grad-data-science-jobs-2027	dropped	DROP:no-target-role-match	2026-09-19	2026-09-19	1	
zapply.jobs/l/d/greenhouse-andurilindustries-5114654007	Anduril	Product Data Engineer	https://zapply.jobs/l/d/greenhouse-andurilindustries-5114654007?s=gh-new-grad-data-science-jobs-2027	dropped	DROP:no-target-role-match	2026-09-19	2026-09-19	1	
zapply.jobs/l/d/bytedance-7686733097398290693	ByteDance	Software Engineer Graduate (AI Compute) - 2027 Start (PhD)	https://zapply.jobs/l/d/bytedance-7686733097398290693?s=gh-new-grad-jobs-2027	dropped	DROP:intern-coop-phd	2026-09-19	2026-09-19	1	
zapply.jobs/l/d/workday-parsons-search-r186044	Parsons	Software Engineer	https://zapply.jobs/l/d/workday-parsons-search-R186044?s=gh-new-grad-jobs-2027	dropped	DROP:no-target-role-match	2026-09-19	2026-09-19	1	
zapply.jobs/l/d/google-86584875905098438	Google	Software Engineer, Core Runtime, BigQuery	https://zapply.jobs/l/d/google-86584875905098438?s=gh-new-grad-jobs-2027	dropped	DROP:no-target-role-match	2026-09-19	2026-09-19	1	
zapply.jobs/l/d/google-116667514041049798	Google	Software Engineer III, Search Data and ML Platform	https://zapply.jobs/l/d/google-116667514041049798?s=gh-new-grad-jobs-2027	dropped	DROP:no-target-role-match	2026-09-19	2026-09-19	1	
zapply.jobs/l/d/workday-selinc-sel-2026-23443	Schweitzer Engineering Laboratories	Test Engineering Technician I	https://zapply.jobs/l/d/workday-selinc-sel-2026-23443?s=gh-new-grad-jobs-2027	dropped	DROP:no-target-role-match	2026-09-19	2026-09-19	1	
zapply.jobs/l/d/radancy-sanofi-40504977600	Sanofi	Automation Technician	https://zapply.jobs/l/d/radancy-sanofi-40504977600?s=gh-new-grad-jobs-2027	dropped	DROP:no-target-role-match	2026-09-19	2026-09-19	1	
zapply.jobs/l/d/workday-parsons-search-r186305	Parsons	Electronics Technician 2	https://zapply.jobs/l/d/workday-parsons-search-R186305?s=gh-new-grad-jobs-2027	dropped	DROP:no-target-role-match	2026-09-19	2026-09-19	1	
zapply.jobs/l/d/radancy-sanofi-41268093952	Sanofi	Zone Development Manager Hematology West and Central	https://zapply.jobs/l/d/radancy-sanofi-41268093952?s=gh-new-grad-jobs-2027	dropped	DROP:no-target-role-match	2026-09-19	2026-09-19	1	
