company	legal_name	tier	verdict	lca_count	petitions_approved	everify_status	comp_anchor	decided_on	evidence	source_url
Allstate	Allstate Insurance Company / Allstate Technologies Inc.	TIER-1	SPONSOR (employer-wide); this req SKIP	Allstate Insurance Co: 30 LCAs FY2026, 26 LCAs FY2025, 16/16 I-129 approved FY2026; Allstate Technologies Inc: 4 LCAs FY2022-24, 1/1 I-129 approved FY2025	16 (FY2026, Allstate Insurance Co)	not checked (employer sponsors company-wide; E-Verify moot at TIER-1)	not found for this req	2026-09-19	Employer-wide sponsor per WebSearch aggregation of MyVisaJobs data (h1bgrader/myvisajobs block automated fetch; WebFetch to both also blocked by this session's cloud egress policy, so figures are WebSearch snippet aggregates, not row-level verification). This SPECIFIC req (Pricing Technician Analyst II, R34375) carries indexed language "Allstate generally does not sponsor individuals for employment-based visas for this position" repeated across independent search-indexed copies (not confirmed as a single verbatim JD sentence -- source page unreachable). Scoped SKIP written to data/skip-list.tsv against this exact title only; employer cache stays SPONSOR for other reqs.	https://zapply.jobs/l/d/workday-allstate-allstate-careers-R34375
Tint	Tint (Tint.ai)	TIER-3	BUILD (downgrade)	no LCA history found under the correct legal entity via WebSearch (small ~50-employee startup, founded 2018)	not found	CA-based; CA has no E-Verify mandate (AB 1236 restricts its use) so absence of evidence proves nothing per visa-evaluator.md Step 4	not found	2026-09-19	No sponsorship stated in the posting and no filing history under the correct entity. IMPORTANT: an earlier WebSearch for "Tint" H1B data returned "Hypemarks INC Dba Tint," a DIFFERENT, unrelated e-marketing-services company that happens to share the brand name -- that data was NOT used for this verdict. Genuinely unstated + non-E-Verify-confirmed = TIER-3 per nightly-rules.md tier order (downgrade, not skip).	https://job-boards.greenhouse.io/tintai/jobs/4736081005
Adobe	Adobe Inc.	TIER-1	BUILD	Adobe Inc: 1,027 LCAs FY2025 (1,010 approved, 1 denied, ~98% approval); Adobe Systems Incorporated (legacy entity) also on file	not itemized by req	not needed (TIER-1)	not found for this req	2026-09-19	Adobe is a large, heavily evidenced H-1B sponsor. No stated wall found for req R170204 in indexed snippets (page itself unreachable due to cloud egress block).	https://careers.adobe.com/us/en/job/R170204/Product-Manager
Cisco	Cisco Systems, Inc.	TIER-1	BUILD	Cisco Systems Inc: 8,829 historical LCAs across 89,365 positions/44 states; 154 LCAs FY2026 (one dataset), 658 LCAs + 518 green-card labor petitions FY2026 (another dataset); ~100% LCA approval rate	not itemized by req	not needed (TIER-1)	median sponsored salary $132,409 (Cisco Systems Inc, all titles, MyVisaJobs)	2026-09-19	Cisco is one of the heaviest H-1B filers in tech. No stated wall found for req 2023520 in indexed snippets (page itself unreachable due to cloud egress block). Corroborated independently by tracker row #9 (Cisco, different role, 2026-04-16, noted "SPONSORS H-1B").	https://zapply.jobs/l/d/workday-cisco-cisco-careers-2023520
Benchling	Benchling, Inc.	TIER-1	BUILD	Benchling Inc: 80 historical LCAs/positions across 9 states, median salary $165,000; 22 LCAs FY2025 (2 denied/withdrawn), 3 LCAs FY2026 so far, ~100% approval rate where evidenced	not itemized by req	not needed (TIER-1)	$163K-$307K reported for the Platform PM family (indexed Ashby posting copy)	2026-09-19	Benchling has real, evidenced H-1B filing history (smaller volume than the megacaps above but well over the profile's min_petitions_2y:10 threshold). No stated wall found; application flow asks the standard "will you now or in future require sponsorship" EEO-style question, which is not itself a wall.	https://jobs.ashbyhq.com/benchling
Twilio	Twilio Inc.	TIER-1	BUILD	176-217 LCAs FY2025 (sources vary), 984 historical LCAs across 29 states, ranked #238 among all sponsors	104 LCs (green card) filed FY2025 alongside LCAs; not itemized by req	not needed (TIER-1)	median H1B salary $167,610 (FY2025, all titles)	2026-09-19	Large, heavily evidenced H-1B sponsor. No stated wall found for this req in indexed snippets (page itself unreachable, EGRESS_BLOCKED). WebSearch aggregation of h1bgrader/myvisajobs snippets, not row-level verification.	https://boards.greenhouse.io/twilio/jobs/4934278
Calm	Calm.com, Inc.	TIER-1	BUILD	16 LCAs FY2022-24 (1 denied/withdrawn), 3 LCs (green card); 0 LCAs reported for FY2025 in one snippet	not itemized	not needed (TIER-1, historical evidence)	not found	2026-09-19	Historically evidenced sponsor (FY22-24) but one snippet shows 0 new LCAs FY2025 -- recent slowdown, flag for the candidate. No stated wall found for this req.	https://boards.greenhouse.io/calm/jobs/7241968002
Pendo	Pendo.io, Inc.	TIER-1	BUILD	2 LCAs FY2025 (both certified), 1 LC (green card)	all certified per snippet	not needed (TIER-1, thin evidence)	not found	2026-09-19	Small but real, current-year sponsor. Thin volume -- flag as thin evidence. No stated wall found for this req.	https://boards.greenhouse.io/pendo/jobs/6582395002
Mixbook	Interactive Memories, Inc. (dba Mixbook)	TIER-1	BUILD	2 LCAs FY2022-24 (1 denied/withdrawn)	not itemized	not needed (TIER-1, thin evidence)	not found	2026-09-19	Legal entity is "Interactive Memories Inc dba Mixbook" per MyVisaJobs, not "Mixbook Inc" -- searched under both. Very thin filing history (2 LCAs in 3 years). No stated wall found for this req.	https://boards.greenhouse.io/mixbook/jobs/4235365004
Samsara	Samsara Inc.	TIER-1	BUILD	227 total historical LCAs across 20 states; 70 LCAs + 4 PERM FY2025 (one dataset), 69 LCAs + 16 LCs FY2025 (another dataset)	not itemized by req	not needed (TIER-1)	median salary $136,843 (all sponsored titles)	2026-09-19	Strong, current, evidenced sponsor. No stated wall found for this req.	https://boards.greenhouse.io/samsara/jobs/7269221
AI Fund	AI Fund LLC (Andrew Ng's venture studio)	TIER-3	BUILD (downgrade)	no LCA history found under "AI Fund" via WebSearch; unrelated entities (X.AI LLC, Artificial Intelligence Technologies LLC) surfaced instead and were NOT used	not found	not checked; CA-based (no E-Verify mandate, AB 1236 restricts its use) so absence of evidence proves nothing	not found	2026-09-19	Small venture studio, no public filing footprint found under the correct name. Genuinely unstated + unconfirmed E-Verify = TIER-3 per tier order (downgrade, not skip), consistent with the Tint precedent in this file.	https://jobs.lever.co/AIFund/a1e364bb-687c-4cb0-8c36-aa4651939da2
Veeva Systems	Veeva Systems Inc.	TIER-1	BUILD	104 LCAs FY2025 (2 denied/withdrawn), 16 LCs (1 denied/withdrawn); ranked #705 among sponsors	not itemized by req	not needed (TIER-1)	median $120,000 for most-filed title (Associate Software Engineer); wage levels I-IV all represented	2026-09-19	Large, heavily evidenced current-year sponsor. No stated wall found for this req.	https://jobs.lever.co/veeva/21abdfb7-f1e1-44cd-b63f-ae47b3f47617
Windfall	Windfall Data, Inc.	TIER-1	BUILD	5 LCAs FY2022-24 (1 denied/withdrawn)	not itemized	not needed (TIER-1, thin evidence)	not found	2026-09-19	Real but thin filing history. No stated wall found for this req.	https://jobs.lever.co/windfalldata/d64fdf52-6821-4dd1-b3dd-745ffd018eed
Pigment	Pigment Inc.	TIER-3	BUILD (downgrade)	listed in h1bgrader's sponsor index but 0 LCAs reported for FY2026 in the one snippet found; no historical count confirmed	not found	not checked	not found	2026-09-19	Listed as a known sponsor entity but current-year activity and historical count could not be confirmed via WebSearch (WebFetch to h1bgrader/myvisajobs blocked). Treating as unconfirmed/thin rather than guessing a number -- TIER-3 downgrade, not a skip. No stated wall found for this req.	https://jobs.lever.co/pigment/9e3836bc-a7f7-4121-be7a-07520d99a425
Finch	TryFinch, Inc.	TIER-3	BUILD (downgrade)	no LCA history found under "TryFinch"/"Finch Inc"; only an unrelated "Finch Therapeutics Inc" (biotech) surfaced and was NOT used	not found	not checked	not found	2026-09-19	Small startup (employment-data API), no confirmed public filing footprint under the correct entity. Genuinely unstated + unconfirmed = TIER-3 (downgrade, not skip).	https://jobs.lever.co/finch/5085ce27-f2e7-4863-b16c-e3b36ae8ae35
hive.co	hive.co	TIER-3	BUILD (downgrade)	ambiguous: a "Hive LLC" (Tampa, FL) shows 2 LCAs since 2017, 1 I-129 approved 2021, but entity match to this specific hive.co (sales engagement software) is NOT confirmed -- may be a different Hive-branded company	not confirmed (see note)	not checked; entity ambiguity means the FL E-Verify-mandate shortcut cannot be safely applied either	not found	2026-09-19	Name-collision risk flagged per visa-evaluator.md Step 2 -- did not use the Tampa "Hive LLC" data without confirming it is this employer. Treat as unconfirmed = TIER-3 (downgrade, not skip). No stated wall found for this req.	https://jobs.ashbyhq.com/hive.co/4e83cf48-d1fd-456b-a2ae-99239554968c
Percona	Percona LLC	TIER-3	BUILD (downgrade)	WebSearch surfaced only "Percona Staffing LLC" (0 LCAs FY2025, historical sponsor 2017-2022) -- an apparently UNRELATED staffing company, not Percona the open-source database software firm; NOT used for this verdict	not found for the correct entity	not checked	not found	2026-09-19	Classic name-collision risk (visa-evaluator.md Step 2: "watch for name collisions with staffing firms"). No confirmed data for the actual employer. Genuinely unstated + unconfirmed = TIER-3 (downgrade, not skip).	https://jobs.ashbyhq.com/percona/7d2fb5f0-2c7f-4e29-9657-568980060634
Rula	Rula Health, Inc.	TIER-3	BUILD (downgrade)	no LCA/H1B data found via WebSearch	not found	not checked	not found	2026-09-19	No public filing footprint found. Genuinely unstated + unconfirmed = TIER-3 (downgrade, not skip).	https://jobs.ashbyhq.com/rula/d6926259-4002-44fd-a24d-57a88d804eb8
Directive Consulting	Directive Consulting, LLC	TIER-3	BUILD (downgrade)	no LCA/H1B data found via WebSearch	not found	not checked	not found	2026-09-19	Marketing agency; no confirmed public filing footprint. Genuinely unstated + unconfirmed = TIER-3 (downgrade, not skip). Applies to both Directive reqs in tonight's batch (one verdict per employer).	https://jobs.ashbyhq.com/directive/85061472-a85f-4253-a237-1533cec4e2a4
Sona	Sona	TIER-3	BUILD (downgrade)	a "Sona INC" H1B record shows 0 LCAs FY2025, but entity match to this specific Sona (workforce-scheduling software) is NOT confirmed	not confirmed	not checked	not found	2026-09-19	Entity ambiguity flagged; even if it is the same Sona, the record shows zero recent filings. Genuinely unstated + unconfirmed = TIER-3 (downgrade, not skip).	https://jobs.ashbyhq.com/sona/48c13518-4cef-4cf0-b9a1-bf622337a1dd
Monolithic Power Systems	Monolithic Power Systems, Inc.	TIER-1	BUILD	44 LCAs FY2022-24, 6 LCs (green card) same period	4 I-129 petitions FY2025, 4/4 approved (100%)	not needed (TIER-1)	not found for this req (semiconductor PMIC sector, San Jose HQ)	2026-09-19	Established public semiconductor company (founded 1997, San Jose CA), not H-1B dependent, no willful-violator flag. Clean, current-year evidenced sponsor via WebSearch aggregation of h1bgrader/myvisajobs snippets (row-level fetch blocked). No stated wall in the JD.	https://www.linkedin.com/jobs/view/4450799653
Intel	Intel Corporation	TIER-1	BUILD	~2,656-2,800 LCAs FY2025 (two sources, ranked #3 among all sponsors)	not itemized by req	not needed (TIER-1)	median salary $112,070 (FY2025, all sponsored titles)	2026-09-19	One of the largest H-1B filers in the US. No stated wall found for this Intel Foundry Strategic Marketing req; only standard EEO boilerplate present in extracted JD text.	https://www.linkedin.com/jobs/view/4459465025
Seyfarth Shaw	Seyfarth Shaw LLP	TIER-1	BUILD	5 LCAs FY2022-24 (all certified), 0 LCs (green card) same period	not itemized	not needed (TIER-1, thin evidence)	not found	2026-09-19	Am Law 100 firm; real but thin H-1B filing history (likely concentrated in attorney/associate roles, not business-side titles like this one). No stated wall in the JD -- only standard EEO boilerplate mentioning "citizenship" as a protected non-discrimination category, not a requirement. Flag thin volume for a non-legal role.	https://www.linkedin.com/jobs/view/4450766612
PwC	PricewaterhouseCoopers LLP	N/A	SKIP (employer-wide)	not applicable (hard wall, no lookup needed beyond confirming scope)	not applicable	not applicable	not found	2026-09-19	JD itself states the wall verbatim: "PwC does not intend to hire experienced or entry level job seekers who will need, now or in the future, PwC sponsorship through the H-1B lottery, except as set forth within the following policy: https://pwc.to/H-1B-Lottery-Policy." WebSearch corroborates this is a long-standing, published, company-wide PwC US policy with narrow named exceptions (Chinese/Japanese/Korean Business Network programs), none of which apply to this Pricing GTN Manager req. Hard wall, employer-wide -> skip-list title scoped to `*`.	https://www.linkedin.com/jobs/view/4460529933
Happen Bank	LendingClub Bank, National Association (dba Happen Bank); parent LendingClub Corporation	TIER-1	BUILD	LendingClub Bank, National Association: 95 LCAs FY2025, 10 LCs (green card), ranked #747 among sponsors. Separately, parent holding co LendingClub Corporation filed 0 LCAs FY2025 but has historical sponsorship 2017-2022.	not itemized by req	not needed (TIER-1)	not found for this specific req	2026-09-19	JD states "Happen Bank (formerly LendingClub)" -- the operating/employing entity for this role is the chartered bank subsidiary, LendingClub Bank N.A., which is the current, actively filing entity (95 LCAs FY2025), not the quiet holding company. Used the actively-filing bank entity per Step 2 guidance (full legal entity, not just the consumer brand). No stated wall in the JD.	https://www.linkedin.com/jobs/view/4451005189
Baxter International Inc.	Baxter Healthcare Corporation (US operating subsidiary of Baxter International Inc.)	TIER-1	SPONSOR (employer-wide); this req SKIP	15 LCAs FY2025 (one snippet) / 8 LCAs FY2025 (another snippet), 9 LCs (green card) FY2025, all petitions certified per source	not itemized by req	not needed (employer sponsors company-wide)	not found for this req	2026-09-19	JD-stated hard wall (from extraction pass): "We are unable to sponsor or take over sponsorship of an employment visa at this time." Per instruction, checked whether this is employer-wide: WebSearch confirms Baxter Healthcare Corporation is a current, actively-certified H-1B sponsor (15/8 LCAs + 9 LCs FY2025), so this is a REQ- or business-unit-level (Government Pricing/Legal function) carve-out, not an employer-wide wall -- same pattern as the Allstate and Wellmark precedents in this file. Scoped SKIP written to data/skip-list.tsv against this exact title only; employer cache stays SPONSOR for other Baxter reqs.	https://www.linkedin.com/jobs/view/4469537397
Turo	Turo, Inc. (formerly Relayrides Inc dba Turo Inc)	TIER-1	BUILD	22 LCAs FY2025 (one source) / 12 LCAs FY2025 100% approved (another source), 2 PERM green card petitions FY2025	12/12 I-129 approved FY2025 (100%) per one source	not needed (TIER-1)	median H-1B salary $171,974 (FY2025, all sponsored titles, 8 states)	2026-09-19	Current, evidenced, actively-filing sponsor. No stated wall in the JD.	https://www.linkedin.com/jobs/view/4469500460
Affirm	Affirm, Inc.	TIER-1	BUILD	104 LCAs FY2025 (103 approved, 0 denied); ~92 LCAs per another snippet	93 I-129 petitions FY2025, 92 approved, 1 denied	not needed (TIER-1)	median salary $165,000 (FY2025, all sponsored titles)	2026-09-19	Large, current, actively-filing sponsor (public fintech, SF HQ, ~1,828 employees). No stated wall in either Revenue Operations Lead req (SF or San Jose); one verdict covers both.	https://www.linkedin.com/jobs/view/4459434906
Decagon	Decagon AI, Inc.	TIER-1	BUILD	12 LCAs FY2025, 11 LCAs FY2026 (11/11 approved, 100%)	not itemized by req	not needed (TIER-1, thin-but-current evidence)	median salary $240,000 (FY2025-26, sponsored positions); average prevailing wage $176,175	2026-09-19	Small but real, current-year AI startup sponsor (San Francisco). No stated wall in the JD.	https://www.linkedin.com/jobs/view/4450772527
Amazon Web Services (AWS)	Amazon.com Services LLC (also files independently as Amazon Web Services, Inc.)	TIER-1	BUILD	Amazon.com Services LLC: 15,227-15,529 LCAs FY2025 (two sources), ranked #1 among all visa sponsors	15,196 approved / 3 denied of 15,227 filed (one source)	not needed (TIER-1)	median salary $157,259 (FY2025, all sponsored titles)	2026-09-19	The single largest H-1B filer in the US by volume. No stated wall in either AWS req (Specialist Strategy & Sales Ops Lead, Senior PM Technical Aurora); one verdict covers both.	https://www.linkedin.com/jobs/view/4460819003
TalentHop	TalentHop (recruitment/staffing intermediary; true hiring employer withheld on both reqs in this batch)	N/A	NO-BUILD	not applicable -- employer identity unknown	not applicable	not applicable	not found	2026-09-19	Both TalentHop reqs in this batch are agency postings that never name the actual hiring company: Revenue Operations Specialist describes only "the talent optimization industry... trusted by over 10,000 companies" and states "TalentHop is a recruitment partner of this role... all employment decisions... made exclusively by the hiring employer" without naming that employer; Sales Operations Specialist describes only "network testing, monitoring, and assurance... military and aerospace... light management technologies" (plausibly a real company, e.g. an optics/network-test firm, but never named) and states "TalentHop is not the Employer of Record (EOR) for this role." Per nightly-rules.md, an agency posting with no named employer means the work-authorization gate cannot run. NO-BUILD regardless of role quality; not researched further to avoid guessing the hidden employer's identity from indirect clues.	https://www.linkedin.com/jobs/view/4466966990
Warner Bros. Discovery	Warner Bros. Entertainment Inc. (primary US H-1B-filing subsidiary of Warner Bros. Discovery, Inc.)	TIER-1	BUILD	2 LCAs FY2025 (recent slowdown); 54 LCAs historical total across 4 states; 19 LCAs + 4 LCs (green card) FY2022-24	not itemized by req	not needed (TIER-1, historical + current evidence)	median salary $126,525 (FY2025, sponsored titles)	2026-09-19	Real, evidenced sponsor with a longer track record (54 historical LCAs) though FY2025 volume is thin (2) -- flag as a recent slowdown, similar to the Calm precedent in this file. No stated wall in the JD; only standard EEO boilerplate mentioning "citizenship status" as a protected non-discrimination category.	https://www.linkedin.com/jobs/view/4469298515
Cyngn	Cyngn Inc.	TIER-1	BUILD	50 H1B records on h1bdata.info (aggregate across job titles/years); could not isolate a single FY2025 LCA count from WebSearch snippets alone	not itemized	not needed (TIER-1, thin evidence)	median salary $142,000 (all H1B records); Menlo Park 2023 subset showed median $180,000	2026-09-19	Small NASDAQ-listed ($CYN) industrial-AV software company (Menlo Park). Direct company-name search collided with unrelated Cigna/Cignex records (not used); a follow-up site:h1bdata.info query confirmed real "Cyngn Inc" H1B history, concentrated in engineering roles. No stated wall in the JD.	https://www.linkedin.com/jobs/view/4433020234
Zip	ZipHQ, Inc.	TIER-1	BUILD	32 LCAs FY2025 + 7 LCs (green card) per one source; 25 LCAs FY2025 (25/25 approved, 100%) per another	not itemized by req	not needed (TIER-1)	not found (no median salary isolated from snippets)	2026-09-19	Confirmed correct entity: ZipHQ, Inc. (San Francisco, "Finance and Insurance" industry classification, 134 employees, founded 2020) matches the JD's description of an AP-automation/procurement platform. Explicitly did NOT use "Zip Co US Inc" data (an unrelated Australian buy-now-pay-later company's US entity) despite it surfacing in the same search -- classic brand-name collision per visa-evaluator.md Step 2. No stated wall in the JD.	https://www.linkedin.com/jobs/view/4432175417
Fivetran	Fivetran, Inc.	TIER-1	BUILD	11 LCAs FY2025; 35 LCAs historical total across 7 states	not itemized	not needed (TIER-1)	median salary $187,533 (sponsored positions, all years)	2026-09-19	Real, evidenced, current-year sponsor (data-pipeline SaaS, Oakland HQ). No stated wall in the JD.	https://www.linkedin.com/jobs/view/4433022955
Palo Alto Networks	Palo Alto Networks, Inc.	TIER-1	SPONSOR/BUILD	541-588 LCAs FY2025 (two sources)	not itemized by req	not needed (TIER-1)	median salary $164,569-$163,800 (FY2025, sponsored positions)	2026-09-19	JD itself states (extraction pass, verbatim): "Is role eligible for Immigration Sponsorship?: Yes" -- direct employer-stated sponsorship signal for this exact req, corroborated by large current-year LCA volume via WebSearch. Fastest, strongest possible TIER-1 signal; the company's other req in this batch (Transfer Pricing Economist Manager) was already dropped upstream for exceeding the experience cap and needed no gate action.	https://www.linkedin.com/jobs/view/4458428822
Drata	Drata, Inc.	TIER-1	BUILD	3 LCAs FY2022-24; 0 LCAs filed in the first two quarters of FY2025 per one source	not itemized	not needed (TIER-1, historical evidence + recent slowdown)	not found	2026-09-19	Real historical sponsor but a visible recent slowdown (0 new FY2025 LCAs in the data available) -- flag for the candidate, same pattern as the Calm precedent in this file. No stated wall in the JD.	https://www.linkedin.com/jobs/view/4460531302
Column	Column, Inc. / Column National Association (banking-infrastructure company founded by William Hockey, ex-Plaid; not confirmed under either name)	TIER-3	BUILD (downgrade)	no LCA history found under "Column, Inc." or "Column National Association" via WebSearch after 4 lookups (cap reached)	not found	not checked; CA-based (San Francisco) -- no E-Verify mandate (AB 1236 restricts its use), so absence of evidence proves nothing	not found	2026-09-19	Classic name-collision risk (visa-evaluator.md Step 2): search results repeatedly surfaced "Column Technologies Inc/LLC," an unrelated Lombard, IL IT-services/managed-services company with old, mostly-lapsed LCA history (33 LCAs 2017-2021, 0 in FY2026) -- explicitly NOT used for this verdict. No confirmed public filing footprint found for the actual fintech "Column" under any legal-entity variant tried. Genuinely unstated + unconfirmed = TIER-3 (downgrade, not skip), consistent with the Percona precedent in this file.	https://www.linkedin.com/jobs/view/4424259448
ŌURA	Ouraring, Inc. (US operating subsidiary of Oura Health Oy, Finland)	TIER-1	BUILD	2 LCAs FY2025 (all certified), 1 LC (green card)	not itemized	not needed (TIER-1, thin evidence)	median salary $153,088 (FY2025, sponsored positions)	2026-09-19	Small but real, current-year sponsor. No stated wall in the JD; only standard EEO boilerplate.	https://www.linkedin.com/jobs/view/4420765422
NVIDIA	NVIDIA Corporation	TIER-1	BUILD	2,002 LCAs FY2025	not itemized by req	not needed (TIER-1)	median salary $173,239 (one source) / $170,914 (another), FY2025 sponsored positions	2026-09-19	One of the largest H-1B filers in the US; "H-1B dependent employer" classification is a legal DOL category based on workforce ratio, not a wall or a negative signal. No stated wall in the JD.	https://www.linkedin.com/jobs/view/4413840572
6sense	6sense Insights, Inc.	TIER-1	BUILD	22 LCAs FY2025 (22/22 approved, 100%)	not itemized	not needed (TIER-1)	median salary $172,931 (FY2025, sponsored positions)	2026-09-19	Real, current-year, fully-approved sponsor (martech, San Francisco). JD's only sponsorship-adjacent text is the generic application question "Will you now or in the future require visa sponsorship?", posed to all candidates -- not a stated restriction. One verdict covers both 6sense reqs (Partner Marketing Manager, Staff Product Manager - Agentic Platform).	https://boards.greenhouse.io/6sense/jobs/8055700?gh_jid=8055700
Intercom	Salesforce, Inc. (JD identifies the hiring entity as "Fin, now part of Salesforce")	TIER-1	BUILD	1,848 LCAs FY2025	not itemized by req	not needed (TIER-1)	median salary $178,100 (FY2025, sponsored positions)	2026-09-19	Per extraction-pass flag, searched the parent's legal entity (Salesforce, Inc.) rather than Intercom's, since the JD states Fin/Intercom's AI product team is "now part of Salesforce." Salesforce is one of the largest H-1B filers in the US. JD extraction notes sponsorship "is available for some roles (not stated which)" -- ambiguous on its own, but the Salesforce parent-entity filing volume settles it as TIER-1.	https://job-boards.greenhouse.io/intercom/jobs/8196135
Cursor	Anysphere, Inc.	TIER-1	SPONSOR/BUILD	7 LCAs FY2026 (6 approved, 0 denied) per h1bgrader-derived WebSearch snippet, entity "Anysphere INC", San Francisco	not itemized separately (6/7 certified per LCA snippet)	not needed (TIER-1)	not found for this req (only Software Engineer titles indexed in snippets; JD itself states comp band "Not stated")	2026-09-19	Small but real, current fiscal-year sponsor. JD extraction pass found "No sentence found in the JD body matching sponsorship/visa/citizenship/clearance/degree/graduation-year language" -- confirmed on re-read, pure silence, not a wall. Only engineering titles surfaced in filing snippets; this req (Deal Desk Analyst) is a different job family, but per visa-evaluator.md sponsorship is a property of the EMPLOYER, not the posting, so employer-wide evidence applies. WebSearch aggregation only (h1bgrader/myvisajobs block automated fetch).	https://jobs.ashbyhq.com/cursor/4a1f9223-627b-4582-a038-0d7005d7a31d
Plaid	Plaid Inc.	TIER-1	SPONSOR/BUILD	42 LCAs FY2025 + 29 LCs (green card) per MyVisaJobs (ranked #1,294); other sources show 1-400 LCAs depending on entity-name variance/timing -- used the MyVisaJobs FY2025 figure as primary	all petitions certified per MyVisaJobs snippet; not itemized numerically	not needed (TIER-1)	stated $160.8K-$200.4K (JD comp band); LCA data shows avg $201,811 (GradJobs), broadly corroborating	2026-09-19	Large, established fintech, real current-year sponsor. JD's only sponsorship-adjacent text is standard EEO non-discrimination boilerplate ("We do not discriminate based on race, color, national origin... or other applicable legally protected characteristics") -- not a wall. No OPT/CPT or citizenship requirement found.	https://jobs.ashbyhq.com/plaid/2482391e-a6c0-433f-9f6d-5221ee296d22
Vercel	Vercel Inc.	TIER-1	SPONSOR/BUILD	7 LCAs FY2025 (100% certified) per one snippet; 27 LCAs historical total across 5 states per h1btrends/elevatestaffing aggregation	14 adjudicated I-129 petitions, 100% approval rate (h1btrends)	not needed (TIER-1)	stated per-req: Growth Marketing Mgr $176,000-$220,000 (SF base); Performance Marketing Mgr $150,000-$188,000 (SF base). LCA median $196,250 (all titles) corroborates.	2026-09-19	Real, current-year sponsor (the Next.js/v0/AI SDK company). Both reqs in this batch (Growth Marketing Manager Agent Stack, Performance Marketing Manager) carry identical, standard EEO non-discrimination boilerplate mentioning "citizenship" only as a protected non-discrimination category -- not a wall. One verdict covers both.	https://job-boards.greenhouse.io/vercel/jobs/6016765004
MongoDB	MongoDB, Inc.	TIER-1	SPONSOR/BUILD	163 LCAs FY2025 + 37 LCs (green card) per MyVisaJobs (ranked #374, 3 denied/withdrawn); other sources show 116-141 depending on methodology/timing	not itemized by req	not needed (TIER-1)	stated $104,000-$204,000 (JD U.S. base salary range)	2026-09-19	Large, heavily evidenced current-year sponsor (public database company, 67,000+ customers). Extraction-pass flag resolved on close re-read: JD states verbatim "No security clearance or prior government employment required" and lists FedRAMP/DoD Impact Levels/CMMC/ITAR only under "Stand-out qualifications / Nice to haves" (optional familiarity), never as a requirement -- this is reassurance, not a wall. "U.S. work authorization required" is the generic non-wall phrasing per visa-evaluator.md Step 1.	https://www.mongodb.com/careers/job/?gh_jid=8072861
Robinhood	Robinhood Markets, Inc.	TIER-1	SPONSOR/BUILD	174 LCAs FY2025 + 46 LCs (green card) per MyVisaJobs (ranked #361, 3 LCAs + 1 LC denied/withdrawn); separately 26 LCAs FY2026 (25 approved) per h1bgrader-derived snippet	not itemized by req	not needed (TIER-1)	stated Zone 1 (Menlo Park, CA; New York, NY) $166,000-$195,000 (JD)	2026-09-19	Large, current, actively-filing fintech sponsor. Checked closely per the task's "Capital Markets" flag: the role is a retail-investor-facing product role (IPO Access, Robinhood Ventures, private-market access), not a regulated-securities-license or clearance position -- no citizenship/clearance/export-control language found anywhere in the JD body, only standard EEO/accommodations language.	https://boards.greenhouse.io/robinhood/jobs/8204521
Poshmark	Poshmark, Inc.	TIER-1	SPONSOR/BUILD	20 LCAs FY2025 per MyVisaJobs (14 per an alternate h1bgrader-derived count -- source variance); not classified as H-1B dependent employer	not itemized	not needed (TIER-1)	stated $113,725-$160,637 (JD); LCA median $170,000 (all sponsored titles, company-wide) corroborates active sponsorship	2026-09-19	Real, current-year sponsor (Naver-owned fashion resale marketplace). No stated wall found in the JD.	https://jobs.ashbyhq.com/poshmark/ececfb81-83b4-46f3-99b0-040a8a43a268
Instacart	Maplebear Inc. (dba Instacart)	TIER-1	SPONSOR/BUILD; Canada-remote req in this batch (gh_jid=8203109) is out of scope, not a wall	168 LCAs FY2025 + 26 LCs (green card) per MyVisaJobs (ranked #389, 4 denied/withdrawn); 491 historical H1B approvals at 99.39% approval rate per h1bgrader/offergenie aggregation	491 historical approvals, 99.39% approval rate (aggregate, not itemized by req)	not needed (TIER-1)	US-remote req (gh_jid=8203107) JD-stated, varies by location band: CA/NY/CT/NJ $221,000-$233,000; WA $212,000-$223,500; other listed states $203,000-$214,000; all other US states $184,000-$194,000	2026-09-19	Large, heavily evidenced current-year sponsor. No stated wall in either JD. SCOPE NOTE: of the two reqs in this batch, one (gh_jid=8203109) is explicitly restricted to "Ontario, Alberta, British Columbia, and Nova Scotia" (Canada) hiring only -- out of scope for a US work-authorization gate regardless of employer sponsorship status, since the candidate holds US-only F-1/STEM-OPT authorization. That req is being dropped as out-of-scope (recorded in the seen-jobs ledger as DROP:non-us-role, not written to skip-list.tsv since it is not a visa-wall SKIP). The US-remote req (gh_jid=8203107) survives at TIER-1 and is the one written to gated.tsv.	https://instacart.careers/job/?gh_jid=8203107
Demandbase	Demandbase, Inc.	TIER-1	SPONSOR/BUILD	49 total LCA/salary records on h1bdata.info across 2019-2026 (confirmed via direct WebFetch + `grep -o` row count method, not WebSearch snippet -- WebSearch snippets alone were thin/stale, surfacing only a single 2022 record); includes current FY2026 filings (Staff Software Engineer x4, Sr. Advertising Campaign Strategist) and FY2025 filings (Principal Product Manager Data Products $225,000, Software Engineer II, Director Cloud Engineering, Team Lead Principal Support Engineer)	not itemized; h1bdata.info salary rows do not carry approval status, no denial signal found	not needed (TIER-1)	not stated in JD; h1bdata.info shows company-wide median ~$200,000 across all titles/years; the one PM-marketing-adjacent title on record is dated and lower (Senior Product Marketing Manager, $110,000, FY2022) -- flag as thin/dated for this specific job family	2026-09-19	Confirmed current, actively-filing sponsor via direct h1bdata.info fetch (h1bgrader/myvisajobs WebSearch snippets alone were too thin to confirm on their own). No stated wall in the JD.	https://jobs.ashbyhq.com/demandbase/67ada533-3bd1-4127-94ed-1d0ca0bf75eb
Workato	Workato, Inc.	TIER-1	SPONSOR/BUILD	15 LCAs FY2025 (0 PERM) per Ellis; 7 LCAs FY2025 H1-2 + 2 PWD requests per MyVisaJobs; 95 LCAs historical total across 11 states per Ellis aggregate	not itemized	not needed (TIER-1)	median $125,000 (all sponsored titles, all years) per Ellis; not stated in either JD	2026-09-19	Real, current-year sponsor, not classified as H-1B dependent. No stated wall in either JD (Senior PM Enterprise MCP/AI Control Plane, Staff PM Developer Tools). One verdict covers both reqs.	https://www.workato.com/careers?gh_jid=8676108002
TogetherAI	Together Computer, Inc. (dba Together AI)	TIER-1	SPONSOR/BUILD	20 LCAs FY2025 (all certified) + 1 LC (green card) under "Together Computer, Inc." (ranked #4,143 among sponsors) per MyVisaJobs-derived snippet	not itemized; "all petitions certified" per snippet	not needed (TIER-1)	stated per-req: Product Manager AI Infrastructure $175,000-$220,000; Senior PM Model APIs & Developer Experience $200,000-$280,000. LCA avg wage $213,545 (Together Computer, all roles) corroborates.	2026-09-19	Legal entity resolved per task flag: "TogetherAI" the brand is legally Together Computer, Inc. (Delaware corp, Menlo Park CA), confirmed via WebSearch corroboration (ZoomInfo/PrivCo and the LinkedIn company handle "togethercomputer"). Real, current-year sponsor, not H-1B dependent. No stated wall in either JD; only standard EEO non-discrimination boilerplate (citizenship listed only as a protected non-discrimination category). One verdict covers both reqs.	https://job-boards.greenhouse.io/togetherai/jobs/5172169007
Scale AI	Scale AI, Inc.	TIER-1	SPONSOR/BUILD	78 LCAs FY2025 per Ellis-derived snippet; not classified as H-1B dependent employer	48 I-129 petitions FY2025 (47 approved, 1 denied, ~98%) per MyVisaJobs-derived snippet; 3 PERM green card petitions FY2025	not needed (TIER-1)	stated $171,200-$214,000 (SF/NY/Seattle, JD)	2026-09-19	Large, heavily evidenced current-year sponsor. JD's company-level description mentions work with "U.S. government agencies including the Army and Air Force" and "defense applications," but this specific req (AI Product Manager, Coding/Multimodal, Gen AI Sales dept) states no clearance/citizenship/export-control requirement anywhere in the body -- only a broad "Bachelor's degree in Computer Science, Engineering, Business, or a related field (or equivalent practical experience)" line and standard EEO boilerplate (both quoted in the JD's own extraction). Checked closely per the task's own flag; no wall found.	https://job-boards.greenhouse.io/scaleai/jobs/4609736005

Databricks	Databricks, Inc.	TIER-1	SPONSOR/BUILD	384 LCAs FY2025 (h1bgrader) / 393 LCAs + 119 LCs FY2025 (MyVisaJobs); 1,444 historical LCAs across 1,452 positions, 26 states; ranked #133 among all sponsors; not H-1B dependent	176-180 I-129 petitions FY2026, 175 approved / 1 denied (~99%)	not checked (TIER-1, filing evidence sufficient)	median $153,227 (all sponsored titles, all years)	2026-09-20	Large, heavily evidenced, current-year H-1B sponsor. Neither req states an OPT/CPT exclusion or citizenship/clearance requirement per the caller-supplied extraction: Sr. PM Databricks AI has no sponsorship/citizenship sentence at all; Staff PM Agentic AI Applications has only standard EEO boilerplate plus a discretionary export-control-license clause ("If access to export-controlled technology or source code is required..., Employer may decline to proceed with an applicant on this basis alone") -- generic large-tech boilerplate, not a stated requirement against this candidate, per nightly-rules.md "not walls" guidance. One verdict covers both reqs.	https://h1bgrader.com/h1b-sponsors/databricks-inc-nokpn1vn04/lca/2025
Airwallex	Airwallex US, LLC	TIER-1	SPONSOR/BUILD	51 historical H1B applications + 1 PERM green card petition (Ellis); 3 LCAs FY2026 (3/3 certified, 100%); 33 LCAs+LCs FY2025	not itemized separately from LCA count in snippets; 3/3 FY2026 LCAs certified	not checked (TIER-1, filing evidence sufficient)	avg salary $212,625 across 51 historical filings (h1bgrader/Ellis aggregate)	2026-09-21	Confirmed correct entity "Airwallex US, LLC" via h1bgrader/Ellis. Real, current, actively-filing sponsor; no H-1B-dependent flag surfaced. None of the 10 Airwallex JDs in tonight's batch (Staff PM Corporate Site, Staff PM Embedded Finance, Manager Performance Marketing Brandformance, Manager Performance Marketing Paid Social, Senior PM Identity & User Security, Senior PM AI Risk & Onboarding, PMM Spend, Growth Content Marketing Manager, Senior PM Identity & Authentication, Manager Performance Marketing Paid Search) state an OPT/CPT exclusion or citizenship/clearance requirement -- only standard EEO non-discrimination boilerplate ("We don't regard... citizenship... when making our hiring decisions"). One verdict covers all 10 reqs.	https://h1bgrader.com/h1b-sponsors/airwallex-us-llc-l0yvn5jp0x ; https://www.ellis.com/visa-sponsors/airwallex-us-llc
Baseten	Baseten Labs, Inc.	TIER-1	SPONSOR/BUILD	8 LCAs FY2025 (all certified), ranked #12,405 among all visa sponsors; 14 salary records on h1bdata.info	not itemized; "all petitions certified" per MyVisaJobs-derived snippet	not checked (TIER-1, filing evidence sufficient)	median salary $185,442 (h1bdata.info, 14 records; 29% above $200K, 50% $150K-$200K)	2026-09-21	Real, small-but-evidenced current-year sponsor (AI model-serving infrastructure, San Francisco). No stated wall in the JD (Product Marketing Manager, Training) -- pure silence on sponsorship, only the standard EEO boilerplate.	https://www.myvisajobs.com/employer/baseten-labs/ ; https://h1bdata.info/index.php?em=baseten+labs+inc
Brex	Brex, Inc.	TIER-1	SPONSOR/BUILD	35 LCAs FY2025 + 13 LCs (green card); 13 LCAs FY2026 (13/13 certified, 100%); 224 historical applications total	13 I-129 petitions FY2026, 12 approved / 1 denied (~92%)	not checked (TIER-1, filing evidence sufficient)	avg salary $160,177 (224 historical filings, h1bgrader aggregate)	2026-09-21	Large, current, actively-filing fintech sponsor. Neither Brex req in tonight's batch (Senior Growth Marketing Manager Paid Social; Senior Product Manager AI) states an OPT/CPT exclusion or citizenship/clearance requirement -- extraction pass found no sponsorship sentence in either JD body, only standard EEO boilerplate. One verdict covers both reqs.	https://h1bgrader.com/h1b-sponsors/brex-inc-82wry63jk1 ; https://www.myvisajobs.com/employer/brex/
Harvey	Counsel AI Corporation (dba Harvey; the generative-AI-for-legal company at harvey.ai)	TIER-1	SPONSOR/BUILD	9 LCAs FY2022-2024 (1 denied/withdrawn), ranked #18,172 among all visa sponsors	not itemized by year in snippet	not checked (TIER-1, filing evidence sufficient)	not found (no median salary isolated from snippets); JD itself states comp band $136K-$204K for this req	2026-09-21	Name-collision risk flagged and avoided per nightly-rules.md Step 2: searching bare "Harvey" surfaces "Harvey Nash INC" (unrelated UK-origin IT staffing firm, 62 LCAs FY2025) and "Harvey Tool" (unrelated Rowley MA manufacturer) -- neither used. Re-searched under the correct legal entity, "Counsel AI Corporation," confirmed via Wikipedia ("Harvey is a generative artificial intelligence product developed by the Counsel AI Corporation") -- real, evidenced (thin) sponsor. No stated wall in the JD (Senior Performance Marketing Manager, Paid Social) -- pure silence on sponsorship.	https://h1bgrader.com/h1b-sponsors/counsel-ai-corporation-82woy7pdk1/lca ; https://en.wikipedia.org/wiki/Harvey_(software)
Smalls	Smalls (legal entity unconfirmed; DTC pet-food company, HQ New York NY, founded 2016; searched "Smalls Inc" and "Smalls PBC" variants, neither confirmed)	TIER-3	BUILD (downgrade)	no LCA/H1B records found for "Smalls" via WebSearch aggregation or h1bdata.info site-search (cap of 4 lookups reached; results returned only unrelated "Smalls" name matches -- Tionna T. Smalls, Tijuana Smalls cigarettes, "Small Business Accountax Ltd" -- none used)	not found	not confirmed via WebSearch of e-verify.gov (no employer-specific record surfaced); HQ is New York, NY, which is NOT one of the states that compel E-Verify by statute (FL/TN/AZ/AL/GA/MS/NC/SC/UT/LA), so the state-shortcut does not apply and absence of evidence is inconclusive, not a negative	not found (JD states $155K-$185K + equity for this req, not an LCA-sourced figure)	2026-09-25	No sponsorship language, no citizenship/clearance/OPT-CPT wall, and no degree-field/graduation-year requirement found in the JD body per extraction pass ("No language regarding work authorization, visa sponsorship, citizenship, clearance, or degree requirements found in the posting"). Small DTC startup with no confirmed public H1B filing footprint under any legal-entity variant tried, and E-Verify status could not be established. Genuinely unstated + unconfirmed E-Verify = TIER-3 per tier order (downgrade, not skip), consistent with the Tint/Rula/Column precedents in this file.	https://jobs.ashbyhq.com/smalls/adff6305-722b-46c7-b2c4-3bb612e0c85c
LangChain	LangChain, Inc.	TIER-1	SPONSOR/BUILD	6 LCAs FY2025 (6/6 certified, 100%); not classified as H-1B dependent employer	4 I-129 petitions, 4/4 approved (100%)	not checked (TIER-1, filing evidence sufficient)	not found (no median salary isolated from snippets)	2026-09-21	Small but real, current-year AI-agent-infrastructure sponsor. No stated wall in the JD (Solutions Marketing Manager) -- pure silence on sponsorship, only standard EEO boilerplate.	https://h1bgrader.com/h1b-sponsors/langchain-inc-d0g4m7r70o
Sprout Social	Sprout Social, Inc.	TIER-1	SPONSOR/BUILD (thin evidence)	3 LCAs FY2025 (all certified), ranked #27,098 among all visa sponsors (MyVisaJobs)	not itemized separately from LCA figures	not needed (TIER-1, filing evidence found); JD itself also states "Sprout participates in E-Verify in certain locations as legally required"	JD-stated Current Hiring Range $94,400-$118,000/yr; Zone 1 (NY/CA/WA) $103,800-$155,800; Zone 2 (other US) $94,400-$141,600	2026-09-24	Small but real, current-year (FY2025) sponsor under the correct legal entity "Sprout Social, Inc." (search results distinguished from unrelated "Sprouts INC" h1bgrader record, not used). No sponsorship/citizenship/OPT-CPT wall in the JD -- pure silence beyond the qualified E-Verify note.	https://www.myvisajobs.com/employer/sprout-social/
The Judge Group	The Judge Group, Inc.	TIER-3	BUILD (downgrade)	0 LCAs filed FY2022-2024 per MyVisaJobs; historical sponsorship activity found for 2017-2022 only ("has not filed any H-1B records in the past eight years" per one snippet, contradicting a separate "sponsored foreign workers between 2017 and 2022" line in the same aggregate -- treating as stale/inactive)	not found	not checked; Wayne, PA HQ is not one of the statutory E-Verify-mandate states (FL/TN/AZ/AL/GA/MS/NC/SC/UT/LA); a follow-up WebSearch for "Judge Group E-Verify participant" found no confirmation either way	JD-stated $70.00/hr-$90.00/hr (contract position)	2026-09-24	This is a staffing agency posting a CONTRACT role (Growth Marketing Manager - Developer, Mountain View CA) for an unnamed client; unlike TalentHop, the JD contains no "not the Employer of Record" disclaimer, so The Judge Group itself is presumably the W2 employer of record for the contract per its published "Work Visa and Sponsorship Support" service line -- gate runs against Judge Group. No current (FY2022-24) LCA filings found; historical 2017-2022 activity likely reflects internal recruiting/corporate staff rather than placed contractors (staffing-role caveat per nightly-rules.md). JD itself states no sponsorship/citizenship/clearance sentence -- pure silence, not a wall. Genuinely unstated + unconfirmed E-Verify + stale filing history = TIER-3 (downgrade, not skip).	https://www.myvisajobs.com/Visa-Sponsor/The-Judge-Group/1148193.htm ; https://www.judge.com/talent-staffing-executive-search/it-staffing/work-visa-and-sponsorship-support/
Recor Medical	ReCor Medical, Inc.	TIER-1	SPONSOR/BUILD	9 LCAs FY2022-2024 (all certified) + 1 LC (green card), ranked #16,901 among all visa sponsors (MyVisaJobs)	all petitions certified per MyVisaJobs-derived snippet	not needed (TIER-1, filing evidence found)	JD-stated $166,000-$188,000 (annual base salary)	2026-09-24	Real, evidenced sponsor under the correct legal entity "ReCor Medical, Inc." (Palo Alto CA medical-device company, Otsuka subsidiary). No sponsorship/citizenship/clearance wall in the JD -- only a required Bachelor's degree (MBA preferred), not an exclusionary field requirement.	https://www.myvisajobs.com/Visa-Sponsor/Recor-Medical/1390037.htm ; https://h1bgrader.com/h1b-sponsors/recor-medical-inc-dvk41vynkw
Whatnot	Whatnot, Inc.	TIER-1	SPONSOR/BUILD	35 LCAs FY2025 (all certified) + 3 LCs (green card), ranked #2,270 among all visa sponsors; 6 LCAs FY2026 (6/6 approved) per a separate snippet	100% LCA approval rate per MyVisaJobs; 6/6 approved FY2026 per h1bgrader	not needed (TIER-1, filing evidence strong)	JD-stated $126,000-$165,000/yr (base pay)	2026-09-24	Large, current, actively-filing sponsor (livestream-shopping marketplace, Culver City CA). No sponsorship/citizenship/clearance/OPT-CPT wall in the JD -- pure silence.	https://www.myvisajobs.com/Visa-Sponsor/Whatnot/1487248.htm ; https://h1bgrader.com/h1b-sponsors/whatnot-inc-w2xp787mk3
Hover	Hover, Inc.	TIER-1	SPONSOR/BUILD	33 LCAs FY2022-2024 (4 denied/withdrawn) + 3 LCs (green card), ranked #6,562 among all visa sponsors (MyVisaJobs)	not itemized separately from LCA figures	not needed (TIER-1, filing evidence found)	JD-stated $132,000-$163,000 annually (US base)	2026-09-24	Real, evidenced sponsor (AI-built 3D property models, home-improvement/insurance-tech). No sponsorship/citizenship/clearance/OPT-CPT wall in the JD -- pure silence.	https://www.myvisajobs.com/Visa-Sponsor/Hover/1231249.htm ; https://h1bgrader.com/h1b-sponsors/hover-inc-op0lnqezkl
Casechek	CaseChek, Inc.	TIER-3	BUILD (downgrade)	no LCA/H1B filing history found under "Casechek Inc" or "CaseChek Inc" via WebSearch after 2 lookups (results surfaced only unrelated "Case Construction Equipment" and generic database landing pages, not used)	not found	not checked; Chicago, IL HQ is not one of the statutory E-Verify-mandate states (FL/TN/AZ/AL/GA/MS/NC/SC/UT/LA), so absence of evidence proves nothing	JD-stated $120,000-$150,000	2026-09-24	Small Series A healthcare-procurement software company (Chicago, founded 2014, $12.9M raised). No confirmed public H1B filing footprint found. No sponsorship/citizenship/clearance/OPT-CPT wall in the JD -- only a required Bachelor's degree in Marketing/Business Administration or a relevant field (MBA preferred), not exclusionary. Genuinely unstated + unconfirmed = TIER-3 (downgrade, not skip).	https://www.casechek.com/ ; https://tracxn.com/d/companies/casechek/__uAYnZJxAEL0kF6lqES048MuIfxRCoGgZqGS5Bb-_Ir8
Learneo	Learneo, Inc.	TIER-1	SPONSOR/BUILD	23 LCAs FY2022-2024 (1 denied/withdrawn), ranked #9,513 among all visa sponsors (MyVisaJobs)	not itemized separately from LCA figures	not needed (TIER-1, filing evidence found)	JD-stated by location band: CA/NY $151,000-$256,000; MA/WA $151,000-$232,000; MN/NJ $151,000-$205,000; CO/IL $133,000-$205,000; VT $133,000-$179,000	2026-09-24	Real, evidenced sponsor (parent of Course Hero/Fiveable/LitCharts/CliffsNotes edtech brands). No sponsorship/citizenship/clearance/OPT-CPT wall in the JD -- pure silence.	https://www.myvisajobs.com/employer/learneo/
Sardine	SardineAI Corp	TIER-1	SPONSOR/BUILD	8 LCAs FY2025 (2 denied/withdrawn), ranked #11,335 among all visa sponsors (MyVisaJobs)	not itemized separately from LCA figures	not needed (TIER-1, filing evidence found)	JD comp not stated ("Generous compensation in cash and equity" -- no numeric band)	2026-09-24	Real, current-year sponsor under legal entity "SardineAI Corp" (fintech fraud/compliance platform). No sponsorship/citizenship/clearance/OPT-CPT wall in the JD -- pure silence.	https://www.myvisajobs.com/Visa-Sponsor/Sardineai-Corp/1437419.htm ; https://h1bgrader.com/h1b-sponsors/sardineai-corp-okprgpvy24
Outreach	Outreach Corporation	TIER-1	SPONSOR/BUILD	10 LCAs FY2025 (1 denied/withdrawn) + 1 LC (green card), ranked #7,845 among all visa sponsors (MyVisaJobs)	not itemized separately from LCA figures	not needed (TIER-1, filing evidence found)	JD-stated per req: Senior Global Partner Marketing Manager $110,000-$135,000/yr; Senior Performance Marketing Manager $110,000-$140,000/yr	2026-09-24	Real, current-year sponsor (sales-engagement software, Seattle). Neither open Outreach req in this batch states a sponsorship/citizenship/clearance/OPT-CPT wall -- pure silence in both. One verdict covers both reqs.	https://www.myvisajobs.com/employer/outreach/
Perplexity	Perplexity AI, Inc.	TIER-1	SPONSOR/BUILD	13-14 LCAs FY2025 (source variance: 13 per one MyVisaJobs-derived snippet, 14 per another, 10 per a third methodology), not classified as H-1B dependent employer	all petitions certified per snippet	not needed (TIER-1, filing evidence found)	median salary $187,533 (FY2025, sponsored positions, WebSearch aggregate); none of the 8 open Perplexity reqs in this batch state a numeric JD comp band	2026-09-24	Real, current, actively-filing AI-search-company sponsor under correct entity "Perplexity AI, Inc." None of the 8 open reqs in tonight's batch (PMM Partnerships, Associate PMM, Demand Generation Lead, Field Marketing Manager, Product Manager Builder, GTM Strategy & Operations Lead, Revenue Operations Analyst, Product Manager Mobile Apps) states a sponsorship/citizenship/clearance/OPT-CPT wall -- pure silence in all eight (one, GTM Strategy & Operations Lead, has a generic "Bachelor's degree or equivalent experience" line, not a field requirement). One verdict covers all 8 reqs.	https://www.myvisajobs.com/employer/perplexity-ai/ ; https://h1bgrader.com/h1b-sponsors/perplexity-ai-inc-d0g9j5dqko
Writer	Writer, Inc. (entity match NOT confirmed -- see evidence)	TIER-3	BUILD (downgrade)	ambiguous: a same-named "Writer Inc" record on h1bdata.info shows 3 H1B holders in New York (median $200,000) and 1 in Carrollton, TX (median $120,000) -- neither location matches the San Francisco HQ of the generative-AI company (writer.com); entity match not confirmed after 4 lookups (cap reached)	not confirmed	not checked; CA-based (San Francisco HQ) -- no E-Verify mandate (AB 1236 restricts its use), so absence of evidence proves nothing	not confirmed (entity match ambiguous; NY/Carrollton figures NOT used as this employer's anchor)	2026-09-21	"Writer" is a generic, collision-prone brand name (visa-evaluator.md Step 2). 4 WebSearch lookups found only a same-named "Writer Inc" filing geographically inconsistent (NY, Carrollton TX) with the SF-headquartered AI-writing company (founded 2020, May Habib/Waseem AlShikh) -- not confirmed to be the same legal entity, so NOT used for this verdict. No confirmed public filing footprint found for the correct employer under any variant tried. JD's only sponsorship-adjacent text is standard EEO non-discrimination boilerplate ("We don't make hiring or employment decisions based on... citizenship...") -- not a wall. Genuinely unstated + unconfirmed = TIER-3 (downgrade, not skip), consistent with the Column/Percona precedent in this file.	https://h1bdata.info/index.php?city=new+york (Writer Inc entry, entity match unconfirmed) ; https://en.wikipedia.org/wiki/Writer_Inc.
Snap Inc	Snap Inc.	TIER-1	SPONSOR/BUILD	366 LCAs FY2025 (Ellis) / 404 LCAs + 65 LCs FY2025 (MyVisaJobs) / 332 LCAs FY2025 (h1bgrader); 2,162 historical LCAs across 3,212 positions, 14 states; not H-1B dependent	324/332 I-129-adjacent LCAs approved FY2025 (~97%) per h1bgrader; 2 PERM green card petitions FY2025 (Ellis)	not checked (TIER-1, filing evidence sufficient)	median $144,726 (Ellis, FY2025, all sponsored titles)	2026-09-21	Large, heavily evidenced, current-year sponsor. Name-collision risk flagged and avoided per nightly-rules.md Step 2: WebSearch surfaced unrelated "SnapLogic, Inc.", "Snap Interactive INC", "Snap on Incorporated", and "Snap Finance" records -- none used; only the correct "Snap Inc" entity (h1bgrader ID v82won54k1, Ellis snap-inc, MyVisaJobs 495103) was used. Req (Product Manager, Business Experience) has no sponsorship/citizenship/clearance sentence per caller's extraction -- only standard EEO boilerplate.	https://h1bgrader.com/h1b-sponsors/snap-inc-v82won54k1 ; https://www.ellis.com/visa-sponsors/snap-inc ; https://www.myvisajobs.com/Visa-Sponsor/Snap/495103.htm
SoFi	Social Finance, Inc. (dba SoFi)	TIER-1	SPONSOR/BUILD	205 LCAs FY2025 (h1bgrader/Ellis), 0 PERM green card petitions FY2025; 379 LCAs + 50 LCs FY2022-2024 historical; ranked #470 among all visa sponsors; not H-1B dependent; related entity SoFi Bank N.A. separately filed 14 LCAs across 7 states	not itemized separately from LCA count in snippets	not checked (TIER-1, filing evidence sufficient)	median $184,167 (FY2025, all sponsored titles, Ellis/h1bgrader)	2026-09-21	Real, current, heavily evidenced fintech sponsor. Correct legal entity "Social Finance, Inc." (h1bgrader ID 30q4j8w8kq, dba SoFi) confirmed distinct from the related "SoFi Bank N.A." filer -- both are genuine SoFi entities, not a collision, so both figures reported. Req (Pricing Analyst, Lending) has no sponsorship/citizenship/clearance sentence per caller's extraction -- only standard EEO boilerplate.	https://h1bgrader.com/h1b-sponsors/social-finance-inc-dba-sofi-30q4j8w8kq ; https://www.ellis.com/visa-sponsors/social-finance-llc
Apollo.io	Zenleads, Inc. (dba Apollo.io)	TIER-1	SPONSOR/BUILD	9 Form I-129 petitions FY2025 per MyVisaJobs; a separate snippet for the same entity shows 0 new LCAs filed FY2025 (source/timing variance) -- flag as a possible recent slowdown, similar to the Calm/Drata precedent in this file	8 of 9 I-129 petitions approved FY2025 (~89%), 1 denied	not checked (TIER-1, filing evidence sufficient)	not stated for GTM Engineer II, Mid-Market; Senior PM, Expansion states Tier 1 (SF/NYC/Seattle) $161,900-$202,400, Tier 2 (other US) $140,800-$176,000	2026-09-22	Correct entity confirmed via MyVisaJobs/h1bgrader ("Zenleads Inc D B A Apollo Io"), distinct from unrelated "Apollo Global Management LLC" (PE firm), "Apollo Management Holdings LP", and "Apollo Future Technology Inc" that also surfaced in the same search -- name collision avoided per Step 2. Neither req in this batch (Go-To-Market Engineer II Mid-Market; Senior Product Manager, Expansion) states a sponsorship/citizenship/OPT-CPT wall -- pure silence, only standard comp-range boilerplate. One verdict covers both reqs; a third Apollo.io req (Senior Direct Marketing Manager II) was already dropped upstream for exceeding the experience cap.	https://www.myvisajobs.com/employer/zenleads-inc-d-b-a-apollo-io/ ; https://h1bgrader.com/h1b-sponsors/zenleads-inc-dba-apollo-io-p1kz6gl40m
Center for AI Safety	Center for AI Safety, Inc. (dba CAIS)	TIER-1	SPONSOR/BUILD	2 LCAs FY2026 per h1bgrader	2 of 2 approved (100%) per LCA-level snippet	not checked (TIER-1, filing evidence sufficient)	$170,000-$220,000 (JD-stated, Product Manager Agentic Products)	2026-09-22	Real, small-but-current-year H1B sponsor confirmed under the correct entity "Center for AI Safety INC". CAIS is a nonprofit AI-safety research organization (Wikipedia: "American nonprofit organization... formed 2022") -- flag as a likely CAP-EXEMPT nonprofit research institute per visa-evaluator.md Step 5 (+0.3 to +0.5 on the visa path for scoring; USCIS cap-exempt status itself not independently verified, flagging for the scorer). No sponsorship/citizenship/OPT-CPT wall in the JD -- only standard EEO boilerplate.	https://h1bgrader.com/h1b-sponsors/center-for-ai-safety-inc-r0v6j8r3k1 ; https://en.wikipedia.org/wiki/Center_for_AI_Safety
Druva	Druva, Inc.	TIER-1	SPONSOR/BUILD	30 LCAs FY2022-24 + 6 LCs (green card) per MyVisaJobs; 64 total LCA filings across 6 fiscal years per VisaPulse/h1bgrader (96.9% approval rate); 9 PERM cases on file	not itemized by year; 96.9% approval rate aggregate	not checked (TIER-1, filing evidence sufficient)	median offered salary $179,800 (all sponsored titles, all years); JD states pay range $112,000-$157,333 for this req	2026-09-22	Large, heavily evidenced, current sponsor. JD's only sponsorship-adjacent text is a required "Bachelor's degree in Business, Finance, Economics, or a quantitative field" -- a degree-field preference stated as a general qualification, not an exclusionary wall, and not a graduation-year requirement. Note: this specific posting is explicitly a future-opening "talent community" req, not a live req, per its own JD text.	https://www.myvisajobs.com/employer/druva/ ; https://h1bgrader.com/h1b-sponsors/druva-inc-x30qn46n0q ; https://visapulseusa.com/employers/druva-inc
Hightouch	Hightouch, Inc. (entity match NOT confirmed in LCA databases -- see evidence)	TIER-2	BUILD (E-Verify enrolled, employer-stated)	not found for the correct entity (name-collision risk: WebSearch after 3 lookups surfaced only "High Touch LLC" [Mount Vernon, NY, Construction industry, 0 LCAs FY2025] and "High Touch International, Inc." -- neither matches the SF-based Composable-CDP/Reverse-ETL company founded 2019 by Curl/Gupta/Manohar; NOT used for this verdict)	not found	ENROLLED -- employer-stated directly in the JD (see evidence)	$240,000-$320,000 (JD-stated, Product Manager Real Time, location-independent remote-first policy)	2026-09-22	Quoted verbatim from the JD: "Hightouch participates in E-Verify. After you join the team, we'll verify your eligibility to work in the U.S. by submitting information from your Form I-9 to the Social Security Administration and, if needed, the Department of Homeland Security." Direct first-party employer statement of E-Verify enrollment, used per visa-evaluator.md Step 4 in place of the unreliable Tableau registry. No LCA/H1B filing history confirmed under the correct legal entity after 3 lookups (name-collision risk flagged and avoided per Step 2). No sponsorship/citizenship/OPT-CPT wall in the JD.	https://job-boards.greenhouse.io/hightouch/jobs/6185521004 (JD E-Verify statement) ; https://www.myvisajobs.com/Visa-Sponsor/High-Touch/244286.htm (unrelated entity, not used)
ModernTreasury	Modern Treasury Corporation	TIER-1	SPONSOR/BUILD	21 LCAs FY2022-24 + 3 LCs (green card) per MyVisaJobs, ranked #9,201 among all visa sponsors	"all petitions certified" per MyVisaJobs-derived snippet	ENROLLED -- also employer-stated directly in the JD, corroborating TIER-1	$170,000-$250,000 (JD-stated, Product Manager Payments)	2026-09-22	Real, current, evidenced sponsor. JD itself states verbatim: "Modern Treasury participates in E-Verify and will provide the federal government with your Form I-9 information to confirm that you are authorized to work in the U.S." Double-confirmed via actual LCA filing history, so this settles as TIER-1 (LCA evidence outranks E-Verify-only per tier order) rather than TIER-2. No sponsorship/citizenship/OPT-CPT wall.	https://www.myvisajobs.com/employer/modern-treasury/ ; https://jobs.ashbyhq.com/moderntreasury/f11d16f1-641b-4837-a107-f393956144e2
Sierra	Sierra Technologies, Inc.	TIER-1	SPONSOR/BUILD (thin evidence)	2 LCAs FY2022-24 (0 LCs/green card same period) per MyVisaJobs; median salary across all H1B LCAs FY2026 is $200,000 per h1bgrader	"all petitions certified" per MyVisaJobs-derived snippet	not checked (TIER-1, filing evidence sufficient)	$170,000-$255,000 (JD-stated, Business Value Strategy and Operations); LCA median $200,000 (FY2026, all titles) corroborates	2026-09-22	Correct legal entity confirmed: Sierra Technologies, Inc., 150 Sutter St #690, San Francisco -- matches the JD's description of Bret Taylor/Clay Bavor's customer-facing-AI-agent company (founded 2023), distinguished from unrelated "Sierra Consulting Inc" (a 190-LCA staffing firm) and "Sierra Digital Inc" that also surfaced in the same search -- name collision avoided per Step 2. Real but thin (2 LCAs) current-year sponsor. No wall in the JD -- only a degree-or-equivalent-experience line and "citizenship" listed solely as a protected non-discrimination category.	https://h1bgrader.com/h1b-sponsors/sierra-technologies-inc-70o55vrvkz ; https://sierra.ai/about
Visa	Visa U.S.A. Inc. (Visa Inc.)	TIER-1	SPONSOR/BUILD	1,066 LCAs FY2025 + 371 LCs (green card) per one aggregation; 438 LCA filings in 2025 per another (source/timing variance); ranked #44 among all visa sponsors	~99% approval rate (h1bgrader-derived aggregate)	not checked (TIER-1, filing evidence sufficient)	median H1B salary $124,700 (2025 LCAs, all titles); JD-stated US salary range for this req $123,000.00-$190,900.00	2026-09-22	Searched under the full legal entity "Visa U.S.A. Inc." / "Visa Inc." per task instruction, distinguishing the payments company from the immigration-status homonym. One of the largest H-1B filers in payments/fintech. No sponsorship/citizenship/OPT-CPT wall in the JD -- only standard EEO language, an in-office requirement (3 days/week), and a San Francisco Fair Chance Ordinance criminal-history consideration clause, none of which are work-authorization walls.	https://h1bgrader.com/h1b-sponsors/visa-usa-inc-op0lw9gmkl ; https://www.myvisajobs.com/employer/visa-usa/
Workhelix	Workhelix (legal entity name not confirmed)	TIER-3	BUILD (downgrade)	no LCA/H1B filing history found under "Workhelix" via WebSearch after 3 lookups; no Delaware/legal-entity-name variant surfaced either	not found	not checked; CA-based (San Francisco) -- no E-Verify mandate (AB 1236 restricts its use), so absence of evidence proves nothing	$165,000-$200,000 (JD-stated, Senior Product Manager)	2026-09-22	Small, well-funded ($15M Series A) but young startup (publicly unveiled 2024/2025; cofounders Erik Brynjolfsson, Andrew McAfee, Daniel Rock, James Milin; Andrew Ng invested via AI Fund). No confirmed public filing footprint found under "Workhelix" in any H1B database. No sponsorship/citizenship/OPT-CPT wall in the JD -- pure silence, only standard EEO boilerplate. Genuinely unstated + unconfirmed = TIER-3 (downgrade, not skip), consistent with the Tint/AI Fund/Column precedent in this file.	https://techcrunch.com/2025/02/27/workhelix-taps-years-of-research-to-help-enterprises-figure-out-where-to-apply-ai/ ; https://job-boards.greenhouse.io/workhelix/jobs/5277510008
Workstream	Workstream Technologies, Inc.	TIER-1	SPONSOR/BUILD (thin-but-current evidence)	4 LCAs FY2025 per Ellis; 17 historical H1B applications total, 0 PERM green card petitions	not itemized; not classified as H-1B dependent employer	not checked (TIER-1, filing evidence sufficient)	median salary $111,016 (sponsored positions); JD-stated range by location: SF/Menlo Park $150,000-$170,000, Lehi UT $130,000-$150,000, Vancouver BC $100,000-$130,000	2026-09-22	Correct legal entity confirmed: "Workstream Technologies, Inc." (Ellis), matching the JD's HR/payroll/hiring-for-hourly-workforce description. Real, current-year, thin-volume sponsor. No sponsorship/citizenship/OPT-CPT wall in the JD -- only standard EEO boilerplate.	https://www.ellis.com/visa-sponsors/workstream-technologies-inc
ZoomInfo	ZoomInfo Technologies LLC	TIER-1	SPONSOR/BUILD	74 LCAs FY2025 (72 approved, 0 denied, ~97% approval) per h1bgrader-derived snippet; 416 historical LCAs FY2015-FY2026, ranked #1974 of 16,683 tracked sponsors	not itemized separately from the LCA approval figures above	not checked (TIER-1, filing evidence sufficient)	median wage $137,600 (historical, all titles); JD-stated: Senior Events Marketing Manager $93,870-$160,000; Senior Product Manager (GTM Studio) $126,000-$198,000	2026-09-22	Large, heavily evidenced, current-year, public (NASDAQ: GTM) sponsor, not H-1B dependent, not a willful violator. Neither ZoomInfo req in this batch (Senior Events Marketing Manager; Senior Product Manager) states a sponsorship/citizenship/OPT-CPT wall -- only standard EEO boilerplate. One verdict covers both reqs.	https://h1bgrader.com/h1b-sponsors/zoominfo-technologies-llc-d0g9djeqko ; https://layoffhedge.com/h1b/employer/zoominfo-technologies-llc
Zuora	Zuora, Inc.	TIER-1	SPONSOR/BUILD	126 LCAs FY2022-24 + 28 LCs (green card) per MyVisaJobs; 48 LCAs FY2025 (48/48 approved, 100%) per h1bgrader; 465 historical LCA filings FY2015-FY2026, ranked #1737 of 16,683 tracked sponsors	100% approval rate FY2025; 97.8% aggregate approval on a separate 16-LCA subset	not checked (TIER-1, filing evidence sufficient)	median wage $145,487 (historical, all titles); JD-stated range $99,500-$132,000 (Sr. Analyst, Revenue Operations and Analytics)	2026-09-22	Large, heavily evidenced, current-year, public sponsor. No sponsorship/citizenship/OPT-CPT wall in the JD -- pure silence, only standard EEO boilerplate.	https://h1bgrader.com/h1b-sponsors/zuora-inc-dvk4rmpp2w ; https://layoffhedge.com/h1b/employer/zuora-inc
CrowdStrike	CrowdStrike, Inc.	TIER-1	SPONSOR/BUILD	502 historical LCAs FY2015-FY2026 (#1,594 of 16,683 tracked sponsors); 117 LCAs FY2025 (~99% approval); 41 LCAs FY2026 (41/41 approved) per h1bgrader; MyVisaJobs separately shows 122 LCAs + 12 LCs FY2025	41 I-129 petitions FY2026, 41/41 approved (100%) per h1bgrader; a separate MyVisaJobs snippet shows 35 petitions, 32 approved/3 denied for a different period	not checked (TIER-1, filing evidence sufficient)	h1bdata.info, filtered "Product Manager": median $179,375 (3 records); aligns with both JDs' stated bands	2026-09-22	Large, heavily evidenced, current-year (FY2026) active sponsor under correct legal entity "CrowdStrike, Inc." Both open reqs (Sr. PM Agentic Coverage - Falcon Guardian; Sr. Competitive Intelligence Analyst, Exposure Management) are silent on sponsorship/citizenship - not a wall.	https://h1bgrader.com/h1b-sponsors/crowdstrike-inc-rd0g9435ko ; https://www.myvisajobs.com/employer/crowdstrike/
Valon	Valon Technologies, Inc. (f/k/a Goserviceone Inc.)	TIER-1	SPONSOR/BUILD	35 total historical LCAs (12 FY2022-24; 15 FY2026, 15/15 approved) per h1bgrader/Ellis	not itemized separately from LCA figures	not checked (TIER-1, filing evidence sufficient)	median sponsored salary $180,000 (all titles); JD-stated $200,000-$235,000 base (San Francisco)	2026-09-22	Real, current, actively-filing H1B sponsor with sponsored roles in NY, SF, Santa Clara. JD silent on sponsorship/citizenship - not a wall.	https://h1bgrader.com/h1b-sponsors/valon-technologies-inc-p0l46voj2l ; https://www.ellis.com/visa-sponsors/valon-technologies-inc
Avathon	Avathon, Inc. (rebranded from SparkCognition, Inc. late 2024, same legal entity)	TIER-1	SPONSOR/BUILD	58 LCAs FY2021-2023 + 2 LCAs FY2025 filed under predecessor name SparkCognition Inc. (not independently re-verified under post-rebrand name)	"All petitions were certified" (FY2025, 2 LCAs) per MyVisaJobs snippet	not found/could not verify (CA has no state E-Verify mandate, so absence is not meaningful)	$150,000-$190,000 CA base + equity (JD-stated, no title-specific LCA wage corroboration found)	2026-09-22	JD silent on sponsorship - not a wall. Filing history attaches to same legal entity under predecessor name SparkCognition Inc. (rebrand, not an acquisition). Re-verify post-rebrand filings on a future run.	https://www.myvisajobs.com/employer/sparkcognition/
Artisan Partners	Artisan Partners Limited Partnership	TIER-1	SPONSOR/BUILD	29 historical LCA/salary records on h1bdata.info (NY, Boston, Milwaukee HQ, Chicago, SF, Costa Mesa) incl. Analyst/Research Associate/Research Analyst titles; 7 LCAs filed FY2022 (7/7 certified) per h1bgrader	7 I-129 petitions FY2022, 6 approved/1 denied (~85%)	not checked (TIER-1, filing evidence sufficient)	median $161,429-$165,474 (h1bdata.info, all years); Research/Analyst-family roles anchor $100K-$165K	2026-09-22	Correct filing entity is the LP form, not the Inc. holding corp. Real, current, multi-year filing history with research/analyst titles directly adjacent to the open Competitive Intelligence Associate req. JD silent on sponsorship - not a wall.	https://h1bdata.info/index.php?em=artisan+partners+limited+partnership ; https://h1bgrader.com/h1b-sponsors/artisan-partners-limited-partnership-d1k9yyd80m
Deputy	Deputy US Inc.	TIER-3	NO-SPONSOR-NON-EVERIFY (unverified)	0 (h1bdata.info, positive-control validated against Salesforce returning 1,235 records)	Not found	Not verified (budget cap reached before E-Verify lookup; treat conservatively as non-E-Verify tonight)	$117,600-$143,100/yr (JD-stated, no LCA anchor available)	2026-09-22	JD silent on sponsorship - not a wall. No LCA/petition history found (genuine zero, positive-control confirmed). Re-check E-Verify within 90 days if HQ state carries a statutory mandate.	https://h1bdata.info/index.php?em=Deputy&job=&city=&year=all
Confluent	Confluent, Inc.	TIER-1	SPONSOR/BUILD	130 LCAs FY2025 (h1bgrader) / 128 LCAs FY2025 + 19 PERM (MyVisaJobs); 594 historical LCAs across 650 positions, 20 states; not H-1B dependent	130/130 I-129 petitions approved FY2025 (100%)	not checked (TIER-1, filing evidence sufficient)	median $221,157 (FY2026, h1bgrader) / $175,000 (594 historical LCAs); JD-stated $193.2K-$227K + equity for both reqs	2026-09-22	Both open reqs (Sr PM Kafka Connect; Sr PM Cloud Networking) silent on sponsorship - not a wall. Correct entity confirmed via h1bgrader ID dvk479gkwp, distinguished from unrelated "Confluent Medical Technologies," "Confluent Health," "Confluera," "Confluent IT Solutions." Large, current, near-100%-approval public sponsor (NASDAQ: CFLT).	https://h1bgrader.com/h1b-sponsors/confluent-inc-dvk479gkwp ; https://www.myvisajobs.com/employer/confluent/
Blacksmith Agency	Blacksmith Agency LLC	TIER-2	TIER-2	not found	not found	enrolled (AZ state-mandate; HQ Phoenix AZ compels E-Verify by statute per ARRA)	not stated in JD	2026-09-22	JD (Growth Marketing Manager, LinkedIn 4470470932) silent on sponsorship/citizenship/degree; no H1B LCA filing history found under "Blacksmith Agency LLC" (unrelated MA firm "Blacksmith Applications Inc" filed once in 2017, different entity); HQ confirmed Phoenix, AZ 85034 which is an E-Verify-mandate state	https://h1bgrader.com/h1b-sponsors (no match) ; https://www.zoominfo.com/c/blacksmith-agency-llc/446939176 ; https://www.yelp.com/biz/blacksmith-agency-phoenix-2
Sharon McMahon Education	Sharon McMahon Education LLC	TIER-3	TIER-3	not found	not found	could not verify (MN is not an E-Verify-mandate state; no public E-Verify record found for this employer)	$102,000-$116,000/yr (JD stated)	2026-09-22	JD (Digital Marketing Manager, LinkedIn 4469041453) silent on sponsorship/citizenship/degree; small MN-registered LLC (incorporated 2019-10-03), no H1B LCA/petition history found, E-Verify status not established (downgrade per Section 2 tier 3, not a skip)	https://b2bhint.com/en/company/us-mn/sharon-mcmahon-education-llc--1107350400025 ; https://education.sharonmcmahon.com/
KLA	KLA Corporation	TIER-1	TIER-1	1,268 total LCAs on record; 343 filed in FY2025 (per h1bgrader)	~98% USCIS I-129 approval rate per h1bgrader (exact count not itemized in snippet)	not applicable (sponsorship directly evidenced)	$62,200-$105,700/yr (JD stated, Sales Ops Analyst); h1bgrader shows company-wide H1B median salary $145,000	2026-09-22	JD (Sales Operations Analyst, LinkedIn 4459254827) silent on sponsorship/citizenship/degree; h1bgrader aggregate confirms large-scale active H1B sponsor	https://h1bgrader.com/h1b-sponsors/kla-corporation-60eqe4y10z
EOS IT Solutions	EOS IT Management Solutions Inc.	TIER-1	TIER-1	2 LCAs filed FY2022-2024 (per myvisajobs)	not itemized in snippet	not applicable (sponsorship directly evidenced)	$31.25-$33.66/hr (JD stated, Sales Ops Associate)	2026-09-22	JD (Sales Operations Associate, LinkedIn 4469025761) silent on sponsorship/citizenship/degree; myvisajobs confirms brand "EOS IT Solutions" operates under legal entity "EOS IT Management Solutions Inc." (Hayward, CA) which filed 2 H1B LCAs FY2022-2024 and sponsors H1B	https://www.myvisajobs.com/employer/eos-it-management-solutions/
ByteBridge	Byte Bridge Inc.	TIER-1	TIER-1	3 LCAs FY2022-2024 (0 filed FY2025)	2 of 2 I-129 petitions approved FY2024, 0 denied	not applicable (sponsorship directly evidenced)	not stated in JD	2026-09-22	JD (Sales Operations Specialist, LinkedIn 4456776813) silent on sponsorship/citizenship/degree; confirmed legal entity "Byte Bridge Inc." (Hayward, CA, filed 2023-11-01) via myvisajobs/h1bgrader, small but real H1B filer, not H1B-dependent, not a willful violator	https://www.myvisajobs.com/employer/byte-bridge/ ; https://h1bgrader.com/h1b-sponsors/byte-bridge-inc-10jl7yo1kv
Freshworks	Freshworks Inc.	TIER-1	TIER-1	24 LCAs FY2025 (26 LCAs FY2024)	17 of 17 I-129 petitions approved FY2025; 18 of 18 approved FY2024	not applicable (sponsorship directly evidenced)	$160,000-$200,000/yr base (JD stated, Product Marketing Manager)	2026-09-22	JD (Product Marketing Manager, Freshservice Platform, LinkedIn 4466302657) silent on sponsorship/citizenship/degree; h1bgrader/myvisajobs confirm active sponsor, not H1B-dependent	https://h1bgrader.com/h1b-sponsors/freshworks-inc-560d1oxp08
TikTok	TikTok Inc.	TIER-1	TIER-1	979 LCAs FY2025, 961 approved (affiliate ByteDance Inc filed ~1,150 LCAs FY2025)	not itemized separately in snippet; LCA approval ~98%	not applicable (sponsorship directly evidenced)	$121,600-$272,000/yr (JD stated); h1bgrader median H1B salary $200,000	2026-09-22	JD (Product Marketing Manager, Audience Measurement, LinkedIn 4469029957) states only "BA/BS degree or above" (no field specified, not a wall); silent on sponsorship/citizenship; h1bgrader confirms TikTok Inc and affiliate ByteDance Inc are large-scale active H1B sponsors	https://h1bgrader.com/h1b-sponsors/tiktok-inc-ok854dn5kd ; https://h1bgrader.com/h1b-sponsors/bytedance-inc-m2m6jrj401
Metaview	Metaview Technologies Inc	TIER-1	TIER-1 (thin evidence)	1 (h1bdata.info, FY2025)	not found	not established (CA, no state E-Verify mandate; absence not meaningful)	Product Engineer $155,605 (h1bdata.info, 2025, San Francisco)	2026-09-22	JD (Product Marketing Manager) has no sponsorship/citizenship/clearance/degree-field language. h1bdata.info shows 1 LCA for "Metaview Technologies Inc" (Product Engineer, $155,605, San Francisco, submitted 04/09/2025, start 10/01/2025). Avoided false lead: unrelated "Meta View Inc" (San Mateo VR company, 1 filing 2020) is a name collision, not this employer. Single recent LCA is thin but real evidence of active sponsorship capability; no confirmed I-129 petition data located.	https://h1bdata.info/index.php?em=Metaview
Paraform	Paraform Inc	TIER-1	TIER-1	16 (h1bdata.info, FY2025-2026)	not found (only LCA-level data located, no I-129 aggregate found)	not established (CA, no state E-Verify mandate; absence not meaningful)	median $160,000; Strategic Projects Lead $160,000-$185,000 (h1bdata.info)	2026-09-22	JD (Product Marketing Lead) has no sponsorship/citizenship/clearance/degree-field language. h1bdata.info shows 16 LCA rows for Paraform Inc across FY2025-2026 (Growth Lead, Strategic Projects Lead x6, Software Engineer x2, Account Executive x2, Strategy & Operations, Strategic Operations Lead, Head of Engineering), mostly San Francisco CA plus one New York NY. Recent, multi-role, active filer.	https://h1bdata.info/index.php?em=Paraform
MRI Software	MRI Software LLC	TIER-1	TIER-1	31 (h1bdata.info, all years, incl. 2025 filings); 13 LCAs FY2022-2024 + 1 LCA FY2025 H1 (myvisajobs aggregate)	not confirmed as I-129 count; myvisajobs: "all petitions certified" (LCA certification), not H1B dependent, not willful violator	not checked (Ohio HQ, not an E-Verify mandate state; not needed given strong LCA evidence)	Senior Software Engineer $138,590 (2025); Manager, Product Development $87,705 (2021) (h1bdata.info)	2026-09-22	JD (Product Marketing Manager) states only "BA/BS degree in Business, Marketing or a related field" -- no sponsorship/citizenship/clearance language. WebSearch (myvisajobs) aggregate: 13 LCAs + 3 green-card labor certs FY2022-2024, 1 more LCA FY2025 H1, ranked ~12,294 among sponsors. h1bdata.info corroborates 31 LCA rows spanning 2019-2025 across engineering, product, and finance titles, including 2025 filings -- active, ongoing sponsor.	https://h1bdata.info/index.php?em=MRI+Software ; https://www.myvisajobs.com/employer/mri-software/
DaySmart	DaySmart Software LLC	TIER-1	TIER-1 (thin/stale evidence -- treat cautiously)	1 total (h1bdata.info, all years); 0 LCAs FY2022-2024 per myvisajobs	1 I-129 filed FY2021, 1 approved, 0 denied (myvisajobs)	not established (offices in MI/PA/TX, none are E-Verify mandate states; WebSearch found no confirmation either way)	Full Stack .NET Developer $108,160 (2020, Ann Arbor, h1bdata.info)	2026-09-22	JD (Product Marketing Manager, Slick division) has no sponsorship/citizenship/clearance/degree-field language. h1bdata.info shows only 1 LCA on record total (Full Stack .NET Developer, $108,160, Ann Arbor MI, submitted 09/29/2020). myvisajobs confirms 0 LCAs filed FY2022-2024 and only 1 I-129 (approved) in FY2021 -- sponsorship history is real but stale (6 years old) and inactive since; downgrade weight in scoring despite technical TIER-1.	https://h1bdata.info/index.php?em=DaySmart ; https://www.myvisajobs.com/Visa-Sponsor/Daysmart-Software/1355967.htm
Mixpanel	Mixpanel, Inc.	TIER-1	TIER-1	9-12 LCAs FY2025 (myvisajobs/h1bgrader aggregate)	10 I-129 filed FY2025, 10 approved, 0 denied (100% approval)	not checked (CA, no state E-Verify mandate; not needed, TIER-1 already strongly evidenced)	JD-stated $175,000-$210,000 total target cash (base + variable), equity eligible	2026-09-22	JD (Product Manager, evergreen req) has no sponsorship/citizenship/clearance/degree-field language. WebSearch aggregate (myvisajobs/h1bgrader): 9-12 LCAs and 8 green-card labor certs FY2025, 10 I-129 petitions filed and approved FY2025 (0 denied), not H1B dependent, ranked ~4,619 among all visa sponsors.	https://h1bgrader.com/h1b-sponsors/mixpanel-inc-370o46mn2z ; https://www.myvisajobs.com/employer/mixpanel/
Coinbase	Coinbase Global, Inc. (filings recorded under "Coinbase Inc")	TIER-1	TIER-1	154 LCAs FY2025 (182 LCAs filed per grad.jobs aggregate)	149 I-129 filed FY2025, 147 approved, 2 denied (~99% approval)	not checked (not needed; TIER-1 strongly and unambiguously evidenced)	Median H1B salary $180,000 across 23 states (aggregate); JD base $243,865-$286,900 for this GPM role	2026-09-22	JD (Group Product Manager, Compliance Agent Experience) has no explicit sponsorship/citizenship/clearance language in the visible body text; only requirement quoted is "10+ years of product management experience, including 5+ years leading and developing PM teams" (a JD-experience-gate matter, not a visa wall). WebSearch aggregate: 154 LCAs FY2025 (~98% approval rate), 149 I-129 petitions filed FY2025 with 147 approved, not H1B dependent. Large, well-evidenced sponsor.	https://h1bgrader.com/h1b-sponsors/coinbase-inc-8r0v4nqg01 ; https://www.myvisajobs.com/employer/coinbase/
Ketch	Ketch Kloud, Inc.	TIER-1	SPONSOR/BUILD	18 LCA/salary records on h1bdata.info (FY2021-2024), median salary $197,500; includes Product Manager $140,000 (2024), Senior Director of Engineering $200,304 (2024), Software Architect $235,000 (2024)	not itemized; h1bdata.info salary rows carry no denial signal	not checked (TIER-1, filing evidence sufficient)	JD-stated $160,000-$180,000 (Senior Manager RevOps); h1bdata.info company-wide median $197,500 corroborates higher-band roles	2026-09-23	Confirmed correct entity "Ketch Kloud, Inc." (San Francisco, founded 2020 by Tom Chavez/Vivek Vaidya, ex-Krux founders) matches the JD's privacy/consent-management-platform employer at ketch.com. Real, current, multi-role active sponsor including a Product Manager title. No sponsorship/citizenship/OPT-CPT wall in the JD -- pure silence, only "able to legally work in the United States" (generic, not a wall) and a Bachelor's-or-equivalent line.	https://h1bdata.info/index.php?em=Ketch+Kloud ; https://www.ketch.com/about
Quantum Metric	Quantum Metric, Inc. (entity match not independently confirmed in LCA databases -- see evidence)	TIER-2	BUILD (E-Verify enrolled, employer-stated)	not found under "Quantum Metric" after 2 WebSearch attempts (searches collided with unrelated "Quantum Technologies Inc/LLC" and "Quantum Inc" entities, not used)	not found	ENROLLED -- employer-stated directly in the JD	JD-stated $80,000-$100,000 (Deal Desk Analyst, bonus eligible)	2026-09-23	Quoted verbatim from the JD: "Quantum Metric is an E-Verify employer" (linked to the official E-Verify participation poster). Direct first-party employer statement used per visa-evaluator Step 4, same precedent as Hightouch/Modern Treasury in this file. No LCA/H1B filing history confirmed under the correct legal entity after multiple attempts (name-collision risk with unrelated "Quantum" entities flagged and avoided). No sponsorship/citizenship/OPT-CPT wall in the JD -- pure silence beyond the E-Verify note.	https://jobs.lever.co/quantummetric/f8492601-dd3f-4964-b82b-a19933ed7409 (JD E-Verify statement)
Quest Software	Quest Software Inc.	TIER-1	SPONSOR/BUILD	23 LCA/salary records on h1bdata.info spanning 2019-2025, median salary $120,898; includes a 2025 filing (SW Solutions Architect II, Peachtree Corners GA, $159,203) and a 2022-2025 filing (SW Sales Engineer II, Aliso Viejo CA/Tampa FL)	not itemized; no denial signal in salary-row data	not checked (TIER-1, filing evidence sufficient)	JD states comp not stated; h1bdata.info shows company-wide median $120,898, range $75,525-$198,275	2026-09-23	Correct legal entity confirmed via Aliso Viejo CA location match (Quest Software's HQ since its 2016 Dell spin-off, now owned by Clearlake Capital). Avoided collision with unrelated "Quest Global Services-NA Inc" (IT services) and "Quest Diagnostics Inc" (lab testing) that surfaced in WebSearch. Real, current (2025), active sponsor. No sponsorship/citizenship/OPT-CPT wall in the JD -- only a required Bachelor's degree in a broad list of business/technical fields (not an exclusionary field requirement).	https://h1bdata.info/index.php?em=Quest+Software
Linktree	Linktree, Inc.	TIER-1	SPONSOR/BUILD (thin evidence)	1 LCA FY2025 (certified) per h1bgrader-derived WebSearch snippet	"all petitions certified" per snippet	not checked (TIER-1, filing evidence found)	JD-stated $200,000-$225,000 base (SF/LA)	2026-09-23	Confirmed correct US legal entity "Linktree, Inc." (the Australian link-in-bio company's US filing entity; parent is Linktree Pty Ltd). Thin but real, current-year (FY2025) sponsor. No sponsorship/citizenship/OPT-CPT wall in the JD -- pure silence, no EEO boilerplate quoted either.	https://h1bgrader.com/h1b-sponsors/linktree-inc-g2r6m9x82l
BridgeBio	BridgeBio Services Inc. (shared-services subsidiary of BridgeBio Pharma, Inc.; JD names the public parent, BBIO)	TIER-1	SPONSOR/BUILD	7 LCA/salary records on h1bdata.info for FY2026 (current), median salary $163,800; spans IT, Program Manager, and Scientist II titles across Aliso Viejo CA, Palo Alto CA, San Francisco CA, Hampton NJ, Raleigh NC	not itemized; no denial signal in salary-row data	not checked (TIER-1, filing evidence sufficient)	JD-stated $165,000-$200,000 (Senior Manager, Sales Operations); h1bdata.info median $163,800 (all titles, FY2026) roughly corroborates	2026-09-23	LCA filings found under "BridgeBio Services Inc," the group's internal shared-services entity, not "BridgeBio Pharma, Inc." directly -- same corporate family (public biopharma, BBIO), current FY2026 filings across multiple functions and locations confirm active sponsorship. No sponsorship/citizenship/OPT-CPT wall in the JD -- pure silence.	https://h1bdata.info/index.php?em=BridgeBio
Ema	Ema Unlimited, Inc.	TIER-1	SPONSOR/BUILD	11 LCAs FY2025 (one snippet) / 16 LCAs total across 2 states (another snippet aggregate)	not itemized	not checked (TIER-1, filing evidence sufficient)	median H1B salary $200,000 (WebSearch aggregate); JD comp determined by location/level/experience, no band stated	2026-09-23	Confirmed correct legal entity "Ema Unlimited, Inc." (the AI-agent-platform startup at ema.co). Real, current-year (FY2025), evidenced sponsor. No sponsorship/citizenship/OPT-CPT wall in the JD -- pure silence, role emphasizes experience over formal credentials.	https://www.ellis.com/visa-sponsors/ema-unlimited-inc
Waymo	Waymo LLC	TIER-1	SPONSOR/BUILD	1,357 historical LCAs across 14 states; 245 LCAs + 55 LCs (green card) FY2025 (one source) / 193 LCAs FY2025 (another source, timing variance)	99.2% USCIS H1B approval rate (1,202 adjudicated petitions) per h1btrack	not checked (TIER-1, filing evidence sufficient)	median salary $180,000 (WebSearch aggregate) / avg $198,515 (DOL disclosure aggregate); JD-stated $204,000-$252,000 (Mountain View req)	2026-09-23	Large, heavily evidenced, current-year Alphabet-subsidiary sponsor; Product Manager is listed among commonly-sponsored roles. No sponsorship/citizenship/OPT-CPT wall in either Waymo req (Mountain View, San Francisco); one verdict covers both.	https://h1bgrader.com/h1b-sponsors/waymo-llc-8r0vwnvj21
Opal Security	Opal Security, Inc.	TIER-3	BUILD (downgrade)	0 records found on h1bdata.info after direct fetch; no LCA/H1B history surfaced via 2 WebSearch attempts either	not found	not checked; CA-based (San Francisco) -- no E-Verify mandate (AB 1236 restricts its use), so absence of evidence proves nothing	JD comp not stated	2026-09-23	Small identity-governance startup (51-200 employees, $59M raised, Greylock/Battery-backed). No confirmed public H1B filing footprint found under "Opal Security, Inc." A secondary-source claim ("Opal offers visa sponsorship," from a review-aggregator page, not the employer or an LCA database) was NOT used as it is not first-party or filing evidence. No sponsorship/citizenship/OPT-CPT wall in the JD -- pure silence. Genuinely unstated + unconfirmed = TIER-3 (downgrade, not skip), consistent with the Tint/Column/Percona precedent in this file.	https://h1bdata.info/index.php?em=Opal+Security
Genentech	Genentech, Inc.	TIER-1	SPONSOR/BUILD	1,052 historical LCAs across 14 states covering 1,200 positions; 170 LCAs + 34 LCs (green card) FY2025; 65 LCAs FY2026 (65/65 approved)	65/65 approved FY2026 (100%) per h1bgrader-derived snippet	not checked (TIER-1, filing evidence sufficient)	median salary $118,581 (WebSearch aggregate); JD-stated $161,800-$300,600	2026-09-23	Large, heavily evidenced, current-year Roche-subsidiary sponsor. No sponsorship/citizenship/OPT-CPT wall in the JD -- pure silence.	https://h1bgrader.com/h1b-sponsors/genentech-inc-d1k9p1380m
Pallet	Pallet (legal entity name not confirmed -- see evidence)	TIER-3	BUILD (downgrade)	0 records found on h1bdata.info under "Pallet"; no legal-entity-name variant located via WebSearch either	not found	not checked; CA-based (San Francisco Financial District) -- no E-Verify mandate (AB 1236 restricts its use), so absence of evidence proves nothing	JD-stated $150,000-$210,000 + equity	2026-09-23	Small, well-funded ($27M-$50M raised across sources, General Catalyst/Bessemer/Bain Capital Ventures) AI logistics-workflow startup ("trypallet.com"). Generic brand name is collision-prone (an unrelated "Pallet One" staffing/pallet-manufacturing entity surfaced and was NOT used); no confirmed legal entity name or filing footprint found after 2 lookups. No sponsorship/citizenship/OPT-CPT wall in the JD -- pure silence. Genuinely unstated + unconfirmed = TIER-3 (downgrade, not skip).	https://h1bdata.info/index.php?em=Pallet
Google	Google LLC	TIER-1	SPONSOR/BUILD	8,206-8,945 LCAs FY2025 (source variance); ranked #7 among all visa sponsors, not H-1B dependent	not itemized by req	not checked (TIER-1, filing evidence overwhelming)	median salary $158,000 (FY2025, WebSearch aggregate); JD-stated $141,000-$205,000 + 15% bonus target	2026-09-23	One of the largest H-1B filers in the US. No sponsorship/citizenship/OPT-CPT wall in either Google req (Marketing Strategy Manager Search and Maps; Strategy Analyst Market Intelligence); one verdict covers both.	https://h1bgrader.com/h1b-sponsors/google-llc-em2mg7pj21
Renesas Electronics	Renesas Electronics America Inc.	TIER-1	SPONSOR/BUILD	555 historical LCAs FY2015-FY2026, ranked #1,399 of 16,683 sponsors; 77-87 LCAs + 17 LCs (green card) FY2025 (source variance); 16 LCAs FY2026 (16/16 approved)	16/16 approved FY2026 (100%) per h1bgrader-derived snippet	not checked (TIER-1, filing evidence sufficient)	median salary $130,000 (WebSearch aggregate); JD-stated $148,000-$185,000 + bonus	2026-09-23	Large, heavily evidenced, current-year semiconductor MNC sponsor (US subsidiary of Renesas Electronics Corp, Japan). Not H-1B dependent. No sponsorship/citizenship/OPT-CPT wall in the JD -- only a degree-or-6+-years-equivalent-experience clause (flagged separately upstream for exceeding the US-track experience ceiling, not a visa matter).	https://h1bgrader.com/h1b-sponsors/renesas-electronics-america-inc-em2m8qp9k1
Corgi	Corgi Insurance Services, Inc.	TIER-1	SPONSOR/BUILD (thin evidence)	2 LCA/salary records on h1bdata.info, both current FY2026 (Strategic Projects Associate $120,000 Chicago IL; Insurance Salesman $150,000 San Francisco CA)	not found (no I-129 aggregate located)	not checked (TIER-1, filing evidence found)	median $135,000 (h1bdata.info, 2 records); JD states comp flexible based on experience	2026-09-23	Confirmed correct legal entity "Corgi Insurance Services, Inc." (SF-based AI-insurance-infrastructure startup, founded 2024, YC S24, Nico Laqua/Emily Yuan). Small but real, current-year (FY2026) sponsor -- notably including a non-engineering title (Insurance Salesman), suggesting sponsorship isn't limited to a narrow technical band. No sponsorship/citizenship/OPT-CPT wall in this req's own JD text -- pure silence; a separate unconfirmed secondary source mentioned "US citizen/visa only" language on some other Corgi posting, but that was NOT found in this req's own JD and was not used.	https://h1bdata.info/index.php?em=Corgi
Lead Bank	Lead Bank	TIER-1	SPONSOR/BUILD	6 LCA/salary records on h1bdata.info, current FY2026, median $215,000 (Associate Internal Auditor $105,000 San Diego; Head of Growth $240,000 NYC; Senior Engineering Manager $285,000 Sunnyvale; Senior Technical Account Manager $177,000 Aubrey TX; Software Engineer III x2 $210,000/$220,000 NYC/Sunnyvale)	not found (no I-129 aggregate located)	not checked (TIER-1, filing evidence sufficient)	h1bdata.info median $215,000 (6 records, FY2026); JD-stated Zone 1 (SF/NYC/Seattle) $220,000-$248,200 broadly corroborates	2026-09-23	Real, current (FY2026), active, multi-role sponsor (chartered bank/BaaS infrastructure provider, Kansas City). No sponsorship/citizenship/OPT-CPT wall in the JD -- pure silence.	https://h1bdata.info/index.php?em=Lead+Bank
General Motors	General Motors Company	TIER-1	SPONSOR (employer-wide); this req SKIP	~2,117 LCAs (h1bvisajobs.com aggregate); also listed on h1bgrader as an active sponsor	not itemized by req	not needed (employer sponsors company-wide)	JD-stated $106,600-$192,700 base + bonus	2026-09-23	JD states verbatim: "GM does not provide immigration-related sponsorship for this role. Do not apply if you will need sponsorship now or in the future" naming H1-B, OPT, STEM OPT, CPT, TN, and J-1 visas explicitly -- hard wall per nightly-rules.md (OPT/CPT named). WebSearch confirms this exact boilerplate appears on GM's internship postings and certain other reqs, while GM's full-time technical/product roles elsewhere do sponsor H-1B (2,117+ historical LCAs) -- a req-level carve-out, not an employer-wide wall. Scoped SKIP written to data/skip-list.tsv against this exact title only; employer cache stays SPONSOR for other GM reqs.	https://h1bvisajobs.com/h1b-sponsors/general-motors-company ; https://h1bgrader.com/h1b-sponsors/general-motors-company-150n41gkgn
Roofstock	Roofstock, Inc.	TIER-1	SPONSOR (employer-wide); this req SKIP	28 LCAs + 5 LCs (green card) FY2022-2024 (2 denied/withdrawn); 1 LCA FY2024 (1/1 approved, 100%)	not itemized by req	not needed (employer sponsors company-wide)	JD-stated $214,000-$225,000 (Senior Product Manager, Leasing)	2026-09-23	JD states verbatim: "Authorization to work in the U.S. is a precondition of employment and we are unable to sponsor H1-B Visas at this time." Company-level check confirms Roofstock, Inc. is an evidenced historical and recent (FY2024) H-1B sponsor (28 LCAs FY2022-24, 1 LCA FY2024) -- so this is a req-level carve-out, not an employer-wide wall, same pattern as the Baxter/Allstate precedent in this file. Scoped SKIP written to data/skip-list.tsv against this exact title only; employer cache stays SPONSOR for other Roofstock reqs.	https://www.myvisajobs.com/employer/roofstock/ ; https://h1bdata.info/index.php?em=roofstock+inc
Vika Talent Solutions (Leading Response)	Leading Response (staffing intermediary Vika Talent Solutions names this as the actual hiring employer)	TIER-2	BUILD (E-Verify enrolled via FL state mandate)	not found for "Leading Response" on h1bdata.info (0 records) or via WebSearch	not found	ENROLLED -- Tampa, FL HQ; Florida compels E-Verify by statute (FL/TN/AZ/AL/GA/MS/NC/SC/UT/LA shortcut)	JD-stated $150,000 (Senior Product Manager)	2026-09-23	Per "staffing and contract roles are in scope" rule: the actual hiring employer, LeadingResponse (leadingresponse.com, national client-acquisition/marketing firm for financial/legal/healthcare professions, Tampa FL), is named by the recruiting intermediary Vika Talent Solutions -- not a hidden-employer case, so the gate runs. No LCA/H1B filing history found under "Leading Response" after WebSearch + h1bdata.info fetch. Florida's statutory E-Verify mandate establishes E-Verify enrollment from the employer's HQ state alone. No sponsorship/citizenship/OPT-CPT wall in the JD -- pure silence.	https://leadingresponse.com/careers/ ; https://h1bdata.info/index.php?em=Leading+Response
1Password	AgileBits USA Inc. (dba 1Password)	TIER-3	BUILD (downgrade)	0 LCAs FY2025 confirmed via WebSearch (h1bgrader "Agilebits USA INC Dba 1password" filed 0 LCAs, 0 approved, 0 denied); no historical LCA count surfaced despite 4 WebSearch lookups	not found	not checked (remote US/Canada role, no single-state E-Verify-mandate shortcut applies)	JD-stated $96,000-$134,000 USD (US) / $89,000-$125,000 CAD (Canada)	2026-09-24	No stated wall in the JD -- only standard EEO boilerplate listing "citizenship" as a protected non-discrimination category, plus an accommodation email at a legacy agilebits.com domain (1Password's original legal/brand name, not a fraud tell). Genuinely zero current-year filings under the correct legal entity (AgileBits USA Inc dba 1Password) confirmed across repeated WebSearch queries; no historical (pre-2025) count located after reaching the 4-lookup cap. Unstated + unconfirmed E-Verify = TIER-3 (downgrade, not skip), consistent with the Deputy/Tint precedent in this file.	https://h1bgrader.com/h1b-sponsors/agilebits-usa-inc-dba-1password-w2xjv5omk3
DoorDash	DoorDash, Inc.	TIER-1	SPONSOR/BUILD	544 LCAs FY2025 + 199 LCs (green card) per MyVisaJobs; ranked #94 among all visa sponsors	not itemized by req	not needed (TIER-1, filing evidence overwhelming)	JD-stated $125,800-$185,000 USD (national base range)	2026-09-24	Large, heavily evidenced, current-year sponsor. No sponsorship/citizenship/OPT-CPT wall in the JD -- only a broad "bachelor's degree in Business, Economics, Engineering, or a related field" qualification line and standard EEO/non-discrimination boilerplate.	https://www.myvisajobs.com/employer/doordash/
Navan	Navan, Inc.	TIER-1	SPONSOR/BUILD	51 LCAs FY2025 + 3 LCs (green card) per MyVisaJobs; ranked #1,757 among all visa sponsors, ~100% LCA approval rate	not itemized by req	not needed (TIER-1, filing evidence sufficient)	JD-stated per req: Product Marketing Manager $108,000-$240,000; Senior Product Manager ERP $114,750-$255,000; Sr. Marketing Analytics Manager $105,450-$234,400	2026-09-24	Real, current-year, actively-filing sponsor. None of the 3 open Navan reqs in tonight's batch (Product Marketing Manager; Senior Product Manager, ERP; Sr. Marketing Analytics Manager) state a sponsorship/citizenship/OPT-CPT wall -- extraction found no work-authorization sentence in any of the three JD bodies. One verdict covers all three reqs.	https://www.myvisajobs.com/employer/navan/ ; https://h1bgrader.com/h1b-sponsors/navan-inc-10j7rm550v
Ro	Roman Health Ventures Inc. (dba Ro)	TIER-1	SPONSOR/BUILD (thin evidence)	1 LCA FY2024 (1/1 approved, 100%) per h1bgrader; has sponsored foreign workers since 2008 per immihelp aggregate (boilerplate line, not itemized)	0 I-129 petitions itemized in snippets for this entity	not checked (TIER-1, thin but real evidence found)	not stated in JD (Packaging Program Manager)	2026-09-24	Correct legal entity confirmed as "Roman Health Ventures Inc." (dba Ro, the direct-to-consumer telehealth company) via Wikipedia + h1bgrader, distinguishing it from two name-collision risks that surfaced in the same searches and were NOT used: "Ro, Inc." (Burr Ridge, IL, Construction industry, unrelated) and "The Ro Group Inc." (Tustin, CA, Real Estate, unrelated). Real but thin (1 LCA) current-year-adjacent (FY2024) filing history under the correct entity. No sponsorship/citizenship/OPT-CPT wall in the JD -- pure silence, only standard EEO boilerplate.	https://h1bgrader.com/h1b-sponsors/roman-health-ventures-inc-d1k9qorq2m ; https://en.wikipedia.org/wiki/Ro_(company)
Socure	Socure, Inc.	TIER-1	SPONSOR (employer-wide); Senior Product Manager - Document Verification req SKIP	16 LCAs FY2025 + 11 LCs (green card) per MyVisaJobs; ranked #3,840 among all visa sponsors, all petitions certified	not itemized by req	not needed (employer sponsors company-wide)	not stated in either JD	2026-09-24	JD-stated hard wall on ONE req, quoted verbatim: "Note: We cannot provide Sponsorship at this time." (Senior Product Manager - Document Verification). Company-level check confirms Socure, Inc. is a current, actively-certified H-1B sponsor (16 LCAs FY2025, all certified) -- so this is a req-level carve-out, not an employer-wide wall, same pattern as the Allstate/Baxter/GM/Roofstock precedent in this file. The other open Socure req in tonight's batch (Senior Product Marketing Manager) has no sponsorship-wall sentence, only a generic Bachelor's-degree-field line -- it survives as TIER-1 BUILD. Scoped SKIP written to data/skip-list.tsv against the exact Document Verification title only; employer cache stays SPONSOR for other Socure reqs.	https://www.myvisajobs.com/employer/socure/ ; https://jobs.ashbyhq.com/socure/aaad1c05-d298-40b4-a628-96bd1105fc9d
ThriveMarket	Thrive Market, Inc.	TIER-1	SPONSOR/BUILD	26 LCAs + 5 LCs (green card) FY2022-2024 per MyVisaJobs; ranked #7,473 among all visa sponsors, all petitions certified	not itemized by req	not needed (TIER-1, filing evidence sufficient)	JD states "Competitive salary (DOE) + equity" -- no numeric band stated	2026-09-24	Real, evidenced sponsor with recent (FY2022-24) filing history, though FY2025 volume not independently confirmed -- flag as slightly dated, similar to the Calm/Drata precedent in this file. No sponsorship/citizenship/OPT-CPT wall in the JD -- only a US-residency condition-of-employment line ("Employment with Thrive Market requires that employees be based in the United States"), which is a location requirement, not a visa/citizenship wall per nightly-rules.md "not walls."	https://www.myvisajobs.com/Visa-Sponsor/Thrive-Market/1279579.htm
Verkada	Verkada, Inc.	TIER-1	SPONSOR/BUILD	173 LCAs FY2022-2024 + 33 LCs (green card); 81 LCAs FY2025 per h1bgrader/myvisajobs aggregate; ranked #1,079 among all visa sponsors	~97% USCIS H1B petition approval rate (aggregate, not itemized by req); ~97% LCA approval rate	not checked (TIER-1, filing evidence sufficient)	median wage $186,500 (h1bgrader/myvisajobs aggregate, all sponsored titles)	2026-09-25	Confirmed employer-wide sponsor with strong current filing volume (81 LCAs FY2025). This clears tonight's req, "Sales Strategy & Operations Renewals Associate (Sr)" -- caller-confirmed the JD body is pure silence on sponsorship/citizenship, no wall found. Note: skip-list.tsv already carries a REQ-LEVEL SKIP for a different Verkada title (Senior Field Marketing Manager - Enterprise, decided 2026-09-24, quoted "unable to sponsor or take over sponsorship of an employment visa for this role, at this time") that was written without spending a lookup ("stop at the first hard wall"); this employer-wide filing history now confirms that was correctly scoped as a req-level carve-out, not an employer-wide wall, consistent with the Allstate/Baxter/GM/Roofstock/Socure/Affirm precedents in this file.	https://www.myvisajobs.com/Visa-Sponsor/Verkada/1368288.htm ; https://h1bgrader.com/h1b-sponsors/verkada-inc-101zx6pp27
Notion	Notion Labs, Inc.	TIER-1	SPONSOR/BUILD	38 LCAs FY2025 + 7 LCs (green card); 13 LCAs FY2026 (13/13 approved, 0 denied); ranked #1,976 among all visa sponsors	100% approval rate FY2025 (all petitions certified per snippet)	not checked (TIER-1, filing evidence sufficient)	median salary $218,800 (FY2025, all sponsored titles)	2026-09-25	Confirmed correct legal entity "Notion Labs, Inc." (San Francisco/NY, the productivity-software company) via immihelp historical case records + h1bgrader/myvisajobs; explicitly did NOT use the separate "Notion AI" h1bgrader entity that surfaced in the same search (name-collision risk, unrelated/unconfirmed entity, per Step 2). Real, current, actively-filing sponsor with strong FY2025-2026 volume. None of the 3 open Notion reqs in tonight's batch (Product Marketing Manager - Core Product; Partner Marketing Manager; Marketing Strategy & Operations Manager) state a sponsorship/citizenship/OPT-CPT wall -- caller-confirmed all three JD bodies are silent. One verdict covers all three reqs.	https://h1bgrader.com/h1b-sponsors/notion-labs-inc-vx2336z32g ; https://www.myvisajobs.com/employer/notion-labs/
Snowflake	Snowflake Inc.	TIER-1	SPONSOR/BUILD	444 LCAs FY2025 + 150 LCs (green card) per one source; 433 LCAs FY2025 (432 approved, 0 denied) per another; ranked #112 among all visa sponsors; 11,469 historical H1B applications + 235 PERM green card petitions	415 filed with USCIS, 404 approved, 11 denied (~97%) per snippet	not checked (TIER-1, filing evidence overwhelming)	not isolated from snippets for these specific titles (PM/PMM/GTM Engineer/Field Marketing); company-wide LCA volume implies broad wage-level coverage	2026-09-25	Large, heavily evidenced, current-year megacap sponsor (#112 among all sponsors). None of the 8 open reqs in tonight's batch states an OPT/CPT exclusion or citizenship/clearance requirement. The Field Marketing Manager - West req states verbatim: "Must be legally authorized to work in the United States without restriction" -- per nightly-rules.md this is generic authorization language, not an OPT/CPT exclusion or citizenship/clearance requirement, so it is NOT a wall and does not change the verdict; quoted here per caller instruction. One verdict covers all 8 reqs (Senior Product Manager Data Observability; GTM Engineer ABM; Field Marketing Manager West; Senior Product Manager Interactive Analytics; Senior Product Marketing Manager Interoperable Lakehouse; Senior Product Marketing Engineer; Senior Product Manager Openflow; Sr Product Marketing Manager Department Solutions).	https://h1bgrader.com/h1b-sponsors/snowflake-inc-vk488lq60w ; https://www.myvisajobs.com/employer/snowflake/
Figma	Figma, Inc.	TIER-1	SPONSOR/BUILD	52 LCAs FY2025 + 19 LCs (green card); ranked #974 among all visa sponsors	not itemized in snippet	not checked (TIER-1, filing evidence sufficient)	not found (no median salary isolated from snippets)	2026-09-25	Real, current-year, actively-filing sponsor (design-software company). No explicit sponsorship policy stated in the JD (Field Marketing Manager, Third Party & Partner Events) -- only a generic application-form work-authorization question, per caller. No OPT/CPT exclusion or citizenship/clearance requirement found.	https://www.myvisajobs.com/employer/figma/ ; https://h1bgrader.com/h1b-sponsors/figma-inc-60eq9d8n0z
GlobalFoundries	GlobalFoundries U.S., Inc. (also files as GlobalFoundries Americas Inc.)	TIER-1	SPONSOR/BUILD	115 LCAs FY2025 + 17 LCs (green card) per MyVisaJobs, ranked #617 among all visa sponsors; 772 historical LCAs across 15 states per Ellis aggregate	not itemized by req	not checked (TIER-1, filing evidence sufficient)	median salary $91,997 (historical, all sponsored titles, Ellis aggregate); JD-stated band for this req $167,000-$275,000	2026-09-26	Large, established semiconductor manufacturer with a long, current H-1B filing history concentrated in engineering/technical roles. JD (Marketing Manager, RF product line, Santa Clara) states no sponsorship/citizenship/clearance/degree-field/graduation-year requirement -- pure silence, only a generic Bachelor's-degree line and 3-5 years semiconductor-industry experience.	https://www.myvisajobs.com/employer/globalfoundries/ ; https://www.ellis.com/visa-sponsors/globalfoundries-us-inc/h1b
CNA Insurance	Continental Casualty Company (principal underwriting subsidiary of CNA Financial Corporation, the entity that actually files LCAs; CNA Financial Corp and "CNA Insurance & Financial Group" show 0 recent filings per MyVisaJobs and were NOT used as the filing entity)	TIER-1	SPONSOR/BUILD	201 LCA records 2014-2026 per h1bdata.info (direct WebFetch + row count, not a WebSearch snippet), median salary $145,293	not itemized; h1bdata.info salary rows carry no approval/denial flag	not checked (TIER-1, filing evidence sufficient)	Actuarial Director positions on record $180,000-$235,000 (h1bdata.info, Continental Casualty Company) -- directly on-point comp anchor for this Senior Actuarial Consultant - Pricing req	2026-09-26	Name-collision risk avoided per nightly-rules.md Step 2: the consumer-facing brand "CNA Insurance" and the holding company "CNA Financial Corporation" both show zero/negligible recent LCA activity in WebSearch snippets, but the actual insurance-underwriting operating subsidiary that employs actuarial staff, Continental Casualty Company, has a large, current, confirmed filing history including the exact job family (Actuarial Director) via direct h1bdata.info fetch. JD (Senior Actuarial Consultant - Pricing, Commercial Auto & General Liability) states no sponsorship/citizenship/clearance requirement -- pure silence, only a generic Bachelor's-degree line.	https://h1bdata.info/index.php?em=continental+casualty
Serval	Serval (legal-entity suffix not confirmed; AI-native automation-platform startup, founded early 2024, San Francisco, backed by Sequoia/Redpoint/Meritech/First Round/General Catalyst)	TIER-3	BUILD (downgrade)	no LCA/H1B history found via WebSearch under "Serval"	not found	not checked; CA-based (San Francisco) -- no E-Verify mandate (AB 1236 restricts its use), so absence of evidence proves nothing per nightly-rules.md	not found (JD states $200,000-$265,000 for this req, but that is comp, not a filed-wage anchor)	2026-09-26	Small (~2-year-old), fast-growing but pre-scale startup; no public H-1B filing footprint found. JD (Business Operations Lead) states no sponsorship/citizenship/clearance requirement -- pure silence. Genuinely unstated + unconfirmed E-Verify = TIER-3 (downgrade, not skip), consistent with the Tint/AI Fund/Column precedents in this file.	https://www.linkedin.com/jobs/view/4461693054
Impiricus	Impiricus, Inc. (AI-driven healthcare-provider engagement platform, HQ Atlanta, GA, founded by a practicing physician and a pharma-industry executive)	TIER-2	BUILD	no LCA/H1B history found via WebSearch under "Impiricus"	not found	ENROLLED (established via the GA state shortcut, not a direct registry hit): company HQ confirmed Atlanta, Georgia per Hypepotamus, BBB Business Profile, and ZoomInfo; Georgia is one of the ten states (FL, TN, AZ, AL, GA, MS, NC, SC, UT, LA) that compel E-Verify enrollment by statute, so enrollment is provable from the employer's home state alone per nightly-rules.md Step 4	JD states $80,000-$110,000/yr for this req plus annual performance bonus	2026-09-26	Small (132-employee), bootstrapped/lightly-funded healthcare-AI startup; no public H-1B filing footprint found. JD (Senior Pricing Analyst) states no sponsorship/citizenship/clearance requirement -- pure silence. No sponsorship stated + E-Verify enrolled (via GA statutory mandate) = TIER-2 BUILD per nightly-rules.md tier order, distinct from the CA-based TIER-3 startups in this same batch where the mandate shortcut does not apply.	https://www.impiricus.com/company/ ; https://hypepotamus.com/news/impiricus-feature/
Rippling	People Center, Inc. dba Rippling	TIER-1	SPONSOR/BUILD	97-98 LCAs FY2025 (57-58 itemized certified, ~98% approval) + 21 LCs (green card) per MyVisaJobs/h1bgrader; ranked #690 among all visa sponsors	not itemized separately from LCA count in snippets	not checked (TIER-1, filing evidence sufficient)	median H-1B salary $230,000 (FY2025, all sponsored titles); JD-stated band for this req $78,000-$130,000	2026-09-26	Large, current, actively-filing HR/IT/Finance SaaS sponsor. JD (Sr. Revenue Strategy & Operations Analyst) states no sponsorship/citizenship/clearance requirement -- pure silence, only a candidate-safety notice about @Rippling.com email domains (fraud-prevention boilerplate, not a wall).	https://www.ellis.com/visa-sponsors/people-center-inc-dba-rippling ; https://www.myvisajobs.com/employer/people-center/
Fictiv	Fictiv, Inc.	TIER-1	BUILD	11 LCAs FY2022-2024 per MyVisaJobs, ranked #15,854 among all visa sponsors, all petitions certified	not itemized	not checked (TIER-1, thin evidence)	JD-stated band for this req $180,000-$218,000	2026-09-26	Small-but-real, evidenced sponsor (manufacturing-intelligence platform, Oakland). Thin volume (11 LCAs across 3 years, none in FY2025 confirmed) -- flag for the candidate, similar to the Calm/Drata precedent in this file. JD (Senior Product Manager) states no sponsorship/citizenship/clearance requirement -- pure silence, only a generic "5+ years" experience line (already flagged upstream for the years-ceiling check).	https://www.myvisajobs.com/employer/fictiv/
Lyft	Lyft, Inc.	TIER-1	SPONSOR/BUILD	141 LCAs FY2025 (1 denied/withdrawn) + 53 LCs (green card, 5 denied/withdrawn) per MyVisaJobs; ranked #294 among all visa sponsors	not itemized by req	not checked (TIER-1, filing evidence sufficient)	JD-stated band for this req $176,000-$220,000 (SF base)	2026-09-26	Large, current, actively-filing rideshare-platform sponsor. JD (Staff Product Manager, Core Rider) states no sponsorship/citizenship/clearance requirement -- pure silence, only a "6+ years" experience line (already flagged upstream for the years-ceiling check).	https://www.myvisajobs.com/employer/lyft/
Turing	Turing Enterprises, Inc.	TIER-1	BUILD	16 LCAs FY2025 + 5 LCs (green card) per MyVisaJobs, ranked #5,051 among all visa sponsors, all petitions certified	not itemized	not checked (TIER-1, filing evidence sufficient)	JD-stated band for this req $159,000-$205,000 base + equity	2026-09-26	Real, current-year, fully-certified sponsor (AI talent/deployment company). Distinguished from several unrelated same-name entities in the same search results (Turing Video Inc., Turing Technology, Turing Systems, Turing Technology Associates) -- none used; "Turing Enterprises, Inc." is the most active current filer and matches the JD's Palo Alto/SF presence and AI-labs business description. JD (Senior Product Marketing Manager) states no sponsorship/citizenship/clearance requirement -- pure silence, only a "5+ years" experience line (already flagged upstream for the years-ceiling check).	https://www.myvisajobs.com/employer/turing-enterprises/
Pomo (via Jack & Jill)	Pomo (legal-entity suffix not confirmed; post-seed AI marketing-intelligence startup founded 2026 by ex-Google DeepMind/Databricks engineers, Palo Alto, backed by Kindred Ventures/Databricks Ventures/Seven Stars/SV Angel/Timeless Partners/645 Ventures)	TIER-3	BUILD (downgrade)	no LCA/H1B history found via WebSearch under "Pomo" (company only publicly launched ~April 2026)	not found	not checked; CA-based (Palo Alto) -- no E-Verify mandate (AB 1236 restricts its use), so absence of evidence proves nothing per nightly-rules.md	not found (JD states comp not disclosed; equity component included)	2026-09-26	Very young (~5-month-old at time of check), $4.5M-seed AI startup; no public H-1B filing footprint found, unsurprising given its age. JD (Chief of Staff to the CEO) states no sponsorship/citizenship/clearance requirement -- pure silence, only a "3-7 years" experience line (already flagged upstream for the years-ceiling check). Genuinely unstated + unconfirmed E-Verify = TIER-3 (downgrade, not skip), consistent with the Tint/AI Fund/Column/Serval precedents in this file. Employer is "Pomo" itself (real, named, fundable company); the posting channel (recruiting firm Jack & Jill) does not change that the gate can run.	https://usepomo.ai/ ; https://www.crunchbase.com/organization/pomo-fea9
BJAK	Bjak Sdn Bhd (Malaysia-incorporated parent of the BJAK/"Doit" personal-finance and insurance-comparison platform; no confirmed distinct US filing subsidiary identified after 3 lookups)	TIER-3	BUILD (downgrade)	0 records found for "bjak" via direct h1bdata.info fetch	not found	not checked; no reliably confirmed US HQ state -- one job-aggregator listing showed a Louisiana address and others show San Jose, CA remote postings, but neither is confirmed as the actual employing entity's registered state, so neither the LA E-Verify-mandate shortcut nor the CA no-mandate reasoning was applied with confidence	not found (JD for this req states no comp band)	2026-09-26	Southeast-Asia-founded (2019, Petaling Jaya, Malaysia) fintech/insurtech, now operating a "Doit" personal-finance product in the US with remote job postings; primary legal entity found (Bjak Sdn Bhd) is the foreign parent, not a confirmed US subsidiary, and zero H1B/LCA records surfaced under "Bjak" on direct h1bdata.info fetch. JD (Founder's Office Lead) states "Remote position requiring US-based residency" and "Strong English communication is required" -- location/language conditions, not a visa/citizenship/clearance wall per nightly-rules.md "not walls." Genuinely unstated + unconfirmed = TIER-3 (downgrade, not skip), consistent with the Column/Percona/Sona name-ambiguity precedents in this file.	https://bjak.my/en/about-us ; https://h1bdata.info/index.php?em=bjak
Cobalt	Cobalt Labs, Inc.	TIER-2	BUILD	0 LCAs FY2026; historical: 1 I-129 petition FY2020, 0 approved / 1 denied (myvisajobs/h1bgrader aggregate)	1 filed FY2020, 0 approved, 1 denied	CONFIRMED enrolled -- JD itself states verbatim: "Cobalt is an E-Verify employer... allows participating employers to electronically verify the employment eligibility of their newly hired employees"	JD band $110,000-$130,000 + equity; no filed-wage data found	2026-09-26	San Francisco pentesting/offensive-security SaaS company. Correct entity "Cobalt Labs Inc" confirmed distinct from unrelated same-brand entities (The Cobalt Group Inc, Cobalt Technologies Inc dba Cobalt, Cobalt Robotics Inc) surfaced in the same search -- not used. Only historical filing evidence is one denied 2020 petition, not current-year approved sponsorship, so this does not meet the TIER-1 bar despite real (if stale/negative) filing history; but the JD's own explicit E-Verify participation statement is direct, current, employer-stated confirmation of enrollment. TIER-2 per tier order (no current sponsorship evidenced, E-Verify confirmed). No wall found in the JD.	https://h1bgrader.com/h1b-sponsors/cobalt-labs-inc-pg2776vm25
Ethos	Ethos Technologies, Inc.	TIER-1	BUILD	9 LCAs FY2025 + 2 LCs (green card), ~100% approval per myvisajobs/h1bgrader aggregate	not itemized by req	not checked (TIER-1, filing evidence sufficient)	JD band $127,000-$223,000 (base only); no filed-wage median isolated from snippets	2026-09-26	Life-insurance technology company (San Francisco). Correct entity "Ethos Technologies Inc" distinguished from a separate, less-current "Ethos Life Insurance" record (0 petitions FY2025-26, last activity 2017-2022) surfaced in the same search -- Ethos Technologies Inc is the real, current-year filer and matches the JD's business description. No wall found in the JD; only a "US-based" location requirement (not itself a visa statement) and a standard employer anti-fraud notice.	https://h1bgrader.com/h1b-sponsors/ethos-technologies-inc-60eq47vm0z
American Med Spa Association	American Med Spa Association (Chicago, IL trade association; no distinct legal-entity suffix found)	TIER-3	BUILD (downgrade)	no LCA/H1B data found via WebSearch under this name (searches surfaced only unrelated American Medical Association / American Hospital Association records, not used)	not found	not established; HQ confirmed Chicago, IL (224 N Desplaines, Suite 300) -- Illinois is not one of the state-statute E-Verify-mandate states (FL/TN/AZ/AL/GA/MS/NC/SC/UT/LA), so absence of evidence proves nothing per nightly-rules.md	JD-stated $65,000-$70,000 (fully remote); comp/experience mismatch flagged upstream by extraction pass (5-7+ yrs asked, well below typical comp for that band)	2026-09-26	Small nonprofit trade association for medical-spa industry professionals. No public H-1B filing footprint found under this name. No wall in the JD -- pure silence on sponsorship/citizenship/clearance. Genuinely unstated + unconfirmed = TIER-3 (downgrade, not skip), consistent with the Rula/Directive Consulting precedents in this file.	https://www.americanmedspa.org/contact/
Docusign	Docusign, Inc.	TIER-1	SPONSOR/BUILD	204 LCAs FY2025 (201 approved, 0 denied), ~98% approval rate; 829 total historical LCAs, ranked #177 among all sponsors; 292 LCAs filed in first 3 quarters of FY2025 per one snippet	116 I-129 petitions FY2025, 114 approved, 2 denied	not checked (TIER-1, filing evidence sufficient)	CA base $146,400-$235,375 (JD, GTM Sales Operations Manager)	2026-09-26	Large, heavily evidenced, current-year H-1B sponsor (e-signature/agreements SaaS). JD's only degree-field language ("Degree in Computer Science, Data Science, Engineering, Mathematics, or related analytical field") sits under "Preferred," not required -- not a wall per nightly-rules.md. No sponsorship/citizenship/clearance statement found; a state-eligibility exclusion list (AK/HI/ME/MS/ND/SD/VT/WV/WY) is a location restriction, not a visa wall.	https://h1bgrader.com/h1b-sponsors/docusign-inc-150n63wp2g
Meta	Meta Platforms, Inc.	TIER-1	SPONSOR/BUILD	6,629 LCAs FY2025 + 415 LCs (green card), ranked #6 among all visa sponsors; 1 LCA + 30 LCs denied/withdrawn same period	not itemized by req	CONFIRMED per JD's own text: "Meta participates in the E-Verify program in certain locations, as required by law" (moot at TIER-1, filing evidence already sufficient)	$147,000/yr-$208,000/yr base (JD, Competitive Intelligence Lead, both Menlo Park and San Francisco postings) + bonus + equity	2026-09-26	One of the largest H-1B filers in the US. Do NOT confuse with the unrelated "Metaview Technologies Inc" (Metaview/Meta View, a different small AI-notetaking company) already cached separately in this file -- explicitly checked, no collision, verdict is for Meta Platforms, Inc. only. No sponsorship/citizenship/clearance wall found in either JD (Menlo Park or San Francisco posting, same underlying req); only a Bachelor's-degree-plus-4-years minimum-qualifications line, not a field/graduation-year wall. One verdict covers both reqs.	https://h1bgrader.com/h1b-sponsors/meta-platforms-inc-w2xp7xj6k3
PagerDuty	PagerDuty, Inc.	TIER-1	BUILD	4 LCAs FY2025 + 5 LCs (green card), 100% certified, thin evidence; ranked #10,364 among all visa sponsors	not itemized; all petitions certified per snippet	not checked (TIER-1, thin-but-current evidence)	Sales Strategy & Ops Manager: $127,000-$191,400 (JD); Senior Competitive Intelligence Manager: $145,000-$220,000 (JD)	2026-09-26	Small but real, current fiscal-year sponsor (NYSE: PD, AI-first digital operations). Neither req in tonight's batch states a sponsorship/citizenship/clearance wall -- only the standard application question ("Do you now, or in the future, require sponsorship...") posed to all candidates. Both reqs carry an identical hard geography-exclusion list (Australia: NT/QLD/SA/TAS/WA; Canada: AB/MB/NL/NT/NU/PEI/QC/SK/YT; US: AK/HI/IA/LA/MS/NE/NM/OK/RI/SD/WV/WY) -- confirmed San Francisco Bay Area, CA is NOT on this list, so the candidate's location is unaffected. One verdict covers both reqs.	https://h1bgrader.com/h1b-sponsors/pagerduty-inc-d1k9ymvr0m
SigmaComputing	Sigma Computing, Inc.	TIER-1	BUILD	36 LCAs FY2025 + 8 LCs (green card), ~100% LCA and USCIS approval rate; ranked #2,024 among all visa sponsors	~100% approval rate per snippet, not itemized by count	not checked (TIER-1, filing evidence sufficient)	Strategy and Operations Lead, SE: $175K-$210K base (JD); Sr. Product Marketing Manager, AI: not stated in JD	2026-09-26	Real, current-year, well-evidenced sponsor (cloud analytics/BI platform, San Francisco). Neither req in tonight's batch states a sponsorship/citizenship/clearance requirement -- pure silence in both JDs. One verdict covers both reqs.	https://h1bgrader.com/h1b-sponsors/sigma-computing-inc-8r0v47r901
Sandisk	Sandisk Technologies, Inc. (US operating/employing subsidiary; public parent post-spinoff from Western Digital, Feb 2025, is Sandisk Corporation -- MyVisaJobs shows "Sandisk Corporation" with 0 LCAs FY2025 / historical 2017-2022 only, while "Sandisk Technologies" is the actively-filing entity)	TIER-1	SPONSOR/BUILD	210 LCAs FY2025 (5 denied/withdrawn), ranked #383 among all visa sponsors (MyVisaJobs-derived WebSearch snippet; WebFetch to source blocked)	not itemized by req	not checked (TIER-1, filing evidence sufficient)	not stated in JD (comp band applies to CA/CO/NY/remote per boilerplate, no figures given)	2026-09-27	JD (Senior Lead, Procurement Excellence & Market Intelligence) has no sponsorship/citizenship/clearance/OPT-CPT language anywhere in the body -- only a generic "Bachelor's degree in Supply Chain Management, Business, Finance, Engineering, Economics, or related field" line (broad field, not a wall) and standard EEO non-discrimination boilerplate. Real, current, well-evidenced sponsor under the correct operating entity name; distinguished per nightly-rules.md Step 2 from the dormant "Sandisk Corporation" MyVisaJobs record (0 FY2025 LCAs), the newer public holding company post-spinoff, not the actively-filing employer.	https://www.myvisajobs.com/employer/sandisk-technologies/
Twitch	Twitch Interactive, Inc. (Amazon subsidiary)	TIER-1	SPONSOR/BUILD	61 LCAs FY2025 (all certified) + 17 LCAs FY2026 (17/17 approved); 552 historical LCAs across 2,460 positions, 10 states; ranked #1,432 among all sponsors	not itemized by req; h1bdata.info corroborates 666 total salary/LCA records for this entity (positive control run confirmed the fetch method works before trusting this result)	not checked (TIER-1, filing evidence sufficient; parent Amazon.com Services LLC already confirmed TIER-1 SPONSOR/BUILD elsewhere in this file, independent corroboration)	median $163,602 (h1bdata.info, all sponsored titles); MyVisaJobs separately reports median $160,000	2026-09-27	JD wall unknown -- not yet extracted at time of this lookup (parallel extraction process had not produced a Twitch JD file). Employer-level verdict only; re-check the specific posting's own text before building.	https://www.myvisajobs.com/Visa-Sponsor/Twitch-Interactive/1246952.htm ; https://h1bdata.info/index.php?em=twitch
Applied Intuition	Applied Intuition, Inc.	TIER-1	SPONSOR/BUILD	125 LCAs FY2025 + 17 LCs (green card); a closer-dated snippet shows 122 LCAs FY2025 (121 approved, 0 denied, ~99%); ranked #574 among all visa sponsors	~97% USCIS I-129 approval rate per one aggregate snippet, not itemized by count	not checked (TIER-1, filing evidence sufficient)	median $191,615 (all sponsored positions)	2026-09-27	JD wall unknown -- not yet extracted at time of this lookup. Employer-level verdict only (real, current, well-evidenced sponsor; automotive/defense simulation software, Mountain View).	https://www.myvisajobs.com/employer/applied-intuition/ ; https://h1bgrader.com/h1b-sponsors/applied-intuition-inc-rd0g9y4yko
Casap	Casap Technologies, Inc. (per h1bdata.info direct fetch; exact legal suffix not independently corroborated by a second source, but San Francisco + New York City locations on the h1bdata.info record match the AI fraud-prevention startup's known HQ cities)	TIER-1	BUILD (thin but current)	WebSearch alone found nothing under "Casap Inc" (only an unrelated "Kasapsolutions Inc" surfaced and was NOT used); direct h1bdata.info fetch found 7 salary/LCA records 2014-2026, including current filings (median $170,000 x3 in FY2025, median $190,000 x4 in FY2026)	not itemized; h1bdata.info salary rows do not carry approval status, no denial signal found	not checked; CA-based (San Francisco) -- no E-Verify mandate (AB 1236 restricts its use), so absence of evidence proves nothing	$85,000-$245,000 range across titles (Staff Software Engineer $190,000 median, Senior ML Engineer $245,000 median, Senior Product Manager $150,000 median, Design Technical Program Associate $85,000 median)	2026-09-27	JD wall unknown -- not yet extracted at time of this lookup. Small (~2023-founded, ~$25M Series A) fraud-prevention AI startup; WebSearch snippets alone were too thin to confirm sponsorship (classic small-startup blind spot), but a direct h1bdata.info fetch (positive control against Twitch confirmed the fetch method works) surfaced real current-year filings. TIER-1 on thin-but-current filing evidence, not silence.	https://h1bdata.info/index.php?em=casap
IXL Learning	IXL Learning, Inc.	TIER-1	SPONSOR/BUILD	31 LCAs FY2025 + 9 LCs (green card); 290 total LCAs FY2015-26, ranked #3,120 of 10,919 tracked sponsors (one source) / ranked #1,348 among all sponsors FY2025 (another source, methodology variance)	~100% LCA approval rate per snippet, not itemized by count	not checked (TIER-1, filing evidence sufficient)	median $120,000 (all sponsored titles, all years)	2026-09-27	JD wall unknown -- not yet extracted at time of this lookup. Real, current, well-evidenced sponsor (Sunnyvale/San Mateo ed-tech company).	https://www.myvisajobs.com/employer/ixl-learning/ ; https://layoffhedge.com/h1b/employer/ixl-learning-inc
Cardless	Cardless, Inc.	TIER-1	BUILD (thin evidence)	3 LCAs FY2025 (all certified) + 1 LC (green card); ranked #18,127 among all visa sponsors	not itemized; "all petitions certified" per snippet	not checked (TIER-1, thin-but-current evidence)	not found	2026-09-27	JD wall unknown -- not yet extracted at time of this lookup. Small fintech (co-branded credit card infrastructure); thin but real, current-year filings.	https://www.myvisajobs.com/employer/cardless/
Anthropic	Anthropic, PBC	TIER-1	SPONSOR/BUILD (employer-wide); Fellows Program req SKIP	156 LCAs FY2025 (one source) / 178 total historical per another; 121 LCAs FY2026 (one snippet) or 81 LCAs FY2026 at ~100% approval (another snippet, source variance); not classified as H-1B dependent	~100% approval rate per FY2026 snippet, not itemized by exact count; 0 PERM green card petitions filed FY2025 per one source	not checked (TIER-1, filing evidence sufficient, plus direct employer statement below)	median $280,000 (all sponsored positions, 5 states); JD-stated band for Product Manager, Claude Science: $305,000-$385,000	2026-09-27	Strongest possible corroboration -- the Product Manager, Claude Science JD states verbatim: "if we make you an offer, we will make every reasonable effort to get you a visa," a direct employer sponsorship statement, consistent with heavy current-year LCA volume. HOWEVER a separate Anthropic posting in this batch, the Fellows Program (4-month research fellowship, stipend-based, not a standard employee role), states verbatim: "We are not currently able to sponsor visas for fellows. Applicants must possess existing work authorization in the US, UK, or Canada." This is a req-level (program-level) carve-out, not an employer-wide wall -- the PM req explicitly confirms sponsorship for standard roles. Scoped SKIP written to data/skip-list.tsv against the Fellows Program title only; employer cache stays SPONSOR for all other Anthropic reqs.	https://www.ellis.com/visa-sponsors/anthropic-pbc ; https://www.linkedin.com/jobs/view/4460059399 ; https://job-boards.greenhouse.io/anthropic/jobs/5023394008
Datadog	Datadog, Inc.	TIER-1	SPONSOR/BUILD	98 LCAs FY2025 (98/98 approved, 100%); 175 LCAs FY2022-24 + 14 LCs (green card); 502 total LCAs FY2015-26; not H-1B dependent	not itemized by count beyond the 100% FY2025 LCA approval rate above	not checked (TIER-1, filing evidence sufficient)	median $179,500 (all sponsored positions, all years)	2026-09-27	JD wall unknown -- not yet extracted at time of this lookup. Large, heavily evidenced, current-year monitoring/observability SaaS sponsor (New York HQ).	https://www.myvisajobs.com/employer/datadog/ ; https://layoffhedge.com/h1b/employer/datadog-inc
Upstart	Upstart Network, Inc.	TIER-1	SPONSOR/BUILD	70 LCAs FY2025 + 43 LCs (green card), ranked #747; 436 total LCAs FY2015-26, ranked #1,888 of 16,683 tracked sponsors; 24 LCAs FY2026 (24/24 approved)	not itemized by count beyond the FY2026 24/24 approval figure above	not checked (TIER-1, filing evidence sufficient)	median $173,035 (all sponsored positions, 25 states)	2026-09-27	JD wall unknown -- not yet extracted at time of this lookup. Large, current, well-evidenced AI-lending fintech sponsor.	https://www.myvisajobs.com/employer/upstart-network/ ; https://layoffhedge.com/h1b/employer/upstart-network-inc
Ripple	Ripple Labs, Inc.	TIER-1	SPONSOR/BUILD	46 LCAs FY2025 (4 LCs denied/withdrawn) + 16 LCs (green card), ranked #1,348; not H-1B dependent	not itemized by count	not checked (TIER-1, filing evidence sufficient)	median $180,000 (all sponsored positions)	2026-09-27	JD wall unknown -- not yet extracted at time of this lookup. Real, current, well-evidenced crypto/fintech sponsor. Confirmed correct entity Ripple Labs, Inc.; no name-collision candidates surfaced.	https://www.myvisajobs.com/employer/ripple-labs/
Observe.AI	Z21 Labs, Inc. (dba Observe AI) -- a direct h1bdata.info search under "observe.ai" itself returned 0 records, a Step-2 name-collision/legal-name-mismatch case where the brand name is NOT the H-1B filing name	TIER-1	BUILD (thin evidence)	no itemized annual LCA count found via WebSearch; direct h1bdata.info fetch under the correct entity name "Z21 Labs" found 6 salary/LCA records spanning 2021, 2022, 2024, and 2025 (current), median $162,750	not itemized; h1bdata.info salary rows do not carry approval status, no denial signal found	not checked; CA-based (San Francisco) -- no E-Verify mandate (AB 1236 restricts its use), so absence of evidence proves nothing	median $162,750 (h1bdata.info, 6 records); Director, Product Management $200,000 (2025); Lead Site Reliability Engineer $185,000	2026-09-27	JD wall unknown -- not yet extracted at time of this lookup (posting is a Product Marketing Manager role at observe.ai per caller). Classic Step-2 trap: searching the brand name alone ("Observe.AI") returns nothing on h1bdata.info; the real filer is "Z21 Labs, Inc. dba Observe AI." Thin (6 records over 5 years) but includes a 2025 filing, so treated as current, not stale.	https://h1bgrader.com/h1b-sponsors/z21-labs-inc-dba-observe-ai-g27r6m3p05/salaries ; https://h1bdata.info/index.php?em=z21+labs
Forward Financing	Forward Financing, LLC	TIER-1	BUILD (thin evidence)	WebSearch/MyVisaJobs snippet shows only 1 LCA FY2022-24 (ranked #73,115, all certified) and 2 LCAs FY2019-21; a direct h1bdata.info fetch found 4 total salary/LCA records spanning 2020-2026, including a current FY2026 filing (Principal Software Engineer, $245,000)	not itemized; h1bdata.info salary rows do not carry approval status, no denial signal found; MyVisaJobs snippet reports the FY2022-24 LCA as certified	not checked; HQ Boston, MA -- not one of the state-statute E-Verify-mandate states (FL/TN/AZ/AL/GA/MS/NC/SC/UT/LA), so absence of evidence proves nothing	median $175,000 (h1bdata.info, 4 records); roles span Boston, MA and Seattle, WA	2026-09-27	JD wall unknown -- not yet extracted at time of this lookup. Small alternative-lending fintech (merchant cash advance); very thin overall filing history but genuinely current (a 2026 filing exists), not a stale/lapsed sponsor. TIER-1 on thin-but-current evidence; flag the thin volume for the candidate.	https://h1bdata.info/index.php?em=forward+financing ; https://www.myvisajobs.com/employer/forward-financing/
Sigma Computing	Sigma Computing, Inc.	TIER-1	SPONSOR/BUILD	32-36 LCAs FY2025 (100% approved per snippet); 94 historical LCAs across 2 states; ranked #2,024 among all visa sponsors; not H-1B dependent	not itemized by req; LCA approval rate ~100%	not checked (TIER-1, filing evidence sufficient)	median $185,000 (h1bgrader/myvisajobs aggregate, all sponsored positions); JD-stated base $200,000-$250,000 for this req	2026-09-27	JD application flow includes the routine EEO-style field "Would you require a new H-1B sponsorship to work with us?" (required) -- per task framing and nightly-rules.md, this is a standard application question, not a stated policy or wall. No sponsorship-restriction, citizenship, clearance, or degree-field/graduation-year language found anywhere in the JD body (Senior/Group Product Manager, AI Ecosystem & Semantic Layer). Real, current, well-evidenced sponsor.	https://h1bgrader.com/h1b-sponsors/sigma-computing-inc-8r0v47r901 ; https://www.myvisajobs.com/employer/sigma-computing/
Glean	Glean Technologies, Inc.	TIER-1	SPONSOR/BUILD	9 LCAs FY2026 (9/9 approved, 100%); 22 LCAs FY2025 + 3 LCs (green card); 68 historical LCAs FY2015-2026, ranked #9,039 of 9,347 tracked sponsors	not itemized by req; LCA approval ~100% FY2026	not checked (TIER-1, filing evidence sufficient)	median wage $188,233 (h1bgrader/layoffhedge aggregate, all years); JD-stated base $160,000-$240,000 (both reqs)	2026-09-27	Two reqs in this batch, same title "Product Manager, AI Quality" at different req IDs/locations (4694764005 Mountain View CA, 4525518005 San Francisco CA) -- one verdict covers both per nightly rules. Neither JD body contains sponsorship/visa/citizenship/clearance/degree-field language; both are pure silence, only standard posting text. Real, current, well-evidenced sponsor.	https://h1bgrader.com/h1b-sponsors/glean-technologies-inc-101zrxwp27 ; https://layoffhedge.com/h1b/employer/glean-technologies
Lumin Digital	Lumin Digital, Inc. (exact legal suffix not independently corroborated by a second filing source; operates as "Lumin Digital" per Crunchbase/LinkedIn/Built In)	TIER-3	BUILD (downgrade)	0 records found on h1bdata.info under "Lumin Digital" via direct WebFetch (explicit "0 records was found, try search again" -- confirmed a genuine negative, not a broken fetch, via a same-batch positive control against Adobe, which returned 6,374 records); WebSearch surfaced only unrelated entities ("Lumen Digital Corporation," "Lumin Innovations Inc," "Lumin LLC") which were NOT used per Step 2 name-collision guidance	not found	not checked; HQ San Ramon, CA -- no E-Verify mandate (AB 1236 restricts its use), so absence of evidence proves nothing	JD-stated $105,000-$125,000 for this req (Product Marketing Manager); no LCA-based anchor available	2026-09-27	JD is pure silence on sponsorship/visa/citizenship/clearance/degree-field. Real, substantial fintech (digital banking/credit-union platform, $414M raised across 5 rounds, founded 2016) but genuinely no confirmed public H-1B filing footprint under the correct name after a positive-control-verified fetch. Genuinely unstated + unconfirmed E-Verify = TIER-3 (downgrade, not skip), consistent with the Tint/AI Fund/Finch/Rula/Column precedents in this file.	https://h1bdata.info/index.php?em=lumin+digital ; https://lumindigital.com/ ; https://www.crunchbase.com/organization/lumin-digital
Palette Media	Palette Media, Inc. (talent management/creator-economy company, HQ New York, NY per Crunchbase; founded April 2020 by Daniel Daks and Josh DeAngelis) -- entity match to this exact posting not independently confirmed beyond name and general company-stage plausibility	TIER-3	BUILD (downgrade)	no LCA/H1B data found via WebSearch under "Palette Media"	not found	not checked; HQ New York, NY is not one of the state-statute E-Verify-mandate states (FL/TN/AZ/AL/GA/MS/NC/SC/UT/LA), so absence of evidence proves nothing either way	not stated on posting; not found via filings	2026-09-27	JD is pure silence on sponsorship/visa/citizenship/clearance/degree-field (Revenue Operations Manager, building RevOps "from the ground up" on HubSpot -- signals an early/foundational hire at a small company). Step-2 name-collision risk flagged: a distinct, unrelated "Palette" (2-person AI-native media platform, YC-backed, founded 2026, San Francisco) also surfaced in search and was explicitly NOT used. Small/early-stage employer with no confirmed public filing footprint -- consistent with the Tint/AI Fund/Finch/Rula/Directive Consulting precedents in this file. Genuinely unstated + unconfirmed = TIER-3 (downgrade, not skip).	https://www.crunchbase.com/organization/palette-media-inc ; https://jobs.ashbyhq.com/palette-media/e8f17204-0ef7-4190-954a-f4c1338ff5f9
Canva	Canva US, Inc. (US H-1B-filing subsidiary; parent is Canva Pty Ltd, Australia)	TIER-1	SPONSOR/BUILD	14 LCAs FY2022-2024 (100% certified); 1 LCA FY2025; ranked #13,453 among all visa sponsors	not itemized; "all petitions certified" per snippet	not checked (TIER-1, filing evidence sufficient)	not stated in this JD; no LCA salary figure isolated from snippets	2026-09-27	JD (Field Marketing Manager, 12 Month Contract, San Francisco hybrid) is pure silence on sponsorship/visa/citizenship/clearance/degree-field. Correct US filing entity is Canva US, Inc., not the Australian parent. Filing volume is real but thin and slowing (14 LCAs FY22-24 down to just 1 in FY2025) -- flag as a recent slowdown, same pattern as the Calm/Drata/Warner Bros Discovery precedents in this file. CANDIDATE FLAG (not a JD-stated wall, does not change the employer-level tier): this specific req is a 12-MONTH FIXED-TERM CONTRACT, not a permanent role -- a limited-duration position is a materially weaker practical fit for H-1B sponsorship (cap-lottery timing risk against a role that may end before a petition is filed/adjudicated) even though the employer entity is an evidenced sponsor; candidate should weigh this before applying.	https://h1bgrader.com/h1b-sponsors/canva-us-inc-r0v641p9k1 ; https://www.myvisajobs.com/employer/canva/
Modal	Modal Labs, Inc.	TIER-1	SPONSOR/BUILD	3 LCAs FY2025 (100% certified) per h1bgrader-derived WebSearch snippet, ranked #27,098 among sponsors; 18 total LCA/salary records confirmed on h1bdata.info FY2022-2026 (direct WebFetch), median salary $175,000 across records	2 I-129 petitions FY2025, 2/2 approved (100%) per MyVisaJobs-derived WebSearch snippet	not needed (TIER-1, filing evidence sufficient); NY/SF-based, no state E-Verify mandate either way (not checked)	JD-stated $180,000-$200,000/yr (Revenue Operations Manager); h1bdata.info company-wide median $175,000 (mostly engineering titles, thin corroboration for this non-engineering role)	2026-09-28	"JD's own sponsorship section: ""Not mentioned in the description text returned by the API."" -- confirmed no sponsorship/visa/citizenship/clearance language anywhere in the posting. Real, current, actively-filing sponsor (Modal Labs Inc, AI infrastructure/GPU platform, NY/SF) confirmed via WebSearch aggregation of h1bgrader/MyVisaJobs snippets plus a direct h1bdata.info fetch (18 records spanning FY2022-2026, majority in 2026). No stated wall."	https://jobs.ashbyhq.com/modal/a5d0e0e2-8d15-491d-9169-64be23f62034
Replit	Replit, Inc.	TIER-1	SPONSOR/BUILD	10 LCAs FY2022-2024 (1 denied/withdrawn) per MyVisaJobs; 3 LCAs FY2026 (100% certified) per h1bgrader-derived snippet, ranked #16,901 among sponsors	not itemized by req; one snippet reported 0 USCIS I-129 petitions filed/approved for FY2026 specifically, which reads as incomplete data given concurrent LCA activity, not a negative signal	not needed (TIER-1, filing evidence sufficient); Foster City CA-based, no state E-Verify mandate (not checked)	JD-stated per req: Enterprise Product Manager $200,000-$300,000/yr + equity; Product Marketing Manager (Design/Slides) $140,000-$180,000/yr. No title-specific LCA corroboration found in snippets.	2026-09-28	"Both JDs' sponsorship sections read ""Not mentioned in the description text."" -- confirmed no sponsorship/visa/citizenship/clearance language in either posting (only generic '(US Only)' benefit-eligibility notes on 401k/commuter benefits, not a work-authorization statement). Real, evidenced, current-year sponsor (Replit Inc, agentic coding platform). One verdict covers both Replit reqs in this batch (Enterprise Product Manager, Product Marketing Manager Design/Slides). No stated wall."	https://jobs.ashbyhq.com/replit/06cbc016-f931-431a-92cf-29fa74eedbf1 ; https://jobs.ashbyhq.com/replit/e73e86e8-405e-4d19-928b-fd190cd650ba
Sentry	Functional Software, Inc. (dba Sentry)	TIER-1	SPONSOR/BUILD	"23 LCAs FY2022-2024 (1 denied/withdrawn) + 3 LCs (green card) per MyVisaJobs primary profile (""Functional Software, Inc., Dba Sentry""); a separate, likely duplicate MyVisaJobs listing (""Functional Software, Inc. D.B.A. Sentry"") shows only 1 LCA same period -- treated as a duplicate/misspelled record per visa-evaluator.md Step 2, not used as primary"	5 I-129 petitions FY2025, 5/5 approved (100%) per MyVisaJobs-derived snippet; the duplicate listing shows 0 filed in the first 3 quarters of FY2025 -- discrepancy noted, higher-volume primary profile used	not needed (TIER-1, filing evidence sufficient); SF CA-based, no state E-Verify mandate (not checked)	JD-stated $140,000-$160,000/yr base (Revenue Operations Analyst)	2026-09-28	"JD's sponsorship section: only standard EEO non-discrimination boilerplate listing ""citizenship"" as a protected category, plus ""No sponsorship/visa/clearance/degree requirement language found."" Real, current, evidenced sponsor. NOTE: a WebSearch snippet found sponsorship stated as unavailable for a DIFFERENT, unrelated Sentry req (Software Engineer Intern, Summer 2026) -- a req-level carve-out on an internship posting outside tonight's batch, not written to skip-list.tsv since it does not concern this Revenue Operations Analyst req. Employer-wide filing evidence stands for this req. No stated wall in this JD."	https://jobs.ashbyhq.com/sentry/befec0ef-0e90-4b30-a02a-c47094090957
Epoch AI	Epoch AI (independent research nonprofit)	TIER-3	BUILD (downgrade); cap-exempt nonprofit research institute (+0.3 to +0.5)	no LCA filing history found via WebSearch (small ~11-50 employee nonprofit)	not found	CA-based (San Francisco); CA has no E-Verify mandate so absence of evidence proves nothing	not found	2026-09-28	No sponsorship stated in the JD (silence, not a wall). Confirmed independent AI research nonprofit (epoch.ai/about), founded 2021, ~11-50 employees, HQ San Francisco. Qualifies as cap-exempt per visa-evaluator.md Step 5 (nonprofit research institute skips the H1B lottery). No filing history found under this name via WebSearch; too small/young to have an established LCA record. Genuinely unstated + non-E-Verify-confirmed = TIER-3 per tier order, but the cap-exempt status earns the score bonus at the scoring stage.	https://jobs.lever.co/epoch-ai/9abe93df-26a3-4bd4-9253-d2ef9b011d51
Scale AI	Scale AI, Inc.	TIER-1	SPONSOR/BUILD	Scale AI Inc: 205 total LCAs on file, 83 LCAs FY2025 (81 approved, 0 denied), median sponsored salary $180,000	83 (FY2025)	not needed (TIER-1)	median $180,000 (Scale AI Inc, MyVisaJobs/h1bgrader aggregation)	2026-09-28	Scale AI is a large, well-evidenced H-1B sponsor (205 historical LCAs, ~98% approval rate in FY2025). No stated wall found in the JD; the posting's sponsorship questions are standard application-form fields, not an exclusion. Strong TIER-1.	https://job-boards.greenhouse.io/scaleai/jobs/4675842005
Dot Compliance	Dot Compliance Ltd. (US remote hire; HQ Ness Ziona, Israel)	TIER-3	BUILD (downgrade)	No LCA/H1B filings found on h1bgrader/myvisajobs/immihelp searches (positive-control search style used; likely too small a US presence to have filed - 80 employees total, ~60 in Israel, ~20 outside)	none found	not established - remote US posting with no specific state, so no state E-Verify mandate applies; no direct E-Verify registry hit found	not stated in posting	2026-09-29	Small Israeli-HQ eQMS/life-sciences SaaS startup (Series B, $17.5M raised 2024). JD is silent on sponsorship/citizenship/clearance. No filing history and no E-Verify evidence found in 3 WebSearch lookups (within the 4-lookup cap). TIER-3: build, score downgraded, not skipped.	https://www.linkedin.com/jobs/view/4466877926
Google DeepMind	Google LLC (Alphabet Inc. subsidiary; DeepMind is a sub-brand, not a separate H-1B filing entity)	TIER-1	SPONSOR/BUILD	Google LLC: 8,945 LCAs FY2025 (96 denied/withdrawn), ranked #7 among all visa sponsors; 2,988 LCAs FY2026 (2,974 approved, 2 denied)	not itemized by req; FY2026 LCA approval rate ~99.5% (2,974/2,988)	not needed (TIER-1)	stated $256,000-$278,000 + 20% bonus target + equity + benefits (JD)	2026-09-29	Per task instruction, searched the full legal entity (Google LLC), not the DeepMind sub-brand alone. One of the largest H-1B filers in the US. No stated sponsorship/citizenship/clearance wall found in the JD; only standard San Francisco/California Fair Chance hiring boilerplate present.	https://www.myvisajobs.com/employer/google/ ; https://h1bgrader.com/h1b-sponsors/google-llc-em2mg7pj21/lca/2025 ; https://www.linkedin.com/jobs/view/4471531625
Tarro	not confirmed under any legal-entity variant tried; company's own site states it was "formerly Wonders" (rebranded 2025), founded 2015 by Steve and Dennis Lin, restaurant-ordering SaaS, San Mateo HQ	TIER-3	BUILD (downgrade)	no LCA history found under "Tarro" or its former name "Wonders" after 4 WebSearch/WebFetch lookups (cap reached)	not found	not checked; CA-based (San Mateo) -- no E-Verify mandate (AB 1236 restricts its use), so absence of evidence proves nothing	stated $140,000-$250,000 USD (JD)	2026-09-29	Classic name-collision risk (visa-evaluator.md Step 2): search results surfaced THREE unrelated companies, none used for this verdict -- "Beyondmenu LLC" (2 LCAs FY2025, an unrelated Chinese-food-ordering platform, initially a mistaken lead), "ChowNow Inc" (a direct competitor, not Tarro), and "Wonder Group Inc" (Marc Lore's NYC food-hall chain -- confusingly similar to Tarro's own former name "Wonders" but a different company). No confirmed public filing footprint found for the actual employer under any name tried. Genuinely unstated + unconfirmed = TIER-3 (downgrade, not skip), consistent with the Column/Percona precedent in this file. No stated wall in the JD.	https://www.tarro.com/articles-guides/wonders-rebrands-to-tarro-signifying-a-new-era-in-restaurant-technology ; https://www.linkedin.com/jobs/view/4362465337
MintMCP	MintMCP (exact legal suffix not found; very small early-stage startup, applies via direct email hiring@mintmcp.com, no ATS)	TIER-3	BUILD (downgrade)	0 records found on h1bdata.info (direct WebFetch: "0 records was found, try search again"); no results via WebSearch either	not found	not checked; CA-based (San Mateo / San Francisco) -- no E-Verify mandate (AB 1236 restricts its use), so absence of evidence proves nothing	not stated (JD comp band is placeholder template text "add a range before posting")	2026-09-29	Very small, early-stage startup (founding PMM req). No LCA/H1B filing history found under "MintMCP" via WebSearch or a direct h1bdata.info fetch (confirmed genuine 0-record result). No stated wall in either JD. Two reqs, same employer, same title, only city differs (San Mateo job id 4473008176, San Francisco job id 4473012062) -- one verdict covers both per nightly-rules.md. Genuinely unstated + unconfirmed = TIER-3 (downgrade, not skip).	https://h1bdata.info/index.php?em=mintmcp ; https://www.linkedin.com/jobs/view/4473008176 ; https://www.linkedin.com/jobs/view/4473012062
Left Field Labs	Left Field Labs, LLC	TIER-1	BUILD	3 total historical LCA records on h1bdata.info (2 Graphic Web Designer, Culver City CA, 2020, median $52,000; 1 Creative Director, New York NY, 2024, $170,000); a separate 2017 Business Development Manager LCA also on file per immihelp	not itemized; no denial signal found in available records	not checked; CA-based (Culver City HQ) -- no E-Verify mandate (AB 1236 restricts its use)	stated $140,000-$175,000 (JD, Culver City band); LCA data shows a 2024 Creative Director filing at $170,000, broadly corroborating	2026-09-29	Small creative/digital agency with real but thin H-1B filing history spanning 2017-2024 (confirmed via direct h1bdata.info fetch: 3 records, most recent a 2024 filing, so not lapsed/stale). No stated wall in the JD (pure silence on sponsorship/citizenship). TIER-1 with thin-evidence flag, consistent with the Pendo/Windfall precedent in this file.	https://h1bdata.info/index.php?em=left+field+labs ; https://www.immihelp.com/h1b-visa-sponsors/Left_Field_Labs_Llc/view-2017-I_203_16295_996005/ ; https://www.linkedin.com/jobs/view/4464089621
DOOR	Latch Systems, Inc. (operating subsidiary of Latch, Inc. as of 2024-12-19 per SEC exhibit; operates the DOOR Platform product the company rebranded around)	TIER-1	BUILD	Latch Systems, Inc.: 29 LCAs FY2022-24, 0 LCs (green card), ranked #7,883 among sponsors, all petitions certified. Parent Latch, Inc. separately filed 1 LCA + 2 LCs FY2022-24 (thin, holding-company level).	29/29 LCAs certified (100%) per MyVisaJobs snippet for Latch Systems, Inc.	not needed (TIER-1)	not stated in JD	2026-09-29	Per task instruction, searched under BOTH "Latch" and "DOOR" since the JD states the legal entity is "DOOR (formerly Latch)". Two related MyVisaJobs entities surfaced: "Latch, Inc." (parent/public holding co, thin: 1 LCA + 2 LCs FY22-24) and "Latch Systems, Inc." (the more actively-filing operating subsidiary, 29 LCAs FY22-24, 100% certified). A follow-up search confirmed Latch Systems, Inc. is a subsidiary of Latch, Inc. (SEC exhibit 21.1, effective 2024-12-19) and that the company's product is literally called the "DOOR Platform" -- so Latch Systems, Inc. is the operating entity behind the DOOR rebrand and the stronger, more relevant filing history, used per Step 2 guidance (full legal entity behind a renamed brand). No stated wall in the JD.	https://www.myvisajobs.com/employer/latch-systems/ ; https://www.myvisajobs.com/employer/latch/ ; https://www.sec.gov/Archives/edgar/data/1826000/000182600025000076/exhibit211subsidiaries2024.htm ; https://www.linkedin.com/jobs/view/4472751979
Intuit	Intuit Inc.	TIER-1	SPONSOR/BUILD	697 LCAs FY2025 + 317 LCs (green card), ranked #46 among sponsors, 7 LCAs + 7 LCs denied/withdrawn; historical: 4,579 LCAs total across 13,594 positions, 32 states	not itemized by req; FY2025 LCA approval implied ~99% (7 denied of 697)	not needed (TIER-1)	stated $169,000-$229,000 base pay range (JD)	2026-09-29	Per task instruction, explicitly verified this is Intuit Inc. (TurboTax/QuickBooks/Credit Karma), NOT "Applied Intuition" (a separate, unrelated autonomous-vehicle-simulation company that already has its own cache entry) and NOT "Intuites LLC" (an unrelated entity that also surfaced in search) -- neither was used for this verdict. Large, heavily evidenced, current-year H-1B sponsor; not H-1B dependent. No stated wall in the JD; only standard degree/experience requirements.	https://www.myvisajobs.com/employer/intuit/ ; https://h1bgrader.com/h1b-sponsors/intuit-inc-560d7wzw08/lca/2025 ; https://www.linkedin.com/jobs/view/4473025771
Vanta	Vanta Inc. (legal suffix per common company reference; not independently re-verified via web lookup this session -- resolved from JD text alone per task instruction, no lookup spent)	N/A	SKIP (employer-wide)	not applicable (hard wall, no lookup needed beyond JD text)	not applicable	not applicable	stated $145K-$171K cash range + equity (JD)	2026-09-29	JD itself states the wall verbatim: "Must be authorized to work in the U.S. without the need for current or future employer sponsorship." Per nightly-rules.md this is a "no sponsorship now or in the future" hard wall (tier 4). Per explicit task instruction this is treated as employer-wide (Vanta's only open req in tonight's batch; standard company-policy phrasing, not a one-off req-level carve-out) -- skip-list title scoped to `*`.	https://jobs.ashbyhq.com/Vanta/0b61d6ac-14a1-4cbf-9613-a8b69bd126e2
Autodesk	Autodesk, Inc.	TIER-1	SPONSOR/BUILD	230 LCAs FY2025 (99% approval rate); 477 LCAs+LCs FY2025 total	220 I-129 petitions FY2025, 216 approved, 4 denied	not checked (TIER-1, filing evidence sufficient)	median $127,899 across sponsored positions (30 states); neither req (Senior PM Profile $128,000-$228,690; Pricing Analyst $78,000-$140,360) states a wall	2026-09-29	Large, heavily evidenced, current-year sponsor (design/engineering software, San Francisco). Not H-1B dependent. Neither of the two open Autodesk reqs in tonight batch states a sponsorship/citizenship/OPT-CPT wall -- pure silence in both JDs, only standard comp-range and onboarding-verification boilerplate. One verdict covers both reqs.	https://www.myvisajobs.com/employer/autodesk/ ; https://h1bgrader.com/h1b-sponsors/autodesk-inc-vx23xvpx2g
San Francisco Compute Company	San Francisco Compute Company	TIER-1	SPONSOR/BUILD	not researched (JD-stated sponsorship settles it)	not researched	not checked (not needed; JD-stated sponsorship is the strongest possible evidence)	No numeric band stated; "competitive salary along with equity in the company"	2026-09-30	JD (Chief of Staff to the CEO) states, verbatim, under a "Visa Sponsorships" benefits heading: "Yes, we sponsor visas and work permits." Per nightly-rules.md Step 1, "The posting's own words outrank every database" - no web lookup needed, this settles TIER-1 on its own. No citizenship/clearance/degree-field wall anywhere in the posting.	https://jobs.ashbyhq.com/sfcompute/812474dc-7ce0-4918-bce5-24a41326caa9
Mercury	Mercury Technologies, Inc.	TIER-1	SPONSOR/BUILD	9 LCAs FY2025; 33 LCAs+LCs combined FY2022-2024 (per WebSearch snippet aggregate, not independently itemized by year)	not itemized by source found; historical filer since 2008 per immihelp (boilerplate, not counted as data)	not checked (not needed; TIER-1 filing evidence sufficient); Mercury is SF-based (CA, no E-Verify mandate) so absence would prove nothing anyway	JD-stated $200,700-$250,900 (Senior PM, Business Lending, any US location)	2026-09-30	Legal name confirmed as Mercury Technologies Inc via WebSearch (matches JD's Mercury Technologies, Inc.). JD itself silent on sponsorship/citizenship (only generic EEO clause) - not a wall. WebSearch snippet: 'Mercury Technologies INC sponsors H1B Visa... filed a total of 9 LCAs in fiscal year 2025... submitted 33 LCAs and LCs during fiscal years 2022-2024.' Treated as sufficient current-year sponsor evidence; did not spend further lookups given clear result.	https://job-boards.greenhouse.io/mercury/jobs/6098827004
Observe.AI	Observe.AI, Inc.	TIER-1	SPONSOR/BUILD	2 LCA records found on h1bdata.info under DOL's punctuation-stripped filer name 'OBSERVEAI INC' (Software Development Engineer $187,574; Technical Support Engineer $113,000) - thin filing history	not found (no itemized I-129 petition data surfaced)	not checked (not needed; TIER-1 via filing evidence); Observe.AI HQ is Redwood City, CA (no E-Verify mandate state) so absence would prove nothing anyway	JD-stated $130,000-$150,000 (Product Marketing Manager); nearest h1bdata anchors are a different job family (SDE $187,574, Tech Support $113,000), not directly comparable to PMM	2026-09-30	Legal name confirmed via WebSearch as Observe.AI, Inc. (Delaware corp, HQ 275 Shoreline Dr, Redwood City CA). Initial h1bdata.info query for 'Observe.AI' returned 0 records; ran positive control on 'Stripe' via the same tool (returned 1,825 real records, confirming the search mechanism works) before trusting the zero, then re-queried the broader substring 'Observe' and found the actual DOL filer name is punctuation-stripped as 'OBSERVEAI INC' with 2 LCA records - so the employer IS a filer, just thin, and the first query missed it on a punctuation/naming quirk, not a broken fetch or a non-sponsor. JD itself silent on sponsorship (only generic EEO clause) - not a wall.	https://www.observe.ai/position?gh_jid=5423306008
Secureframe	Secureframe, Inc.	TIER-1	SPONSOR/BUILD	11 LCA records on h1bdata.info spanning 2020-2025 (roles: Head of Compliance Engineering $250,000, Head of Engineering $220,000, Senior Software Engineering Manager $260,000, Senior Software Engineer $245,000, Senior Product Manager $180,000, Software Engineer $160,000, Software Engineer I $115,000; median $220,000)	not found (no itemized I-129 petition data surfaced)	not checked (not needed; TIER-1 via filing evidence); Secureframe HQ is San Francisco, CA (no E-Verify mandate state) so absence would prove nothing anyway	JD does not state a comp band for Growth Marketing Manager; nearest h1bdata anchor by seniority is Senior Product Manager $180,000 (2021) - different function, directional only	2026-09-30	Legal name confirmed via WebSearch/company records as Secureframe, Inc. (HQ San Francisco). WebSearch snippets for LCA aggregates came back empty/generic, so corroborated directly on h1bdata.info by employer name, which returned 11 real records across multiple years and roles - clear, consistent H1B sponsor. JD itself silent on sponsorship (only a fraud-prevention notice about fake recruiters and a generic EEO clause) - not a wall.	https://jobs.lever.co/secureframe/21645147-5828-4c9f-8a5f-bf651de5d54d
Stripe	Stripe, Inc.	TIER-1	SPONSOR/BUILD	267-292 LCAs FY2025 (two WebSearch sources differ slightly: Ellis reports 267 LCAs + 8 PERM greencard filings; another aggregate reports 292 LCAs + 189 LCs); ranked #129 among all visa sponsors; not H-1B dependent; h1bdata.info positive-control fetch showed 1,825 total historical records 2014-2026, median salary $144,934	not itemized by source found (aggregates are LCA/LC counts, not I-129 petition approvals); overall LCA approval rate reported as 99/100	not checked (not needed; TIER-1, very strong current-year filing evidence at scale); Stripe HQ is San Francisco, CA (no E-Verify mandate state) so absence would prove nothing anyway	JD-stated $189,400-$284,000 (Strategy & Ops Business Partner, Solution Architecture, OTE-inclusive band); h1bdata.info median across all roles/years $144,934 (broad mix, not role-specific)	2026-09-30	Legal name Stripe, Inc. (per task and confirmed in search results interchangeably as 'Stripe Inc'/'Stripe, LLC' across sources - large, unambiguous, well-known filer, no collision risk). JD itself silent on sponsorship/citizenship (only degree-field mentions under preferred/minimum quals, not a wall). Single WebSearch pass gave decisive current-year sponsor evidence at scale; used a second h1bdata.info fetch as the positive control for the Observe.AI zero-result check in this same batch, which doubled as corroboration for Stripe.	https://www.linkedin.com/jobs/view/4473543214
Seon	Seon Technologies Inc (Austin, TX operating entity; parent SEON Technologies Ltd, Budapest)	TIER-3	BUILD (downgrade)	no LCA history found under "Seon" via WebSearch or direct h1bdata.info fetch; the only h1bdata.info hit for "Seon" is "SEONHO HA DDS INC," an unrelated Los Angeles dental practice (1 record, Dentist, $82,960, 2023) -- NOT used for this verdict, classic name-collision per nightly-rules.md Step 2	not found	not checked; Austin TX is not one of the state-mandated E-Verify states (FL/TN/AZ/AL/GA/MS/NC/SC/UT/LA), so absence of evidence proves nothing	not found	2026-09-30	No sponsorship, citizenship, or OPT/CPT language found anywhere in the JD (extraction pass confirmed on re-read: "No sentences regarding work authorization, sponsorship, citizenship, clearance, required degree, or graduation year were found anywhere in this posting."). No confirmed public H-1B filing footprint for the actual company (fraud-prevention SaaS, ~400 employees, Austin HQ) under any name variant tried. Genuinely unstated + unconfirmed = TIER-3 (downgrade, not skip), consistent with Tint/Rula/Percona precedents in this file.	https://jobs.ashbyhq.com/seon/e31a14ab-d8f1-4b36-b534-f4b2e6d1efe6
Novidea	Novidea (insurtech platform, HQ London/Israel; US legal entity name not confirmed)	TIER-3	BUILD (downgrade)	no LCA history found under "Novidea" via WebSearch or direct h1bdata.info fetch (0 records); the only near-name hit, "Novedea Systems, Inc." (Plano, TX, 3 LCAs, 100% approval), is an unrelated company -- NOT used for this verdict, classic name-collision per nightly-rules.md Step 2	not found	not checked; US office location in JD is described only as "East Coast-based" with no state named, so the state-mandate E-Verify shortcut cannot be applied	not found	2026-09-30	No sponsorship, citizenship, or degree language found anywhere in the JD ("No work authorization, sponsorship, citizenship, clearance, or degree requirements mentioned in the job posting."). Small international insurtech company (~254 employees per one snippet), no confirmed US filing footprint or even a confirmed US legal-entity name. Genuinely unstated + unconfirmed = TIER-3 (downgrade, not skip).	https://www.linkedin.com/jobs/view/4445150970
Active Minds	Active Minds, Inc. (Washington, DC 501(c)(3) nonprofit, EIN 20-0587172)	TIER-3	BUILD (downgrade)	no LCA history found under "Active Minds" via WebSearch or direct h1bdata.info fetch (0 records)	not found	not checked; Washington DC is not one of the state-mandated E-Verify states (FL/TN/AZ/AL/GA/MS/NC/SC/UT/LA), so absence of evidence proves nothing	not found (JD states $68,250-$77,700/yr for this specific req)	2026-09-30	No sponsorship, citizenship, or degree language found in the JD ("No specific mentions of work authorization, sponsorship, citizenship requirements, security clearances, or degree requirements appear in this posting."). Small nonprofit (~$9.1M annual revenue), not cap-exempt eligible (youth mental-health advocacy org, not a higher-ed-affiliated or govt research nonprofit). No confirmed public H-1B filing footprint. Contact email jobs@nrgconsultinggroup.org checked per task flag: NRG Consulting Group is a real, established mission-driven-sector recruiting firm (founded 2018, nrgconsulting.group domain, 244 placements for 79 orgs in 2024 per its own site) -- judged a legitimate outsourced-recruiting arrangement, not a fraud tell, per nightly-rules.md Section 4 guidance that an off-domain address is only disqualifying when it is NOT a legitimate third-party recruiter. Genuinely unstated + unconfirmed sponsorship = TIER-3 (downgrade, not skip).	https://www.linkedin.com/jobs/view/4473282856
Maximus	Maximus, Inc.	TIER-1	SPONSOR/BUILD	40 LCAs FY2025 (1 denied/withdrawn) per WebSearch aggregation of MyVisaJobs/h1bgrader data (ranked #1,413 among sponsors)	41 I-129 petitions FY2025, 40 approved, 1 denied (~98%) per h1bgrader-derived snippet	not needed (TIER-1)	median $130,075 (Maximus Inc, all sponsored titles, FY2025); market-rate anchor for this specific title (Competitive Intelligence Analyst, not itemized by company) ~$100K-$116K per Glassdoor/Payscale/ZipRecruiter aggregates; JD-stated band $70,000-$85,000/yr plus bonus	2026-09-30	Large, current, actively-filing government-services sponsor (NYSE: MMS). No sponsorship, citizenship, or clearance language found in the JD; only a standard degree-or-equivalent-experience line ("Bachelor's degree in relevant field of study and 3+ years of relevant professional experience required, or equivalent combination of education and experience") -- not a wall, and the candidate's own field/experience are not disqualifying under this equivalent-experience language.	https://www.linkedin.com/jobs/view/4457550035
Listen Labs	Listen Labs, Inc. (legal suffix not independently confirmed via public filing record; AI customer-research platform, Harvard-origin, founded 2023, San Francisco HQ, 11-50 employees, $100M total funding led by Ribbit Capital)	TIER-1	BUILD (thin, aggregator-sourced evidence)	not isolated via direct h1bgrader.com, myvisajobs.com, or h1bdata.info search (all 3 returned no name match after repeated queries); a jobright.ai company-profile aggregator page states "4 H1B sponsorships in 2025 and 1 in 2024" -- a specific numeric claim, not a blanket yes/no tag, but NOT independently corroborated on a primary LCA database within the 4-lookup cap	not found	not checked; CA-based (San Francisco), no E-Verify mandate (AB1236 restricts its use) so absence of evidence proves nothing; moot given TIER-1 call	not stated in JD ("Competitive compensation... with meaningful equity ownership," no numeric range given)	2026-10-01	No sponsorship, citizenship, clearance, degree-field, or graduation-year language found anywhere in the JD body (confirmed on direct re-read of the full Ashby posting-api descriptionPlain text -- posting is silent on all of these). Small current-year AI startup; aggregator-level evidence of recent H1B activity (4 FY2025, 1 FY2024) is the best signal found but is thinner/less authoritative than a direct h1bgrader/myvisajobs/h1bdata.info row-level hit, so flagging as thin evidence rather than strong TIER-1.	https://jobs.ashbyhq.com/listenlabs/afe89237-a3c2-4a49-b3b8-b3b2fec1e284
Stryker	Stryker Corporation	TIER-1	SPONSOR/BUILD	630 historical LCAs FY2015-FY2026 across 22 states (ranked #1,191 of 16,683 tracked sponsors per layoffhedge, Michigan/Kalamazoo largest footprint with 195); 89 LCAs FY2025 per Ellis / 106 LCAs FY2025 + 34 LCs (green card) per another snippet (source variance); median H1B salary $115,157 (all sponsored positions); not classified as H-1B dependent employer	4 PERM green card petitions FY2025 (Ellis-derived snippet); I-129 approvals not itemized by req	not needed (TIER-1, large established medical-device company, NYSE: SYK)	JD-stated internal level bands: USN $89,300-$148,800; US5 $93,800-$156,200; US10 $98,200-$163,700; US15 $102,700-$171,100; US20 $107,200-$178,600; US30 $116,100-$193,400 (annual, Fremont CA listing)	2026-10-01	No work-authorization, sponsorship, citizenship, or clearance language found in the fetched JD content (only "Bachelor's degree required," no field specified, and generic vaccination-compliance language for sales/field roles that require customer-account access). Large, heavily evidenced, long-running H-1B sponsor; single WebSearch pass settled TIER-1 so no further lookups spent.	https://www.linkedin.com/jobs/view/4471554570
WorkOS	WorkOS Inc.	TIER-1	BUILD (thin evidence)	1 confirmed H1B LCA record on h1bdata.info (Software Engineer, $119,122, San Francisco CA, filed 2019) found via direct site-restricted search; no FY2024/2025 row-level record found via repeated h1bgrader.com/myvisajobs.com/h1bdata.info queries within the 4-lookup cap; separately, migratemate.co (visa-sponsorship aggregator) states WorkOS "sponsored fewer than 5 total visas in the last year," with E-3 (Australian citizens) as the top visa type, and explicitly lists F-1 OPT and F-1 CPT among its supported visa types	not found	not checked; CA-based (San Francisco), no E-Verify mandate (AB1236 restricts its use) so absence of evidence proves nothing; moot given TIER-1 call	JD-stated $135,000-$185,000 base salary (Ashby compensation data, includeCompensation=true)	2026-10-01	No sponsorship, citizenship, clearance, degree-field, or graduation-year language found anywhere in the JD body (confirmed: "None found in the JD body. No sentence addresses work authorization, sponsorship, citizenship, clearance, required degree field, or graduation year."). Thin but real, multi-visa-type sponsor (E-3, and explicitly F-1 OPT/CPT support per aggregator) -- low annual volume (<5/yr per aggregator), flagging as thin evidence rather than strong TIER-1, similar to the Pendo/Mixbook precedents in this file.	https://jobs.ashbyhq.com/workos/011ad0a0-33dd-45df-a676-adfddafbd6b1
Chime	Chime Financial, Inc.	TIER-1	SPONSOR/BUILD	605 historical LCAs FY2015-2026; 101 LCAs FY2025 (100 approved, 0 denied, ~99% approval); 1,064 employees per one snippet	not itemized by req; FY2025 LCA approval ~99%	not needed (TIER-1, filing evidence sufficient)	median wage $190,000 (Chime Financial Inc, all sponsored titles, FY2015-2026)	2026-10-01	WebSearch aggregation of h1bgrader/myvisajobs/layoffhedge/immihelp snippets (row-level fetch blocked). Not H1B dependent, not a willful violator. JD silent on sponsorship/citizenship/clearance (confirmed on extraction pass: "No statements found regarding work authorization, sponsorship, or citizenship requirements"). Large, current, actively-filing fintech sponsor.	https://www.linkedin.com/jobs/view/4452857445
Finix	Finix Payments, Inc.	TIER-1	SPONSOR/BUILD	27 LCAs FY2022-24 + 3 LCs (green card); 4 LCAs filed in first 3 quarters of FY2025; 7 total h1bdata.info-style salary records, median $156,000	2 I-129 petitions FY2025, 2 approved, 0 denied (100% per snippet); all petitions certified	not needed (TIER-1, filing evidence sufficient)	median $156,000 (all sponsored titles); recent filings include Frontend Software Engineer $130,000, Product Designer $140,000, Senior Manager Product and Brand Design $225,000	2026-10-01	WebSearch aggregation of myvisajobs/immihelp/h1bdata snippets. Not H1B dependent, not a willful violator. JD silent on sponsorship/citizenship/clearance (confirmed: "No statements regarding work authorization, sponsorship, citizenship requirements, security clearances, required degree fields, or graduation years appear in this posting"). Real, current-year sponsor.	https://www.linkedin.com/jobs/view/4463593573
Fox World Travel	Fox World Travel, Inc.	TIER-3	BUILD (downgrade)	0 records found on h1bdata.info direct WebFetch ("0 records was found, try search again") under "Fox World Travel"; confirmed genuine (not a broken fetch) via same-batch positive control: an identical WebFetch call to h1bdata.info for NexHealth in this same batch returned 17 real, current, row-level records	not found	not checked; Oshkosh/Appleton WI-based (hybrid req) -- Wisconsin is not one of the state-statute E-Verify-mandate states (FL/TN/AZ/AL/GA/MS/NC/SC/UT/LA), so absence of evidence proves nothing	not found	2026-10-01	Small, family-owned Wisconsin travel agency (Appleton/Oshkosh). No confirmed public H-1B filing footprint found via WebSearch (2 lookups) or a direct h1bdata.info fetch (1 lookup; 3 of 4-lookup cap used). JD silent on sponsorship/citizenship (confirmed: "No statements found regarding work authorization, sponsorship, or citizenship requirements"). Genuinely unstated + non-E-Verify-confirmed = TIER-3 (downgrade, not skip) per tier order, consistent with the Tint/Rula/Seon precedents in this file.	https://www.linkedin.com/jobs/view/4459348329
KidKare by MinuteMenu	MinuteMenu / KidKare (exact legal-entity suffix not confirmed via public filing record; acquired by Valsoft Corporation January 2026; HQ Richardson, TX; 11-50 employees)	TIER-3	BUILD (downgrade)	0 records found on h1bdata.info direct WebFetch under "Minute Menu"/"MinuteMenu"/"KidKare" ("0 records was found, try search again"); confirmed genuine via same-batch positive control (NexHealth fetch, same tool, same batch, returned 17 real records)	not found	not checked; Richardson, TX-based -- Texas is not one of the state-statute E-Verify-mandate states (FL/TN/AZ/AL/GA/MS/NC/SC/UT/LA), so absence of evidence proves nothing	not found (JD comp band not stated)	2026-10-01	Small (11-50 employee) CACFP compliance-software company, recently acquired by Valsoft (a serial vertical-software acquirer) in January 2026. No confirmed public H-1B filing footprint found under either brand name via WebSearch (2 lookups) or a direct h1bdata.info fetch (1 lookup; 3 of 4-lookup cap used). JD silent on sponsorship/citizenship (confirmed: "No statements found regarding work authorization, visa sponsorship, citizenship requirements, or security clearance needs"). Genuinely unstated + non-E-Verify-confirmed = TIER-3 (downgrade, not skip).	https://www.linkedin.com/jobs/view/4473929500
NMI	Network Merchants, Inc. (dba NMI; Schaumburg, IL payment gateway) -- also searched as "NMI LLC"; NOT to be confused with "National Mortgage Insurance Corporation," an unrelated entity that surfaced in search and was NOT used	TIER-3	BUILD (downgrade)	0 records found on h1bdata.info direct WebFetch under both "Network Merchants" and "NMI LLC" ("0 records was found, try search again" both times); confirmed genuine via same-batch positive control (NexHealth fetch, same tool, same batch, returned 17 real records); WebSearch also surfaced no employer-specific data under either name (only the unrelated National Mortgage Insurance Corp)	not found	not checked; Schaumburg, IL-based -- Illinois is not one of the state-statute E-Verify-mandate states (FL/TN/AZ/AL/GA/MS/NC/SC/UT/LA), so absence of evidence proves nothing	not found	2026-10-01	Name-collision risk flagged per Step 2: WebSearch repeatedly surfaced "National Mortgage Insurance Corporation" (15 LCAs, unrelated mortgage-insurance company) instead of the actual payment-gateway employer -- explicitly NOT used. 4-lookup cap reached (2 WebSearch + 2 WebFetch) with no confirmed filing footprint found under any legal-name variant tried. JD's EEO clause ("citizen status (except those that do not have the legal right to be employed in the United States)") read as standard non-discrimination boilerplate per extraction-pass flag, not a sponsorship wall -- confirmed on review, this is generic EEO language listing citizenship as a protected category, not an eligibility requirement. Genuinely unstated + non-E-Verify-confirmed = TIER-3 (downgrade, not skip).	https://www.linkedin.com/jobs/view/4465031795
NexHealth	NexHealth, Inc.	TIER-1	SPONSOR/BUILD	17 total LCA/salary records confirmed via direct h1bdata.info WebFetch, spanning 2021-2026; includes current FY2026 filings (Demand Generation Lead x2, Senior Software Engineer x1, Onboarding Operations Manager x2)	not itemized; h1bdata.info salary rows do not carry approval status, no denial signal found	not needed (TIER-1, filing evidence sufficient)	median salary $177,029 (h1bdata.info, all 17 records, all job families); JD-stated $160,000-$215,000 base for this Senior PM req broadly corroborates	2026-10-01	Confirmed current, actively-filing sponsor via direct h1bdata.info fetch (WebSearch alone surfaced only thin historical hits from 2017/2021/2023). Filing history spans diverse job families beyond engineering (Demand Generation Lead, Onboarding Operations Manager, Accountant), not just a single-function sponsor. JD silent on sponsorship/citizenship (confirmed: "None mentioned in the job posting"). Real, current, well-evidenced sponsor.	https://www.linkedin.com/jobs/view/4455949368
OKX	OKC USA Holding Inc. (Delaware foreign profit corp, filed 2021-08-27; principal address San Jose, CA; confirmed US employment/H-1B-filing vehicle for OKX)	TIER-1	SPONSOR/BUILD	41 historical LCAs (average salary $148,379); 12 LCAs FY2025 per one snippet, 8 LCA filings in 2025 per another	6 LCs (green card) filed FY2025 alongside LCAs; I-129 approvals not itemized by req	not needed (TIER-1, filing evidence sufficient)	average salary $148,379 (OKC USA Holding Inc, all sponsored titles, historical); JD-stated $223,333-$268,333 for this Sr PM Risk Platform req (above the historical average, consistent with a senior/specialized title)	2026-10-01	Entity confirmed via WebSearch/Sunbiz corporate filing: OKC USA Holding Inc. is OKX's US legal/employment vehicle (offices in San Francisco and San Jose, CA), with past filings directly on-point for this req's job family (2022 Localization Program Manager, 2023 Senior Risk Analytics Manager). JD silent on sponsorship/citizenship/clearance (confirmed: "No specific statements about work authorization, sponsorship, citizenship, or clearance found"). Real, current, actively-filing sponsor.	https://www.linkedin.com/jobs/view/4442687758
Pilot	Pilot.com, Inc.	TIER-1	SPONSOR/BUILD	22 total LCAs since 2008 (median salary $174,000, 100% approval rate); 6 LCAs FY2025 + 0 LCs (green card)	100% approval rate per snippet (22/22 historical); not itemized by individual petition	not needed (TIER-1, filing evidence sufficient)	median H1B salary $166,500 (avg $167,543); average prevailing wage $127,494; filing history includes the exact job family "Senior Product Manager" directly, strong match for this req	2026-10-01	WebSearch aggregation of immihelp/h1bgrader/myvisajobs/h1btrends snippets. Not H1B dependent. JD silent on sponsorship/citizenship/clearance (confirmed: "No statements found regarding work authorization, visa sponsorship, citizenship requirements, security clearances, required degree field, or graduation year"). Real, current, well-evidenced sponsor with a direct title match (Senior Product Manager, Financial Analyst, Principal, CFO Services all on file).	https://www.linkedin.com/jobs/view/4472219992
Redox	Redox, Inc.	TIER-1	BUILD (thin, current evidence)	6 LCAs FY2022-24 + 0 LCs (green card); 1 LCA filed FY2025 + 1 prevailing-wage-determination request	not itemized; not H1B dependent	not needed (TIER-1, thin-but-current evidence)	not found (no median salary isolated from snippets); JD-stated $165,000-$190,000 for this req	2026-10-01	WebSearch aggregation of immihelp/myvisajobs snippets. Small but real, current-year sponsor (healthcare-data interoperability platform, 250+ clients, founded 2014). JD's only sponsorship-adjacent text is a US-residency/remote-eligibility requirement ("Successful candidates must be eligible to be employed in the U.S. and must reside & work in the continental U.S."), which is a geographic/authorization-to-work statement, not a stated sponsorship denial -- not a wall per nightly-rules.md. Thin volume (6-7 LCAs across FY22-25) -- flag for the candidate, consistent with the Pendo/Mixbook/Windfall precedent in this file.	https://jobs.lever.co/redoxengine/16433cf3-3226-4e9e-b04e-71c85af443a7
VSCO	Visual Supply Company	TIER-1	BUILD (thin evidence, recent slowdown)	13 total LCA/salary records confirmed via direct h1bdata.info WebFetch, spanning 2019-2023; most recent record 2023 (Senior Software Engineer, Dallas TX, $153,000, employment period through Nov 2026); no 2024-2026 activity found	not itemized; h1bdata.info salary rows do not carry approval status, no denial signal found	not needed (TIER-1, historical + thin-current evidence); SF/Oakland CA-based, no state E-Verify mandate either way (not checked)	median salary $162,000 (h1bdata.info, 13 records, mostly Oakland CA engineering titles); JD-stated $180,000-$210,000 for this Senior PM req	2026-10-01	Confirmed current legal entity (Visual Supply Company = VSCO) via WebSearch/h1bdata.info. Real filing history 2019-2023 (13 records) but no confirmed activity in the most recent 2-3 years -- flag as a recent slowdown, same pattern as the Calm/Drata/Canva precedents in this file. JD silent on sponsorship/citizenship/clearance (confirmed: "No statements found regarding work authorization, visa sponsorship, citizenship requirements, security clearance, required degree field, or graduation year").	https://www.linkedin.com/jobs/view/4445788895
MoeGo	MoeGo Inc.	TIER-1	BUILD	1 LCA all-time (visa rank #73,115) per one myvisajobs-derived snippet; 6 LCAs filed in the first three quarters of FY2025 per another snippet (figures vary across WebSearch-aggregated myvisajobs snippets, same source family)	2 I-129 petitions FY2025, 2 approved, 0 denied (100%)	not needed (TIER-1, thin evidence)	not found	2026-10-02	Small pet-grooming-business SaaS startup (Los Angeles, CA; Other Services industry per myvisajobs profile, matches JD's Salesforce-admin/RevOps role). No stated wall in the JD -- confirmed silent on sponsorship/citizenship/clearance/degree on direct read. Real, current-year sponsor despite thin volume.	https://jobs.ashbyhq.com/moego/8aa116af-0934-424b-80ea-296caef3d6e4
ElevenLabs	Eleven Labs Inc. (also indexed as "ElevenLabs Inc." in some sources)	TIER-1	BUILD (thin evidence, recent slowdown)	1 LCA FY2022-24; 0 LCAs reported for the first three quarters of FY2025 per one snippet	not itemized	not needed (TIER-1, thin evidence)	not found	2026-10-02	AI voice-synthesis company (~400 employees as of 2026). One WebSearch-derived aggregator states H-1B sponsorship "is confirmed for full-time international candidates" in principle, corroborated by a thin but real filing record under "Eleven Labs Inc." A separate "Eleven Inc" record (unrelated company, pre-2012 filings) surfaced in search and was explicitly NOT used -- name-collision risk per Step 2. No stated wall in the JD; confirmed silent on sponsorship/citizenship/clearance/degree on direct read.	https://www.linkedin.com/jobs/view/4474361709
Sauce Labs	Sauce Labs Inc.	TIER-1	BUILD (thin evidence, recent slowdown)	2 LCAs all-time + 1 LC (green card), all certified, per myvisajobs-derived snippet; 0 LCAs reported for the first three quarters of FY2026	3 I-129 petitions FY2025, 3 approved, 0 denied (100%)	not needed (TIER-1)	not found	2026-10-02	Test-automation SaaS (San Francisco, 42 employees per myvisajobs profile, matches JD company description). Real, evidenced FY2025 sponsor though thin volume and a visible FY2026 slowdown -- flag for the candidate, same pattern as the Calm/Drata precedent in this file. No stated wall in the JD.	https://www.linkedin.com/jobs/view/4463066621
Assemble	Assemble, Inc. (acquired by Deel, Inc. in Dec 2024; product now operates as "Deel Compensation, previously Assemble" per the company's own LinkedIn page -- scored under parent per nightly-rules.md acquired-brand guidance, no independent post-acquisition filing footprint found for "Assemble, Inc." alone)	TIER-1	BUILD	Deel, Inc. (parent): 81 LCAs FY2025 (4 denied/withdrawn) per MyVisaJobs; a separate h1bgrader-derived snippet shows 4 LCAs FY2025 (methodology/timing variance, same source family); not itemized separately for the Assemble product line	44 I-129 petitions FY2025, 39 approved, 5 denied (~89%) per MyVisaJobs	not needed (TIER-1)	median salary $182,811 (Deel Inc, all sponsored positions)	2026-10-02	Assemble (compensation-benchmarking software, SF) was acquired by Deel in December 2024; scored under the parent's published, current, evidenced H-1B sponsorship per nightly-rules.md acquired-brand guidance. No stated wall in the JD -- confirmed silent on sponsorship/citizenship/clearance/degree on direct read.	https://www.linkedin.com/jobs/view/4472816001
Hex	Hex Technologies Inc.	TIER-1	BUILD	4 LCAs all-time (visa rank #21,487); 3 LCAs FY2026	1 I-129 petition FY2026, 1 approved, 0 denied	not needed (TIER-1, thin evidence)	JD-stated $177,000-$300,000 base + equity for this req	2026-10-02	Data/analytics SaaS platform (San Francisco, Information industry per myvisajobs profile, matches JD; raised $100M+ from Sequoia/a16z/Snowflake/Amplify). Real, current-year, thin-but-confirmed sponsor. No stated wall in the JD.	https://jobs.ashbyhq.com/hex/f3aea08b-0556-4a3d-b743-9c8ebc67e248
Fieldwire by Hilti	Hilti Fieldwire, Inc. (US H-1B-filing subsidiary; Fieldwire acquired by Hilti Group in 2021)	TIER-1	BUILD	34 LCAs 2022-2025 (100% certified, 0 denied) across 8 locations incl. San Francisco CA, Virginia Beach VA, Bellevue WA; 9 LCAs filed in the first three quarters of FY2025 + 2 green-card labor petitions; 5 LCAs FY2025 (5/5 approved) per a separate snippet	100% approval rate reported across all snippets; not itemized as a separate petition count	not needed (TIER-1)	median H1B salary $161,000 (Hilti Fieldwire, all sponsored titles); JD-stated $116,000-$142,000 (RevOps Associate req) and $130,000-$160,000 (PMM req)	2026-10-02	Fieldwire (construction field-management software) acquired by Hilti Group in 2021; confirmed US filing entity "Hilti Fieldwire, Inc." via immihelp/h1bgrader/h1btrends, a well-evidenced, current, actively-filing sponsor. One verdict covers both open reqs in this batch (Revenue Strategy & Operations Associate; Product Marketing Manager) -- no stated wall in either JD.	https://www.linkedin.com/jobs/view/4473267829
Altera	Altera Corporation	TIER-1	BUILD	26 LCAs FY2026 (MyVisaJobs), 25 I-129 petitions filed FY2026	25 approved / 0 denied FY2026	not needed (TIER-1)	not stated in JD	2026-10-02	Current, actively-filing semiconductor/FPGA sponsor (Intel spinoff, San Jose, CA). Not H-1B dependent, not a willful violator, ranked #1,432 among all sponsors. No stated wall in the JD (only a BS-degree-in-engineering preferred line).	https://www.myvisajobs.com/employer/altera/
Amazon	Amazon.com Services LLC (same filer as the Amazon Web Services (AWS) cache entry; Amazon retail/devices and AWS share this legal entity)	TIER-1	BUILD	reused from Amazon Web Services (AWS) entry: 15,227-15,529 LCAs FY2025, #1 among all visa sponsors	15,196 approved / 3 denied of 15,227 filed	not needed (TIER-1)	not stated in JD	2026-10-02	Brand-name companion to the existing "Amazon Web Services (AWS)" cache row -- same legal filer (Amazon.com Services LLC), so the evidence carries over per nightly-rules ("search the full legal entity, not the brand"). No stated wall in the JD (Tablet Platform PM req).	https://www.linkedin.com/jobs/view/4455797715
ClickHouse	ClickHouse, Inc.	TIER-1	BUILD (thin evidence)	9 LCAs FY2022-2024 (MyVisaJobs), 6 LCAs + 2 green-card LCs in first 3 quarters FY2025	2 I-129 petitions FY2025, both approved, 0 denied	not needed (TIER-1, thin-but-current evidence)	not stated in JD	2026-10-02	Small but real, current-year database/analytics startup sponsor (Portola Valley, CA). Not H-1B dependent, not a willful violator, all historical LCAs certified. No stated wall in the JD.	https://h1bgrader.com/h1b-sponsors/clickhouse-inc-d0g9onr5ko
Captura (Studio Ninja)	Captura.io / Studio Ninja (small photography-SaaS company; posting placed by recruiting agency ClosedWon Talent, not the employer of record)	TIER-3	BUILD (downgrade)	0 records found on h1bgrader/myvisajobs under Captura.io or Studio Ninja	not found	not checked; small team, CA-eligible small-business E-Verify carve-outs likely apply	not stated in JD	2026-10-02	Small, profitable bootstrapped SaaS ($4M ARR, 11,000+ subscribers per JD). No LCA/H1B filing history found under either brand name. No stated wall in the JD. Posting is agency-placed (ClosedWon Talent, a GTM recruiting firm) but names the real employer explicitly in the JD body -- tracked under the real employer, not the agency. Genuinely unstated + unconfirmed = TIER-3 (downgrade, not skip).	https://www.linkedin.com/jobs/view/4472816263
Delta Electronics Americas	Delta Electronics (Americas) Ltd.	TIER-1	BUILD	30 LCAs FY2025 (MyVisaJobs), ranked #2,823 among all sponsors	18 I-129 petitions FY2025, 18 approved, 0 denied	not needed (TIER-1)	not stated in JD	2026-10-02	Current, actively-filing power-electronics manufacturer (Fremont, CA HQ for the Americas unit). Not H-1B dependent, not a willful violator. No stated wall in the JD (only a bachelor's-degree preferred line).	https://www.myvisajobs.com/employer/delta-electronics-americas-ltd/
JFrog	JFrog Ltd.	TIER-1	BUILD	19 LCAs + 7 green-card LCs FY2025 (MyVisaJobs); 1 LCA + 9 prevailing-wage requests FY2026 (early-year snapshot)	18 I-129 petitions FY2025, 18 approved, 0 denied	not needed (TIER-1)	not stated in JD	2026-10-02	Current, actively-filing DevOps/security sponsor (Sunnyvale, CA). Not H-1B dependent, not a willful violator. No stated wall in the JD.	https://www.myvisajobs.com/employer/jfrog/
Maven Clinic	Maven Clinic Co.	TIER-1	BUILD	23 LCAs historical (MyVisaJobs/h1bgrader aggregate); 5 LCAs + 3 green-card LCs FY2026	4 I-129 petitions FY2026, 4 approved, 0 denied (also 2/2 LCA FY2026 approval cited separately)	not needed (TIER-1)	not stated in JD	2026-10-02	Current, actively-filing women's/family health telehealth sponsor (NY). No stated wall in the JD.	https://www.ellis.com/visa-sponsors/maven-clinic-co/h1b
Momentive Software	Momentive Software, Inc. (TA Associates-backed nonprofit/association SaaS platform, formerly Community Brands) -- CORRECTION 2026-10-02: an earlier pass in this same cache conflated this with the unrelated "Momentive Inc." (formerly SurveyMonkey) entity due to identical search-result naming; that evidence has been removed as a misattribution, not reused here. Also distinct from "Momentive Performance Materials USA," a chemicals company.	TIER-3	BUILD (downgrade)	0 records found specifically under "Momentive Software" or "Community Brands" on h1bgrader/myvisajobs after two WebSearch passes; all hits returned the unrelated SurveyMonkey entity's data	not found	not checked (nonprofit/association SaaS vertical; no E-Verify mandate signal found)	not stated in JD	2026-10-02	PE-backed (TA Associates), mid-size nonprofit/association software company. No LCA/H1B filing history confirmed for this specific legal entity after ruling out the SurveyMonkey homonym. JD's only work-eligibility line is standard I-9 boilerplate ("eligibility to work in the United States (without sponsorship)... to complete the required employment eligibility verification form upon hire") -- read as generic I-9 verification disclosure, not a forward-looking sponsorship denial, per nightly-rules.md's "a generic 'must be authorized to work'" non-wall exception. Genuinely unstated + unconfirmed = TIER-3 (downgrade, not skip).	https://momentivesoftware.com/
Phihong Technology USA	Phihong USA Inc. (US subsidiary of Phihong Technology Co., Ltd., Taiwan)	TIER-3	BUILD (downgrade)	0 records found on h1bgrader/myvisajobs under "Phihong USA" across two WebSearch passes	not found	not checked (Fremont, CA; no E-Verify mandate)	not stated in JD	2026-10-02	Small US subsidiary of a Taiwanese power-electronics manufacturer. No LCA/H1B filing history found under the US subsidiary name. No stated wall in the JD (only a communications/marketing bachelor's-degree preferred line). Genuinely unstated + unconfirmed = TIER-3 (downgrade, not skip).	https://www.linkedin.com/jobs/view/4472804538
Sydecar	Sydecar, Inc.	TIER-3	BUILD (downgrade)	0 records found on h1bgrader/myvisajobs under "Sydecar" across WebSearch	not found	not checked (San Francisco, CA; no E-Verify mandate)	not stated in JD	2026-10-02	Small, recent fintech/legal-tech startup (SPV and cap-table administration for VCs). No LCA/H1B filing history found. No stated wall in the JD. Genuinely unstated + unconfirmed = TIER-3 (downgrade, not skip).	https://www.linkedin.com/jobs/view/4436820866
Early Warning	Early Warning Services, LLC	N/A	SKIP (req-level hard wall)	not researched (hard wall makes further lookup unnecessary)	not researched	not researched	not stated in JD	2026-10-02	JD states verbatim: "This position is ineligible for employment Visa sponsorship." -- explicit, unambiguous req-level hard wall per nightly-rules.md.	https://www.linkedin.com/jobs/view/4437477442
Supabase	Supabase, Inc.	N/A	SKIP (req-level hard wall)	not researched (hard wall makes further lookup unnecessary)	not researched	not researched	not stated in JD	2026-10-02	JD states verbatim: "we don't sponsor work visa or relocations, you already need to be based in the Bay Area" -- explicit, unambiguous req-level hard wall per nightly-rules.md.	https://jobs.ashbyhq.com/supabase/68a397e7-8a1a-4566-ae41-e8c61dd6ed93
LegalZoom	LegalZoom.com, Inc.	TIER-1	BUILD	5 LCAs filed FY2025, 100% certified (h1bgrader); ~100 historical H1B hires across 11 locations (USCIS data hub, as of Aug 2025)	Historical USCIS approval rate ~81.97%; not H-1B Dependent, not a Willful Violator	Enrolled - stated directly in JD: "LegalZoom is enrolled in the E-Verify program"	$121,500-$216,000 base + bonus/incentive/RSU (JD)	2026-10-02	JD itself states "LegalZoom is enrolled in the E-Verify program"; no sponsorship/citizenship/clearance wall found. Corroborated by h1bgrader.com LCA data and USCIS H-1B employer data hub showing active, successful sponsorship history.	https://h1bgrader.com/h1b-sponsors/legalzoom-dot-com-inc-vx23mzoxkg ; https://h1bdata.info/index.php?em=legalzoom ; JD jds/legalzoom-senior-product-marketing-manager.md
Molex	Molex, LLC	TIER-1	BUILD	535 LCAs on file total; 72 LCAs filed in 2025 (h1bgrader/ellis.com); 95 LCAs FY2025, 100% certified	54 Form I-129 petitions filed FY2025, 54 approved, 0 denied (100% approval)	Not independently verified this run (not needed - strong TIER-1 sponsorship evidence already established); JD contains no E-Verify statement	$150,000-$220,000/yr + variable pay (JD)	2026-10-02	JD (jds/molex-technical-marketing-manager.md) has no sponsorship, citizenship, or clearance language - silence only. WebSearch aggregate (h1bgrader.com, ellis.com) shows Molex LLC (a Koch company) is an active, high-volume H-1B sponsor with near-100% LCA and petition approval rates.	https://h1bgrader.com/h1b-sponsors/molex-llc-1ok8jerw2d ; https://www.ellis.com/visa-sponsors/molex-llc ; JD jds/molex-technical-marketing-manager.md
Dexian	Dexian LLC	TIER-1	BUILD	48 LCAs filed FY2025, 45 approved (93% approval) per h1bgrader.com - note: filings are concentrated in IT/technical titles (Mainframe Developer, Sr Full Stack Engineer Java, Application Architect, IT Project Manager, Data Analyst), not marketing roles, so this is employer-wide sponsor evidence, not role-specific	Not found - I-129 petition approval figures were not surfaced in this run; LCA data only	Not verified this run (not needed for TIER-1 call based on LCA evidence + absence of a JD wall)	$88.00-$90.85/hr, 1-year contract, approx $183,000-$189,000/yr annualized (JD)	2026-10-02	Role is Dexian (staffing firm) placing a 1-year contractor onto an unnamed client's Mid-Market Marketing team; Dexian itself is the legal/payroll employer for H-1B purposes. JD (jds/dexian-customer-marketing-manager.md) has no sponsorship/citizenship/clearance wall - silence only. WebSearch shows Dexian LLC is an active H-1B sponsor at the entity level, though the LCA mix is predominantly technical/IT roles rather than marketing - flagged as a caveat, not a disqualifier, per employer-level (not role-level) sponsorship evidence rule.	https://h1bgrader.com/h1b-sponsors/dexian-llc-p0lg3o8m2l ; JD jds/dexian-customer-marketing-manager.md
Rillet	Rillet, Inc. (legal suffix not independently confirmed this run; operates as "Rillet")	TIER-3	BUILD (downgraded)	0 - no H-1B LCA/petition history found in aggregate USCIS/H1B-database search results	0 / not found	Could not verify. HQ in SF, CA and/or NYC, NY - neither state compels E-Verify by statute (CA has no mandate; NY is not on the compelled-state list), so the state shortcut does not apply. E-Verify.gov's own Tableau dashboard was not queryable via available tools this run (known tool limitation per nightly-rules.md); a blank result here is explicitly NOT treated as a negative. Found only a routine "do you now or will you in future require sponsorship" intake question on Rillet's Ashby application form for an unrelated req (Founders Associate) - this is a standard intake question, not a stated wall and not a sponsorship commitment.	Base salary (Tier A): $150,000-$175,000 + equity (JD)	2026-10-02	JD (jds/rillet-revenue-operations-manager.md) is fully silent on sponsorship/citizenship/clearance - "None found." Rillet is a ~2023-founded, fast-growing but still young startup (recently raised $100M Series C at $1B valuation per CrowdfundInsider/GlobeNewswire) with no H-1B filing history found and unconfirmed E-Verify status. Per track rules this defaults to TIER-3: build, but downgrade the score; not a skip since there is no stated wall.	https://www.crowdfundinsider.com/2026/08/300472-ai-erp-platform-rillet-reports-100m-series-c-funding-round/ ; JD jds/rillet-revenue-operations-manager.md
Vibrant Wellness	Vibrant Wellness LLC	TIER-1	BUILD	8 LCAs FY2022-2024; 5 LCAs FY2025 Q1-Q3 (H-1B dependent employer classification per source)	1 of 1 I-129 petitions approved FY2025 (100%)	not checked (unnecessary; sponsor status evidenced)	JD states $110,000-$130,000/yr	2026-10-02	JD silent: "None found. No statements regarding work authorization, visa sponsorship, citizenship, security clearance, required degree, or graduation year appear in the extracted content." WebSearch snippet (h1bgrader via Google aggregate): "Vibrant Wellness Llc filed 8 labor condition applications (LCAs) for H-1B visas...during fiscal years 2022-2024...In fiscal year 2025 filed 1 Form I-129 petition for H-1B visas, of which 1 was approved...classified as H-1B dependent. All petitions were certified, indicating a 100% approval rate."	https://h1bgrader.com/h1b-sponsors/vibrant-wellness-llc-d1k9ew4q2m
Instawork	Garuda Labs Inc (D/B/A Instawork)	TIER-1	BUILD	24 LCAs total historical; 2 in 2025, 8 in 2024, 4 in 2023, 5 in 2021	not found (I-129 approval count not reported in available snippets); 4 PERM green card petitions filed	not checked (unnecessary; sponsor status evidenced)	JD states base $160,000-$185,000 (CA-based)	2026-10-02	JD silent: "No statements regarding work authorization, sponsorship, citizenship, clearance requirements, or required degrees were identified." WebSearch snippet (h1bgrader): "Garuda Labs Inc D B A Instawork...has filed 24 H1B applications and 4 PERM green card petitions. The median salary for sponsored positions is $171,500...not classified as an H-1B dependent employer."	https://h1bgrader.com/h1b-sponsors/garuda-labs-inc-dba-instawork-vk48goqy0w
Trimble Inc.	Trimble Inc.	TIER-1	BUILD	474 LCAs FY2015-FY2026; 54 LCAs FY2025 (54 approved, 0 denied)	26 of 26 I-129 petitions approved FY2025 (100%)	not checked (unnecessary; sponsor status evidenced)	JD states $122,500-$168,400/yr, bonus eligible, not commission eligible	2026-10-02	JD only degree/experience language: "BA/BS Degree in Accounting, Finance, or Information Systems" plus "5+ years...with a heavy focus on systems execution" - not an OPT/CPT or citizenship wall, no sponsorship statement found. WebSearch snippet (h1bgrader): "Trimble Inc filed 54 LCAs in fiscal year 2025, of which 54 were approved and 0 were denied...filed 26 Form I-129 petitions for H-1B visas, of which 26 were approved and 0 were denied...474 H-1B labor condition applications from FY2015 to FY2026."	https://h1bgrader.com/h1b-sponsors/trimble-inc-4l0y5w1v2x
Precisely	Precisely Software Incorporated (successor to Syncsort Incorporated; confirmed via Precisely's own legal-entities page and a GovTribe vendor record listing "Precisely Software Incorporated" under the Syncsort Incorporated vendor ID)	TIER-1	BUILD	Predecessor entity (Syncsort, Inc.) filed 37 LCAs FY2019-2021, 0 denied/withdrawn; current-entity LCA count under the Precisely name not found within the 4-lookup cap	6 labor certifications (PERM green card) FY2019-2021 under Syncsort, Inc.; current-entity I-129 approval count not found within cap	not checked (unnecessary; predecessor-entity sponsor history evidenced)	not stated in JD	2026-10-02	JD only degree language: "Bachelor's degree in Business, Finance, Economics, Analytics, Information Systems, or a related field" (equivalent experience accepted) - not a wall, no sponsorship/citizenship/clearance statement found. Name-collision risk flagged and resolved: a top search hit ("Precisesoft Inc") is an unrelated staffing firm, not this employer - confirmed via precisely.com/legal/legal-entities and GovTribe cross-reference. WebSearch snippet (MyVisaJobs, on the Syncsort Inc. legal predecessor): "Syncsort, Inc. has filed 37 labor condition applications for H1B visa and 6 labor certifications for green card from fiscal year 2019 to 2021...0 LCA for H1B Visa and 0 LC for green card have been denied or withdrawn during the same period."	https://www.myvisajobs.com/Visa-Sponsor/Syncsort/522879.htm ; https://www.precisely.com/legal/legal-entities/ ; https://govtribe.com/vendors/syncsort-incorporated-5f630
Anaconda	Anaconda, Inc.	TIER-1	BUILD	14 LCAs FY2022-2024 (all certified); 4 LCAs FY2026 (all approved)	FY2025: 3 Form I-129 petitions filed, 3 approved, 0 denied	not needed (TIER-1)	JD states $135,000-$175,500 (NYC/SF) or $101,500-$149,000 (rest of US) base	2026-10-02	JD (jds/anaconda-sr-gtm-operations-business-partner.md) has no sponsorship/citizenship/clearance language -- silence only, not a wall: "No explicit statements regarding work authorization, sponsorship, citizenship requirements, or security clearance needs." Anaconda Inc. confirmed active H-1B sponsor via WebSearch aggregation of h1bgrader.com and myvisajobs.com (Austin, TX; Professional/Scientific/Technical Services; not H-1B dependent, not a willful violator). No req-level carve-out found.	https://www.linkedin.com/jobs/view/4464580585
Automatiq	Broker Genius Inc. (d/b/a Automatiq)	TIER-1	BUILD (dated evidence -- see caveat)	7 LCAs certified 2019; 8 certified 2018; 9 certified 2017; no filings found FY2020-FY2026 under either "Broker Genius Inc" or "Broker Genius LLC"	not found for recent years; no I-129 petition-level data found	not checked (TIER-1 via historical LCA evidence; NY has no state E-Verify mandate so would not have been dispositive anyway)	JD states $75,000-$85,000/year base for Pricing Analyst	2026-10-02	JD (jds/automatiq-pricing-analyst.md) has no sponsorship/citizenship/clearance language, only "Bachelor's Degree...strongly preferred" (not a hard requirement, candidate meets it anyway). CAVEAT: "Automatiq" collides heavily in search with the unrelated "Automattic Inc." (WordPress) -- confirmed the correct legal entity is Broker Genius Inc. via automatiq.com's own Terms & Conditions page ("The Service is owned by Broker Genius Inc."), per Crunchbase/automatiq.com. Broker Genius Inc/LLC has certified H-1B LCA history but a 6+ year gap in filings since 2019 -- real evidence of past sponsorship, but recency is weak. Scored as TIER-1 on filing evidence, flagged dated for downstream scoring.	https://jobs.lever.co/automatiq/1b1c5252-9c59-4581-88d0-134d36dbf6e3
Lance	Lance AI, Inc.	TIER-3	BUILD (downgrade)	no LCA history found (10-person company, founded 2026, seed-stage YC W26 startup -- too new/small for any filing history; "not found" is a true non-finding, not a confirmed zero)	not found	could not verify -- no E-Verify record found via WebSearch; Lance is based in San Francisco, CA, which has no state E-Verify mandate (AB 1236 restricts its use), so absence of evidence is non-informative per nightly-rules.md Step 4 logic	JD states $140,000 base Cash plus equity, bonus, stipend	2026-10-02	JD (jds/lance-product-marketing-manager.md) has no sponsorship/citizenship/clearance language beyond a degree preference, which is not a hard wall. Verified correct entity: "Lance AI, Inc." (hospitality AI agents, Marriott/Hilton/Hyatt clients, YC W26, $5.0M seed April 2026, ~10 employees, San Francisco) -- confirmed via ycombinator.com, seedtable.com, trysignalbase.com; explicitly distinguished from the unrelated staffing firm "LanceSoft Inc" (Herndon VA, 84+ LCAs) which shares the brand name. No sponsorship stated + no E-Verify confirmation = TIER-3 per tier order: downgrade score, do not skip.	https://jobs.ashbyhq.com/Lance/a4d0d349-2642-4f96-b8aa-f283366a1507
Block	Block, Inc.	TIER-1	BUILD	274 LCAs FY2025 (ranked #155 among all visa sponsors); 55 LCAs FY2026; 25 prevailing-wage determination requests FY2026	FY2026: 39 Form I-129 petitions filed, 37 approved, 2 denied; 92 labor certifications (green card) FY2025	not needed (TIER-1)	JD states Zone A $198,000-$297,000; Zone B $184,200-$276,200; Zone C $174,200-$261,400; Zone D $164,300-$246,500	2026-10-02	JD (jds/block-product-gtm-operations-senior-manager.md) has no sponsorship/citizenship/clearance language: "No specific statements regarding work authorization, sponsorship, citizenship, or degree/graduation-year requirements appear in the extracted content." Confirmed full legal entity "Block, Inc." (formerly Square, parent of Cash App; Oakland, CA; 1,844 employees per filing data; not H-1B dependent, not a willful violator) via WebSearch aggregation of myvisajobs.com and h1bgrader.com -- avoided collision with unrelated "Blockstream"/"Blockcast"/"Build Block"/"H&R Block" records that surfaced in the same search.	https://www.linkedin.com/jobs/view/4465808960
Heron Data	Heron Data, Inc. (New York/London; Series A, YC S20 batch; exact corporate suffix not independently confirmed via filing lookup, best available from company "About" text)	TIER-3	BUILD (downgrade)	no LCA/H1B history found under "Heron Data" via WebSearch after 4 lookups (cap reached); search surfaced only unrelated "Heron Evidence Development" and "Blue Heron Consulting" records, NOT used	not found	not checked; posting is NYC-based and New York is not on the compelled E-Verify-by-statute list (FL/TN/AZ/AL/GA/MS/NC/SC/UT/LA), so absence of evidence proves nothing per nightly-rules.md Step 4	$150,000-$220,000 annually + equity (JD-stated)	2026-10-03	JD contains no sponsorship/citizenship/clearance/OPT-CPT/degree-field/graduation-year sentence; only line found is generic: "Applicants of all backgrounds and genders are welcome. We do not tolerate discrimination." Genuinely unstated + unconfirmed E-Verify + no filing footprint = TIER-3 (downgrade, not skip), consistent with Tint/AI Fund/Rula precedent in this file. SEPARATE FLAG (not a visa-gate call): the shortlist tagged this row's location as "San Francisco Bay Area, CA" but the JD itself states throughout "a full-time role based in New York City, where the team works in person" -- location discrepancy for the scoring/build agent to resolve, not resolved here.	https://jobs.ashbyhq.com/herondata/ee2e9119-aac9-4341-b3aa-07b6db636de9
OpenAI	OpenAI OpCo, LLC (confirmed primary H-1B-filing entity among OpenAI's related entities; OpenAI LLC and OpenAI, L.P. show only 1-2 LCAs each FY2025 and were not used as primary)	TIER-1	SPONSOR/BUILD	OpenAI OpCo, LLC: 165 LCAs FY2025 across 5 states, median H1B salary $285,000 (Level II $310,000, Level III $370,000) per h1bgrader-derived WebSearch snippet	2 PERM green card petitions FY2025 (OpenAI OpCo LLC); I-129 approval count not itemized by req in snippets	not needed (TIER-1); CA-based (no state E-Verify mandate either way)	stated per-req: $225,000-$250,000/yr base pay range (JD, LinkedIn posting); employer-wide LCA median $285,000 corroborates active, well-paid sponsorship	2026-10-03	JD extraction: "No sentence found about work authorization, sponsorship, citizenship, clearance, required degree field, or graduation year." Large, heavily evidenced current-year sponsor under the correct operating entity; no stated wall. Req-specific recruiting org/entity not separately named in the LinkedIn posting beyond "OpenAI."	https://www.linkedin.com/jobs/view/4473829980
Sela AI	Sela AI, Inc. (San Francisco, CA; Series A, ~11-50 employees per Crunchbase; founded 2024)	TIER-3	BUILD (downgrade)	no LCA/H1B history found under "Sela" or "Sela AI" via WebSearch after 4 lookups (cap reached); no name-collision candidates surfaced to exclude	not found	not checked; CA-based, no E-Verify mandate (AB 1236 restricts its use), so absence of evidence proves nothing per nightly-rules.md Step 4	$150K-$200K base + equity (JD-stated)	2026-10-03	JD extraction: "No sentence about work authorization, visa sponsorship, citizenship, clearance, required degree field, or graduation year appears anywhere in this posting." Very young, small startup (crossed $10M ARR in 18 months per press, raised $21M total) with no public filing footprint found. Genuinely unstated + unconfirmed = TIER-3 (downgrade, not skip), consistent with Tint/AI Fund/Rula precedent in this file.	https://jobs.ashbyhq.com/sela%20ai/929e9aeb-6105-466f-83d3-d8f419f29f5c
BillCom	BILL Holdings, Inc. (formerly Bill.com Holdings, Inc.; public parent) / BILL Operations LLC (active US H1B-filing operating subsidiary) / legacy "Bill.com" entity	TIER-1	SPONSOR (employer-wide); this req SKIP	BILL Operations LLC: 309 LCAs historical across 17 states, 101 LCAs FY2025, 47 PERM green card petitions; legacy "Bill.com" entity: 240 LCAs historical across 4 states but 0 LCAs FY2025 (filings appear to have shifted to BILL Operations LLC)	not itemized by req (WebSearch aggregate notes strong approval rates; neither entity classified H-1B dependent)	not checked (employer sponsors company-wide; E-Verify moot at TIER-1)	median $185,400 (BILL Operations LLC, all sponsored titles, historical); median $156,000 (legacy Bill.com entity, historical)	2026-10-03	JD for this exact req states verbatim: "Please note that this position is not eligible for visa sponsorship. Applicants must have authorization to work in the United States without requiring visa sponsorship now or in the future." -- same boilerplate also found on 3 prior BillCom reqs in data/skip-list.tsv (Senior Sales Operations Analyst, Staff PMM Partner Integrations, PM Payments and Financial Services), each previously deferring the employer-wide check ("no lookup spent"). WebSearch of the full legal/operating entity names now shows BILL Operations LLC is a large, CURRENT, actively-filing H-1B sponsor (101 LCAs FY2025 alone, 47 PERM green-card petitions) -- so this recurring clause is a req-/business-unit-level carve-out, not an employer-wide wall, matching the Allstate and Baxter precedents in this file. This exact req (Lead Product Manager - Ledger Subscriber Ecosystem, gh_jid=6143313004) was already scored SKIP in data/skip-list.tsv on 2026-10-01 -- not duplicated here; this row only adds the employer-wide cache verdict.	https://www.bill.com/job?6143313004&gh_jid=6143313004
Factory	The San Francisco AI Factory, Inc. (dba Factory; originally incorporated as San Francisco Droid Company before a Star Wars trademark-driven rename)	TIER-1	BUILD	5 historical LCAs; 1 LCA filed in the first three quarters of FY2025	all petitions certified per MyVisaJobs-derived snippet; not classified H-1B dependent, not a willful violator	not needed (TIER-1, thin evidence); CA-based (San Francisco) so no E-Verify mandate applies regardless (AB 1236 restricts its use)	not found for this req (JD states comp band "not stated"); no median salary isolated from snippets	2026-10-03	JD for "Deal Desk Lead" (jds/factory-deal-desk-lead.md) has no sentence on sponsorship, citizenship, clearance, degree field, or graduation year -- silence, not a wall. Full legal entity discovered via WebSearch: "The San Francisco AI Factory, Inc." (Delaware corp; brand "Factory," the AI-coding-agent "droids" company that raised a $50M Series B in Sept 2025 from NEA, Sequoia, NVIDIA, and J.P. Morgan). Real but thin, current-fiscal-year H-1B filing history under this exact entity, corroborated by a dedicated MyVisaJobs employer page for "The San Francisco Ai Factory."	https://www.linkedin.com/jobs/view/4475088143
Reducto	Reducto Inc.	TIER-1	BUILD	4 LCA rows confirmed via direct h1bdata.info WebFetch: Machine Learning Engineer $214,000 (filed 11/17/2025), Frontend Engineer $220,000 (filed 11/19/2025), Product Engineer $215,000 (filed 04/10/2026), Product Engineer $215,000 (filed 04/20/2026); all San Francisco, CA	not itemized; h1bdata.info LCA rows carry no approval/denial status, no denial signal found	not needed (TIER-1, current evidence); CA-based (San Francisco) so no E-Verify mandate applies regardless (AB 1236 restricts its use)	median $215,000 across the 4 confirmed LCA rows (all engineering titles; no marketing-family LCA on record yet for this Growth Marketing Manager req -- flag as thin/off-family)	2026-10-03	JD for "Growth Marketing Manager" (jds/reducto-growth-marketing-manager.md) has no sentence on sponsorship, citizenship, clearance, degree field, or graduation year -- silence, not a wall. Legal entity confirmed as Reducto Inc. (San Francisco, founded 2023 by Adit Abraham and Raunak Chowdhuri, $108.4M raised through a 2025 Series B). Real, current, actively-filing H-1B sponsor confirmed via direct h1bdata.info fetch after WebSearch snippets alone found nothing specific.	https://www.linkedin.com/jobs/view/4457064090
Intuitive	Intuitive Surgical, Inc. (also files via subsidiary Intuitive Surgical Operations, Inc.)	TIER-1	BUILD	Intuitive Surgical, Inc.: 11 LCAs FY2025, 0 PERM; Intuitive Surgical Operations, Inc.: 292 LCAs FY2025, 0 PERM (both active, neither H1B-dependent)	not itemized by req	not needed (TIER-1)	median H1B salary $124,147 (Intuitive Surgical Inc) / $139,277 (Intuitive Surgical Operations Inc), FY2025 per WebSearch aggregation; JD-stated band $149,900-$253,700 (Region 2) / $176,300-$253,700 (Region 1)	2026-10-04	JD read first per Step 1: no sponsorship/citizenship statement found. Export-control notice is generic and conditional, not a stated requirement for this role: "some roles at Intuitive Surgical may be subject to U.S. export controls for prospective employees who are nationals from countries currently on embargo or sanctions status" (applies only to nationals of embargoed/sanctioned countries, phrased as "may be"). 13-state residency line is explicitly framed as a hiring "preference," not a requirement: "Preference will be given to qualified candidates who do not reside...". Neither is a hard wall per visa-evaluator.md Step 1. Both legal entities confirmed as current, actively-filing H-1B sponsors via WebSearch snippets (h1bgrader/myvisajobs block automated fetch).	https://www.linkedin.com/jobs/view/4419483111
Walmart	Walmart Inc. (actual H-1B filer for this role is the operating subsidiary, Wal-Mart Associates, Inc.)	TIER-1	BUILD	Wal-Mart Associates, Inc.: 3,545-4,148 LCAs FY2025 (source variance), 343-937 LCs (green card) same period; one source shows 4,008 certified / 35 certified-and-withdrawn / 86 withdrawn / 2 denied, ~99.95% approval	not itemized by req	not needed (TIER-1)	not itemized by req; JD-stated band $143,000-$286,000 (Sunnyvale, CA) / $110,000-$220,000 (Bentonville, AR)	2026-10-04	JD read first per Step 1: no statements found regarding visa sponsorship, work authorization, or citizenship restrictions (confirmed in jds/walmart-staff-product-manager.md). Silence is not a wall per visa-evaluator.md Step 1; employer-level filing history settles this at TIER-1 (massive, current, actively-filing sponsor). Searched full legal entity per Step 2; watched for Walmart Global Tech / Sam's Club collisions but the posting (809 11th Ave, Sunnyvale corporate HQ role) matches the Wal-Mart Associates, Inc. filer, not a distinct subsidiary filer.	https://www.linkedin.com/jobs/view/4452530142
Rubrik	Rubrik, Inc.	TIER-1	BUILD	129 LCAs FY2025 (124 certified, 0 denied, 5 withdrawn, ~96% approval) per one source; 151 LCAs per another source; 637 historical LCAs covering 890 positions across 10 states	not itemized by req	not needed (TIER-1)	median H1B salary $171,000 (FY2025, company-wide) per WebSearch; JD-stated band $193,400-$290,200 base	2026-10-04	JD read first per Step 1: no statements found regarding visa sponsorship, work authorization, citizenship, clearance, degree field, or graduation year (confirmed in jds/rubrik-staff-product-manager-it-gtm.md). Silence is not a wall. Real, current, evidenced H-1B sponsor via WebSearch aggregation (h1bgrader/myvisajobs block automated fetch).	https://www.linkedin.com/jobs/view/4410083611
Planet	Planet Labs PBC	TIER-1	SPONSOR (employer-wide, thin evidence); this req SKIP	1 LCA FY2026 per WebSearch snippet (not classified as H-1B dependent); could not confirm a larger historical count within budget	not found	not checked (hard wall settles this req; employer general status thin/unconfirmed beyond the 1 LCA found)	not found for this req	2026-10-04	JD read first per Step 1 (jds/planet-senior-product-manager-mission-solutions.md): the Secret/TS-SCI clearance line is explicitly "standout qualification" phrasing (not a wall on its own), but the export-control language is stated as a flat employment contingency specific to this role, quoted verbatim: "This position requires access to export-controlled information, and as such, employment (or hiring of a contractor) is contingent upon the candidate's ability to access all applicable export-controlled information without additional export licensing being required by the Bureau of Industry and Security and/or the Directorate of Defense Trade Controls." This matches visa-evaluator.md Step 1's hard-wall category "export-control requirements" -- unlike Intuitive's generic, conditional, embargoed-country-only notice reviewed in this same batch, Planet's clause is role-specific and mandatory ("is contingent upon"), not optional. Per Step 4 ("stop at the first hard wall"), no further filing research was conducted beyond the entity name confirmation (Planet Labs PBC is a Public Benefit Corporation, NOT a nonprofit/academic/cap-exempt entity -- the +0.3/+0.5 cap-exempt adjustment does not apply). Req-level wall (tied to this specific Mission Solutions/government-adjacent role), not a published employer-wide policy, so the cache still records Planet Labs PBC as a sponsor (thin evidence) for its other reqs.	https://www.linkedin.com/jobs/view/4457590162
Zeitview	DroneBase, Inc. (dba Zeitview; formerly DroneBase, rebranded 2023)	TIER-1	SPONSOR/BUILD	DroneBase, Inc.: 3-4 historical LCAs (100% approval, median salary $197,500); 1 LCA filed in first three quarters of FY2025 (h1btrends/myvisajobs aggregation)	1 Form I-129 petition FY2024, approved, 0 denied	not needed (TIER-1, thin evidence); HQ Santa Monica, CA -- no state E-Verify mandate (AB 1236 restricts its use), so absence would prove nothing anyway	median salary $197,500 (DroneBase Inc, all sponsored titles, h1btrends/myvisajobs aggregation); JD itself states no comp band	2026-10-04	JD (jds/zeitview-senior-product-manager-asset-insights.md) has no statements regarding work authorization, visa sponsorship, citizenship, or security clearance -- pure silence, not a wall. Confirmed legal entity is DroneBase, Inc. (Santa Monica, CA address matches company HQ) operating as Zeitview since the 2023 rebrand -- same entity, not a name collision. Real but thin H-1B filing history (3-4 historical LCAs, 1 I-129 approved FY2024, 1 LCA FY2025 so far) -- flag thin volume, consistent with Pendo/Mixbook/Windfall precedents in this file (thin-but-real evidence scored TIER-1, not downgraded).	https://www.linkedin.com/jobs/view/4475347224
Pinterest	Pinterest, Inc.	TIER-1	SPONSOR/BUILD	347 LCAs FY2025 (69 new employment, 149 H1B transfers, rest other categories); 1,917 historical LCAs across 29 states, 3,886 total positions	337/347 certified FY2025 (0 denied, 10 withdrawn, ~97%)	not needed (TIER-1)	median $146,000 (Pinterest Inc, all sponsored titles, FY2025); JD-stated $123,684-$254,644 base for this req plus equity	2026-10-04	JD (jds/pinterest-sr-ads-product-marketing-manager-ads-delivery.md) states verbatim only: "US based applicants only" -- a geography/eligibility statement, not a citizenship or OPT/CPT clause per visa-evaluator.md Step 1 Not-walls list; confirmed on close re-read, no sponsorship/citizenship/clearance language anywhere else in the posting. Large, current, heavily evidenced H-1B sponsor (347 LCAs in FY2025 alone, ~97% certification rate, 1,917 historical).	https://www.linkedin.com/jobs/view/4457378109
BlackRock	BlackRock, Inc. (US H-1B filings split across subsidiaries: BlackRock Investment Management, LLC; BlackRock Institutional Trust Company, N.A.; BlackRock Financial Management, Inc.; BlackRock Index Services, LLC; BlackRock Resources, LLC)	TIER-1	SPONSOR/BUILD	FY2025 per-entity (MyVisaJobs-derived WebSearch snippets): BlackRock Investment Management 47 LCAs + 5 LCs (green card); BlackRock Institutional Trust 28 LCAs + 7 LCs + 10 PWD requests; BlackRock Index Services 0 LCAs + 4 LCs; BlackRock Resources 1 LCA (first three quarters FY2025) + 1 PWD request; BlackRock Financial Management Inc also shows active individual LCA case records (e.g. case I-200-25246-283533, 2025)	not itemized by req in snippets	not needed (TIER-1)	JD-stated (req R266683): San Francisco/Sausalito $132,500-$162,500/yr; Princeton/Atlanta $112,000-$140,000/yr, plus discretionary bonus and benefits	2026-10-04	JD (jds/blackrock-associate-product-manager.md) has no statements regarding work authorization, visa sponsorship, citizenship, or security clearance -- confirmed on close re-read despite the entry-level-sounding "Associate" title and new-grad-program-linked source URL (?s=gh-new-grad-jobs-2027); no hidden OPT/CPT exclusion found. BlackRock is a large asset manager with multiple actively-filing H-1B subsidiaries across both FY2025 LCAs and current individual case records.	https://zapply.jobs/l/d/workday-blackrock-blackrock-professional-R266683?s=gh-new-grad-jobs-2027
Checkr	Checkr, Inc.	TIER-1	SPONSOR/BUILD	9 LCAs FY2026, 14 LCAs FY2025 (fiscal year totals)	5 of 5 I-129 petitions approved FY2026 (0 denied); all LCAs certified	not checked (TIER-1 achieved via evidenced filings; E-Verify moot)	$128,000-$150,000/yr OTE/base, San Francisco (JD-stated)	2026-10-04	JD (jds/checkr-deal-desk-pricing-senior-analyst.md) is silent on sponsorship (only EEO/phishing-notice boilerplate). WebSearch aggregation of MyVisaJobs data: Checkr, Inc. filed 9 LCAs + 1 PWD request FY2026, 14 LCAs + 7 LCs FY2025, 868 employees, ranked ~5,051 among all visa sponsors, all petitions certified. Confirmed active evidenced sponsor.	https://www.myvisajobs.com/employer/checkr/
Salesforce	Salesforce, Inc.	TIER-1	SPONSOR/BUILD	8,075 total LCAs historically; 1,848 LCAs FY2025; 882 certified LCAs FY2026 (100% approval rate)	693 of 713 I-129 petitions approved FY2026 (20 denied, ~97%)	not checked (TIER-1 achieved via evidenced filings; E-Verify moot)	$117,400-$236,700/yr base, SF/NYC metro premium band (JD-stated); average H1B salary across roles $182,527 per WebSearch aggregation	2026-10-04	JD (jds/salesforce-deal-desk-manager.md) is silent on sponsorship, only standard EEO/AI-recruiting-tool disclosure. WebSearch aggregation (h1bgrader/myvisajobs/ellis): Salesforce, Inc. is one of the largest H1B sponsors nationally, 8,075 total LCAs across 41 states, 100% LCA approval rate FY2025-26. Confirmed major evidenced sponsor.	https://h1bgrader.com/h1b-sponsors/salesforce-inc-dvk4or5g2w
Instrumental Inc.	Instrumental, Inc.	TIER-1	SPONSOR/BUILD	4 LCAs FY2026 (4 approved, 0 denied); 3 LCAs in 2025; 19 total H1B applications historically (peaks in 2021: 5, 2019: 4)	4 of 4 I-129/LCA filings approved FY2026	not checked (TIER-1 achieved via evidenced filings; E-Verify moot)	$209,000-$235,000/yr base, Bay Area (JD-stated); H1B median salary $141,483 overall, $141,586 for Palo Alto specifically	2026-10-04	JD (jds/instrumental-inc-senior-commercial-manager-deal-desk-contracts.md) is silent on sponsorship; mentions EAR/ITAR experience only as an optional "bonus," not a requirement. WebSearch aggregation (ellis/myvisajobs/h1bgrader/h1btrends): Instrumental, Inc. (Palo Alto, CA) sponsors H1B for ML Engineer, Product Manager, Technical Program Manager roles; not H1B-dependent. Confirmed active evidenced sponsor despite small size.	https://www.ellis.com/visa-sponsors/instrumental-inc
Twist Bioscience	Twist Bioscience Corporation	TIER-1	SPONSOR/BUILD	105 total LCA/wage records on h1bdata.info spanning 2014-2026	not separately itemized; see evidence (105 wage records imply ongoing petition activity)	not checked (TIER-1 achieved via evidenced filings; E-Verify moot)	$114,000-$150,000/yr, SF Bay Area (JD-stated); h1bdata.info median salary $145,000 across 105 records, 83 of which are South San Francisco	2026-10-04	JD (jds/twist-bioscience-sr-global-product-marketing-manager-ngs.md) is silent on sponsorship; only a BS/BA Life Sciences degree requirement (candidate does not match this field but that is a scoring-step concern, not a visa wall). Initial WebSearch confused "Twist Bioscience" with unrelated "Twisthink"; corroborated instead via direct h1bdata.info fetch: 105 wage records 2014-2026, median $145,000, South San Francisco dominant location. Confirmed evidenced sponsor.	https://h1bdata.info/index.php?em=Twist+Bioscience
Rinse	Rinse, Inc.	TIER-1	SPONSOR/BUILD (thin evidence)	3 LCA/wage records on h1bdata.info (Industrial Engineer $116,126 2021, Industrial Engineer $95,056 2020, Director of Corporate Operations $155,750 2024); a 4th record under "Rinse Dental Inc" (unrelated entity) excluded	not itemized; thin historical record, most recent filing 2024	not checked (TIER-1 achieved via evidenced filings, thin; E-Verify moot)	$125,000-$150,000/yr (JD-stated); h1bdata.info range $95,056-$155,750	2026-10-04	ENTITY NOTE: this req is listed on LinkedIn under "Javelin Venture Partners" but the JD body is entirely about Rinse (on-demand laundry/dry-cleaning delivery startup, SF-based, Wikipedia-confirmed legal name Rinse, Inc.) - Javelin is a VC investor, not the employer; this is a portfolio-company role posted through the VC's job board. Looked up the actual employer, Rinse, Inc. JD itself (jds/javelin-venture-partners-senior-manager-brand-product-marketing.md) is silent on sponsorship. h1bdata.info shows 3 confirmed wage records 2020-2024, all SF-based. Thin but real, evidenced sponsor historically (last filing 2024, so recency is a soft flag but not a disqualifier).	https://h1bdata.info/index.php?em=Rinse
Veeco	Veeco Instruments Inc.	TIER-1	SPONSOR/BUILD	25 LCAs FY2022-2024, 7 LCAs + 2 PWD requests in H1 FY2025; 1 LC for green card FY2022-24	all LCAs certified (100%); not H1B-dependent	not checked (TIER-1 achieved via evidenced filings; E-Verify moot)	$171,000-$218,000/yr (JD-stated)	2026-10-04	JD (jds/veeco-lead-product-marketing-manager.md) is silent on sponsorship; carries a steep BS+12yrs/MS+8yrs/PhD+5yrs degree-and-experience requirement (flagged for the scoring step, not a visa wall). WebSearch aggregation (myvisajobs/h1bgrader): Veeco Instruments is a moderate, consistent H1B sponsor (ranked ~8,619 among all sponsors), 25 LCAs FY2022-24, perfect certification record. Confirmed evidenced sponsor.	https://www.myvisajobs.com/employer/veeco-instruments/
Visa Inc.	Visa U.S.A. Inc. / Visa Inc.	TIER-1	SPONSOR/BUILD	2,879 total LCAs historically across 17 states; 438 LCAs in 2025; 226 LCAs FY2026 (220 approved, 1 denied, ~97%)	262 PERM green card petitions filed total (sponsors both H1B and green cards at scale)	not checked (TIER-1 achieved via evidenced filings; E-Verify moot)	$134,600-$215,300/yr (JD-stated)	2026-10-04	JD (jds/visa-manager-marketing-strategy-portfolio-planning.md) is silent on sponsorship, standard EEO language only. WebSearch aggregation (ellis/h1bgrader): Visa U.S.A. Inc. is a large, consistent H1B sponsor with 2,879 total LCAs, ~97% approval rate, median sponsored salary $125,400. Confirmed major evidenced sponsor.	https://www.ellis.com/visa-sponsors/visa-usa-inc
Everpure	Everpure, Inc. (formerly Pure Storage, Inc.; Delaware corp, NYSE ticker PSTG, renamed 2026 - same legal entity continues to file under the Pure Storage history)	TIER-1	SPONSOR/BUILD	579 LCAs FY2022-2024 (as Pure Storage, Inc.), 169 LCAs FY2025, 35 LCAs FY2026 (35/35 approved, 100%)	152 of 153 I-129 petitions approved FY2025 (1 denied)	not checked (TIER-1 achieved via evidenced filings; E-Verify moot)	$149,000-$224,000/yr, Santa Clara (JD-stated)	2026-10-04	JD (jds/everpure-product-manager-file.md) names "Everpure (NYSE: P)" and reports FY2026 revenue of $3.7B, but accommodations contact is TA-Ops@purestorage.com and benefits domain is benefits.everpuredata.com. WebSearch confirms Everpure, Inc. is the renamed Pure Storage, Inc. (Delaware corp; stock continues trading as PSTG per StockTitan 8-K; one job-board mirror lists "Everpure LLC" as employer of record for a different req). Searched the prior legal name "Pure Storage, Inc." for filing history since the entity just renamed: 579 LCAs FY2022-24, ranked ~285 among all sponsors nationally. Confirmed major evidenced sponsor continuing under new name; JD itself silent on sponsorship.	https://www.stocktitan.net/sec-filings/PSTG/8-k-pure-storage-inc-reports-material-event-9049de7b03a8.html ; https://h1bgrader.com/h1b-sponsors/pure-storage-inc-ew2xpm96k3
MKS Inc.	MKS Instruments, Inc.	TIER-1	SPONSOR/BUILD	19 LCAs FY2022-2024 (1 denied/withdrawn), 3 LCs for green cards; 2 LCAs + 1 green card petition + 2 PWD requests through Q3 FY2025	1 of 1 I-129 petition approved FY2025	not checked (TIER-1 achieved via evidenced filings; E-Verify moot)	$130,000-$200,000/yr (JD-stated)	2026-10-04	JD (jds/mks-product-marketing-manager.md) is silent on sponsorship; posting is for the Spectra-Physics product line under MKS Instruments, and states "MKS is generally only hiring candidates who reside in states where we are registered to do business" (a state-registration note, not a visa wall). WebSearch aggregation (myvisajobs): MKS Instruments, Inc. ranked ~9,819 among all visa sponsors, moderate but consistent filer, not H1B-dependent, not a willful violator. Confirmed evidenced sponsor.	https://www.myvisajobs.com/Visa-Sponsor/Mks-Instruments/363069_Visa.htm
Envoy	Envoy, Inc.	TIER-1	SPONSOR/BUILD	36 total LCAs across 3 states; 4 LCAs FY2025 (4 approved, 0 denied)	100% LCA approval rate; 7 PERM green card applications filed, 100% approval	not checked (TIER-1 achieved via evidenced filings; E-Verify moot)	$110,000-$120,000/yr (JD-stated); H1B median salary $184,300 reported for the entity overall (likely skews toward engineering roles)	2026-10-04	JD (jds/envoy-demand-generation-manager.md) is silent on sponsorship, standard EEO/privacy-notice language only. WebSearch (ellis/h1bgrader/myvisajobs) distinguished "Envoy Inc" (the SF-based workplace/visitor-management SaaS platform at envoy.com) from the unrelated "Envoy Global INC" (immigration case-management services firm) and "Envoy Air" (airline) - used the figures specific to "Envoy INC" / "Envoy Inc." entries. Confirmed evidenced sponsor, 36 total LCAs, 100% approval rate.	https://h1bgrader.com/h1b-sponsors/envoy-inc-60d91lyek8
Rundoo	Rundoo, Inc.	TIER-1	SPONSOR/BUILD (thin evidence)	5 LCA/wage records on h1bdata.info (3x Software Engineer: $110K/$142K/$167K; 2x Senior Product Manager: $135K/$140K), spanning June 2023-Sept 2025	not itemized; thin historical record	not checked (TIER-1 achieved via evidenced filings, thin; E-Verify moot)	$131,000 base / $150,000 OTE (JD-stated); h1bdata.info median $140,000 across 5 records	2026-10-04	JD (jds/rundoo-growth-marketing-manager.md) is silent on sponsorship (LinkedIn's own criteria tag mistags this as "Internship," flagged separately, not a visa matter). WebSearch could not find Rundoo's exact Delaware legal name via press coverage (small Series B startup, founded 2021, Redwood City, ~$48M raised); h1bdata.info direct fetch found 5 confirmed wage records 2023-2025 for Software Engineer and Senior Product Manager roles, all Redwood City. Thin but real, evidenced sponsor.	https://h1bdata.info/index.php?em=Rundoo
Kikoff	Kikoff Inc.	TIER-1	SPONSOR/BUILD	34 total LCAs across 2 states; 17 LCAs in 2025, 16 LCAs FY2025 (15 approved, 0 denied, ~93%)	14 of 14 I-129 petitions approved FY2025 (100%)	not checked (TIER-1 achieved via evidenced filings; E-Verify moot)	$175,000-$200,000/yr (JD-stated); H1B median salary $192,464	2026-10-04	JD (jds/kikoff-senior-lifecycle-marketing-manager.md) is silent on sponsorship, standard EEO language mentioning "citizenship" only as a protected class, not a requirement. WebSearch aggregation (immihelp/ellis/h1bgrader/myvisajobs): Kikoff Inc. (fintech, SF, 92 employees, founded 2019) filed 34 total LCAs, 17 in 2025, strong recent filing velocity for its size. Confirmed evidenced sponsor.	https://h1bgrader.com/h1b-sponsors/kikoff-inc-82wr4xpdk1
Brain Co.	Brain Co. (per Crunchbase; private, no SEC filings; launched from stealth Sept 2025, $30M Series A led by Affinity Partners/Gil Capital)	TIER-3	BUILD (downgrade)	no confirmed LCA/filing history under the correct entity after 4 lookups (cap reached); WebSearch surfaced "Brain Corporation" (unrelated SoftBank-backed robotics/floor-cleaning-robot company, 90 historical LCAs, 12 FY2026) and a possibly-unrelated "Brain Technologies Inc" record on h1bgrader -- NEITHER confirmed to be this Brain Co. (Kushner/Gil AI-for-institutions startup), so NOT used	not found for the correct entity	not checked; CA-based (San Francisco) -- no E-Verify mandate (AB1236 restricts use), so absence of evidence proves nothing	not stated in JD ("Competitive salary plus equity")	2026-10-05	No sponsorship/citizenship/clearance/degree-field/grad-year language found in the JD (confirmed by extraction agent, re-verified: posting ends at Benefits/Why Join Us with no such sentence). Company itself is real (not a hidden employer) and well-funded but under a year old since stealth launch, so a thin-to-absent public filing footprint is expected. Classic name-collision risk per visa-evaluator.md Step 2 flagged and avoided. Genuinely unstated + unconfirmed = TIER-3 (downgrade, not skip), consistent with the Tint/AI Fund/Column precedents in this file.	https://jobs.ashbyhq.com/brainco/fe8d9afb-afd6-424e-aae4-9f31d6d60426
Cresta	Cresta Intelligence Inc.	TIER-1	BUILD	6 LCAs FY2025 (6/6 approved, 100%) per h1bgrader; historical track record 2018-2025 (5 FY2018, 2 FY2019, 3 FY2020, 4 FY2021, 10 FY2022, 2 FY2023, 6 FY2024, 6 FY2025)	not itemized separately from LCA count in snippets; LCA approval rate ~100% across the historical run	not needed (TIER-1); CA-based (Redwood City/Palo Alto/San Francisco per immihelp contact listing, consistent with Cresta the enterprise-AI company)	stated in JD: $140,000-$180,000 base + equity	2026-10-05	Real, current, consistently-filing sponsor across 8 fiscal years. No sponsorship/citizenship/clearance/degree-field/grad-year language found in the JD body (confirmed by extraction agent).	https://www.linkedin.com/jobs/view/4457506086
Javelin Venture Partners	Rinse, Inc. (San Francisco; actual hiring entity -- see evidence)	TIER-3	BUILD (downgrade)	no LCA/H1B history found via WebSearch after 4 lookups (cap reached) for the correct entity (Rinse, Inc., on-demand laundry/dry-cleaning delivery, founded 2013 by Ajay Prakash/James Joun, raised through a Series D, serving 10+ major US/Canada metros, 100M+ garments cleaned per Inc.com/USChamber coverage)	not found	not checked; CA-based (San Francisco HQ) -- no E-Verify mandate (AB1236 restricts use), so absence of evidence proves nothing	stated in JD: $125,000-$150,000/year + equity	2026-10-05	EMPLOYER IDENTITY RESOLVED per task instruction: the posting is attributed to "Javelin Venture Partners" on LinkedIn, but the JD body is entirely "About Rinse" company description, salary and benefits paid by Rinse, and closes "See more open positions at Rinse" -- a VC job board amplifying a portfolio company's own opening, not a hidden-employer agency post (contrast TalentHop/RemoteHunter/Dataworks precedents in skip-list.tsv, where the real employer is NEVER named). Gate run against Rinse, Inc. No sponsorship/citizenship language found in the JD body.	https://www.linkedin.com/jobs/view/4473885992
Lightsage	Lightsage (exact legal suffix unconfirmed after 4 lookups; a WebSearch-summarized claim of "API-Rex Inc"/"Sapient" was explicitly NOT used -- cross-check shows it conflates this company with the unrelated, older Sapient Corporation, a Delaware consulting firm incorporated 1991, now part of Publicis.Sapient, surfaced only because that firm's SEC/opencorpdata records rank highly for "Sapient Delaware corporation" queries)	TIER-3	BUILD (downgrade)	no LCA/H1B history found; company raised only a $4M seed round announced 2026-09-08 (SiliconANGLE/Yahoo Finance/americanbazaaronline coverage), i.e. essentially pre-filing-history stage	not found	not checked; CA-based (San Francisco) -- no E-Verify mandate (AB1236 restricts use), so absence of evidence proves nothing	not stated in JD/posting	2026-10-05	No sponsorship/citizenship/clearance/degree-field/grad-year language found in the JD body (confirmed by extraction agent). Real, named, identifiable employer (not a hidden-employer agency post) -- just too new for any public filing footprint or confirmed legal-entity suffix. Genuinely unstated + unconfirmed = TIER-3 (downgrade, not skip).	https://www.linkedin.com/jobs/view/4475521018
Sapiom	Sapiom, Inc.	TIER-3	BUILD (downgrade)	no LCA/H1B history found via WebSearch; startup founded by Ilan Zerbib, raised $15M (reported Feb 2026, TechCrunch) then a $35M Series A (justainews) -- fast-growing but no confirmed filing footprint yet	not found	not checked; CA-based (San Francisco) -- no E-Verify mandate (AB1236 restricts use), so absence of evidence proves nothing	not stated in JD/posting	2026-10-05	No sponsorship/citizenship/clearance/degree-field/grad-year language found in the JD body (confirmed by extraction agent). Genuinely unstated + unconfirmed = TIER-3 (downgrade, not skip), consistent with the Tint/AI Fund/Rula precedents in this file.	https://jobs.ashbyhq.com/sapiom/5a91ce90-ce03-492b-85ce-caa480d11dee/application
EarnIn	Activehours, Inc. (dba EarnIn)	TIER-1	SPONSOR/BUILD	41-55 LCAs FY2025 (WebSearch aggregates of MyVisaJobs/Ellis snippets, source variance); 229 historical LCA records confirmed via direct h1bdata.info fetch (positive control for this batch -- confirms the fetch mechanism works, so this is a real nonzero, not a broken fetch)	not itemized by req; 0-31 PERM green card petitions depending on source	JD itself states verbatim: "EarnIn does not discriminate based on protected characteristics and is an E-Verify participant." Direct employer-stated E-Verify enrollment, though moot at TIER-1.	median H1B salary $173,000-$179,421 (h1bdata.info/Ellis aggregates, all titles); JD-stated base $162,849-$199,037 for this req	2026-10-06	Large, current, heavily evidenced sponsor (classified H-1B dependent employer per one snippet). No hard wall in the JD; only "7+ years hands-on B2C mobile growth marketing" requirement, which is a role-fit/seniority-band concern for the scoring agent, not a visa wall.	https://www.linkedin.com/jobs/view/4476102315
Puffy	Puffy LLC	TIER-3	BUILD (downgrade)	0 records found on h1bdata.info under "Puffy" (direct fetch; positive control in this same batch against Activehours/EarnIn returned 229 records, confirming the fetch mechanism works and this zero is real)	not found	not checked; Puffy LLC is HQ'd in North Hollywood, CA -- CA has no E-Verify mandate (AB 1236 restricts its use), so absence of evidence proves nothing	not found (JD states base up to $143,000 + monthly performance bonus, not an LCA wage)	2026-10-06	Small D2C mattress e-commerce company (founded 2017). No sponsorship, citizenship, clearance, or degree-field statement in the JD at all (pure silence, not a wall) and no EEO block present either. Genuinely unstated + unconfirmed E-Verify = TIER-3 (downgrade, not skip), consistent with Tint/AI Fund/Percona precedents in this file.	https://www.linkedin.com/jobs/view/4473645473
SandboxAQ	SandboxAQ, Inc. (Alphabet spinout, 2022; Palo Alto, CA HQ)	TIER-3	BUILD (downgrade)	0 records found on h1bdata.info under "SandboxAQ" (direct fetch; positive control in this same batch against Activehours/EarnIn returned 229 records, confirming the fetch mechanism works and this zero is real)	not found	not checked; HQ is Palo Alto, CA -- no E-Verify mandate (AB 1236 restricts its use), so absence of evidence proves nothing	not found for this req specifically; JD states base $121,600-$228,000 plus performance incentives and equity	2026-10-06	AI/quantum deep-tech company spun out of Alphabet in 2022, VC/growth-capital backed; not cap-exempt (private for-profit, not a university/nonprofit/research institute). JD's only work-authorization-adjacent text is generic EEO boilerplate listing "citizenship" as a protected non-discrimination category -- not a wall. Degree requirement ("Bachelor's in Marketing/Communications/Business, or equivalent practical experience") is not a field/year exclusion. Genuinely unstated + unconfirmed E-Verify = TIER-3 (downgrade, not skip).	https://www.linkedin.com/jobs/view/4436643159
Access Legal	Empowered Legal, LLC (dba Access Legal); Las Vegas, NV	TIER-3	BUILD (downgrade)	0 records found on h1bdata.info under "Empowered Legal" (direct fetch; positive control in this same batch against Activehours/EarnIn returned 229 records, confirming the fetch mechanism works and this zero is real)	not found	not checked; Las Vegas, NV is not among the states that compel E-Verify by statute (FL/TN/AZ/AL/GA/MS/NC/SC/UT/LA), so no state-based shortcut applies; small lead-generation/legal-marketing company, no independent E-Verify signal found	not found (JD states base $80,000-$140,000 plus performance-based compensation)	2026-10-06	Small legal-services marketing/lead-gen company (D-U-N-S profile shows modest size). No sponsorship, citizenship, clearance, or degree-field statement anywhere in the posting (pure silence, not a wall); EEO language, where present elsewhere on their site, lists "citizenship status" only as a protected non-discrimination category. Genuinely unstated + unconfirmed E-Verify = TIER-3 (downgrade, not skip), consistent with Tint/AI Fund/Percona/Column precedents in this file.	https://www.linkedin.com/jobs/view/4474630814
Runlayer	Runlayer (legal entity ambiguous; ZoomInfo links the brand to "Anysource, Inc." but this could not be independently corroborated via a second source and may be a data error -- not relied on as primary identity)	TIER-3	BUILD (downgrade)	no LCA history found under "Runlayer" or "Anysource Inc" via WebSearch (4 lookups, cap reached)	not found	not checked; NY-based (NYC office) -- NY is not among the states that compel E-Verify by statute, so absence of evidence proves nothing	not stated in JD ("Competitive salary and equity")	2026-10-06	Tiny, very young startup (founded 2025, 11-50 employees, $42M total raised, $30M Series A ~June 2026 led by Felicis/Khosla). No sponsorship/citizenship/clearance/degree sentence anywhere in the JD body (confirmed on direct re-read -- extraction pass already found none). No public H1B filing footprint found under either candidate legal name after 4 lookups. Genuinely unstated + unconfirmed E-Verify = TIER-3 per tier order (downgrade, not skip), consistent with Tint/AI Fund/Rula precedents in this file.	https://www.linkedin.com/jobs/view/4474653576
Lumana	Lumana AI Inc. (Los Gatos, CA; formerly Palo Alto; founded 2021)	TIER-3	BUILD (downgrade)	no LCA history found under "Lumana" / "Lumana AI Inc" via WebSearch after 4 lookups (cap reached); searches repeatedly surfaced unrelated "Luma AI, Inc.", "Lumanity INC", and "Lumen"-family entities -- none used for this verdict	not found	not checked; CA-based (Los Gatos) -- no E-Verify mandate (AB 1236 restricts its use), so absence of evidence proves nothing	$150,000-$170,000 OTE (JD-stated, base+variable+equity; independent-contributor role)	2026-10-06	AI video-security startup, ~$64M total raised (seed $24M led by Norwest/S Capital + Series A $40M led by Wing). No sponsorship/citizenship/clearance/degree sentence in the JD; only an "Interview Policy" (no AI assistance during interviews) and a recruitment-fraud notice (official email @lumana.ai) -- neither is a visa wall. Name-collision risk flagged per Step 2 (Luma AI Inc, Lumanity INC, Lumen entities all confirmed-unrelated, not used). Genuinely unstated + unconfirmed = TIER-3 (downgrade, not skip).	https://jobs.ashbyhq.com/lumana/12707d3c-64c0-4ae2-a33f-ed800722c66b
Arango	ArangoDB, Inc. (Delaware corporation, LEI 254900BWUBOM08APR676; California branch/HQ San Francisco filed 2018; underlying product originally ArangoDB GmbH, Cologne, Germany, founded 2015)	TIER-3	BUILD (downgrade)	no LCA/H1B filing history found under "ArangoDB, Inc." or "ArangoDB GmbH" via WebSearch/h1bdata.info after 4 lookups (cap reached)	not found	not checked; CA-based (San Francisco) -- no E-Verify mandate (AB 1236 restricts its use), so absence of evidence proves nothing	not stated in JD	2026-10-06	JD's only work-authorization-adjacent sentence, verbatim under "Location": "Candidates who live in and are authorized to work in the United States will be considered. While this is a work-from-home role, some travel may be required." This is the generic "must be authorized to work" phrasing per nightly-rules.md section 2 -- it never names OPT, CPT, or citizenship, so it is NOT a hard wall (confirmed on direct re-read; no other sponsorship/citizenship/clearance language anywhere in the body). Correct legal entity confirmed (ArangoDB, Inc., Delaware, CA branch filed 2018) but no public H1B filing footprint found under it. Genuinely unstated + unconfirmed = TIER-3 (downgrade, not skip), consistent with Column/Percona precedents in this file. Separately flagged for the fit gate, not this agent's call: JD states 7+ years experience, above the US-track 6-year ceiling.	https://www.linkedin.com/jobs/view/4476110175
Moloco	Moloco, Inc. (Redwood City, CA)	TIER-1	SPONSOR/BUILD	42 LCAs FY2025 (42/42 approved, 100%); 78 LCAs FY2022-24 (2 denied/withdrawn); 13 LCs (green card) FY2022-24	not itemized by req; FY2025 LCA approval rate ~100% per MyVisaJobs/h1bgrader-derived WebSearch aggregation	not needed (TIER-1)	stated per-req, location-banded: $184,000-$253,920 (Region A: Menlo Park/SF Bay/NY Metro); $165,600-$228,528 (Region B); $156,400-$215,832 (Region C)	2026-10-06	Large, current, actively-filing sponsor (AI-native performance advertising, not H-1B dependent, not a willful violator). No sponsorship/citizenship/clearance/degree sentence anywhere in the JD body (confirmed). Separately flagged for the fit gate, not this agent's call: JD states 10+ years experience (above US-track 6-year ceiling) and 1 direct report (people-management signal); the extraction agent also flagged this specific LinkedIn req ID (4381922735) as numerically much older than this batch's other IDs despite displaying "16 hours ago" -- possible stale-cached repost, recommend a liveness spot-check before building.	https://www.linkedin.com/jobs/view/4381922735
AMAX	AMAX Engineering Corporation (aka "AMAX Information Technologies, Inc." in some business directories; Fremont, CA 94539, founded 1979 -- same entity as amax.com per Crunchbase/Manta address cross-reference)	TIER-1	SPONSOR/BUILD	9 LCAs FY2025; 7 LCAs FY2024 (titles: MIS Engineer, Buyer, Customer Relations Specialist, Senior Quality Engineer, Operations and Planning Manager, Quality Manager, Senior Accounting Manager); 0 LCAs filed so far in FY2026	not itemized by req/source	not needed (TIER-1, current/recent filing history); note CA has no E-Verify mandate regardless (AB 1236 restricts its use)	not stated in JD	2026-10-06	Real, current-year (FY2025) sponsor with thin-to-moderate volume concentrated in operations/engineering/quality titles rather than marketing -- sponsorship is a property of the employer per visa-evaluator.md Step 3, so employer-wide evidence still applies to this Marketing Manager req. 0 LCAs filed FY2026 so far is a visible recent slowdown, same pattern as the Calm/Drata precedents in this file -- flag for the candidate. No sponsorship/citizenship/clearance sentence in the JD beyond the standard "Bachelor's degree" line (confirmed). Legal-entity match cross-referenced cautiously (same Fremont CA 94539 address as amax.com) to avoid a collision with unrelated "Amax Insurance Services" / "Amax International Group INC" entities that also surfaced -- those were NOT used.	https://www.linkedin.com/jobs/view/4453751221
Traba	Traba Inc.	TIER-1	SPONSOR/BUILD	9 LCAs FY2025 (8 I-129 petitions filed, 7 approved/1 denied), 4 LCs (green card), 2 PWD requests per MyVisaJobs/h1bgrader aggregation	7/8 I-129 approved FY2025 (~88%)	not needed (TIER-1)	Senior PM req states $180,000-$210,000; PM req states $150,000-$190,000 (both JD-stated)	2026-10-06	Confirmed correct entity (Traba Inc, founded 2021, ~104 employees, NY HQ, Information industry classification) matches the JD's light-industrial-staffing-marketplace description (Founders Fund/Khosla Ventures/General Catalyst backed). Real but thin, current-year (FY2025) evidenced sponsor, not H-1B dependent, not a willful violator. Neither JD (Senior PM Marketplace, PM Marketplace -- confirmed genuinely distinct reqs, not a repost) states any sponsorship/visa/OPT/citizenship wall; only generic EEO boilerplate. One verdict covers both open reqs.	https://www.linkedin.com/jobs/view/4475584993 ; https://www.linkedin.com/jobs/view/4475596397
Sony Interactive Entertainment	Sony Interactive Entertainment LLC	TIER-1	SPONSOR/BUILD	140 LCAs FY2026 (138 approved, 0 denied); 136 LCAs FY2025, 0 PERM; 1,319 historical H1B applications + 312 PERM green card petitions	historical green-card commitment rate 49.7% (PERM filings / new H1B positions); FY2026 LCA approval ~98.6%	not needed (TIER-1)	JD-stated: $168,900-$253,300 USD (San Mateo, CA); median H1B salary $141,378 per MyVisaJobs (company-wide, all titles)	2026-10-06	Large, heavily evidenced, actively-filing sponsor (PlayStation platform, subsidiary of Sony Group Corporation). JD has no sentence addressing visa, sponsorship, citizenship, or security clearance -- only a standard offer-stage background-check notice and generic EEO language. Silence on sponsorship, settled TIER-1 by filing volume.	https://www.linkedin.com/jobs/view/4473683833
TriNet	TriNet HR Corporation	TIER-1	SPONSOR/BUILD	30 LCAs (historical, DOL records) across 4 states; approval rate ~96%	PERM/green-card filings not found in public DOL records per Ellis/MyVisaJobs	not needed (TIER-1)	median salary $106,137 (sponsored positions, all titles, per MyVisaJobs); JD-stated $85,000-$159,250 (Dublin, CA)	2026-10-06	Confirmed correct entity: TriNet HR Corporation, San Leandro, CA (matches the JD's Dublin, CA preferred location, adjacent East Bay market; public NYSE: TNET PEO). Real, evidenced sponsor with a strong approval record, though volume is modest. JD has no sentence addressing visa, sponsorship, citizenship, or clearance -- only standard EEO boilerplate and an education/experience preference. Silence on sponsorship, settled TIER-1 by filing history.	https://www.linkedin.com/jobs/view/4469195686
Gusto	Gusto, Inc. (formerly Zenpayroll, Inc., dba Gusto)	TIER-1	SPONSOR/BUILD	169 LCAs (historical) across 11 states, 177 total positions; 49 LCAs FY2025 (1 PERM green card), 8 LCAs FY2026 (0 PERM); ~100% LCA approval rate	not itemized by req	not needed (TIER-1)	average sponsored salary $204,437 (company-wide, per h1bgrader); JD-stated $190,000-$235,000 (Denver/Phoenix-Scottsdale) or $220,000-$275,000 (SF/NYC)	2026-10-06	Confirmed correct entity: Gusto, Inc. (SF/Denver/NYC payroll-HR-benefits platform; JD itself references its Symmetry subsidiary in Scottsdale, matching Gusto's acquisition of Symmetry Software). Large, current, heavily-evidenced sponsor. JD has no sentence addressing visa, sponsorship, citizenship, clearance, degree field, or graduation year -- only generic EEO/accommodation language. Silence on sponsorship, settled TIER-1 by filing volume.	https://www.linkedin.com/jobs/view/4458502374
Supermicro	Super Micro Computer, Inc.	TIER-1	BUILD	173 LCAs historical total; 33 LCAs FY2025; 10 LCAs FY2026 (10/10 approved, 100%)	85 PERM green-card petitions (historical); FY2026 I-129 count not itemized separately from the 10/10 LCA approval figure	not needed (TIER-1)	median salary $114,130 (sponsored positions, all years); JD states $105,000-$120,000	2026-10-06	Large, established public server/hardware company (San Jose HQ), not classified as H-1B dependent. JD has no sentence on visa, sponsorship, citizenship, clearance, degree field, or graduation year -- only standard EEO boilerplate; the 5-year experience line is an experience-gate flag, not a visa wall. Silence on sponsorship, settled TIER-1 by filing volume.	https://www.linkedin.com/jobs/view/4476126930
Charta Health	Charta Health, Inc.	TIER-1	BUILD	3 LCAs FY2026 (3/3 approved, 100%); 1 LCA filed the prior fiscal year	not itemized separately (LCA approval rate 100% per h1bgrader-derived snippet)	not needed (TIER-1, thin evidence); CA-based (San Francisco HQ) so absence of evidence would prove nothing anyway per AB 1236	not found for a PM title; LCA data shows Director People & Culture $173,077 (SF) / $198,869 (NYC); JD states $200,000-$250,000	2026-10-06	Small but real, current-fiscal-year health-tech sponsor (Bain Capital Ventures-backed). JD has no sentence on visa, sponsorship, citizenship, clearance, degree field, or graduation year -- genuinely silent, not a wall.	https://www.linkedin.com/jobs/view/4449856574
Conversion	Relentlo, Inc. (dba Conversion; formerly StyleAI)	TIER-3	BUILD (downgrade)	no LCA history found under "Relentlo" or "Conversion" via WebSearch after 4 lookups (cap reached)	not found	not checked; CA-based (San Francisco) -- no E-Verify mandate (AB 1236 restricts its use), so absence of evidence proves nothing	not found; JD states $150K-$200K	2026-10-06	Small ~41-employee Series A startup ($28M raised July 2025, Abstract Ventures/True Ventures). Legal entity confirmed as Relentlo, Inc. dba Conversion (formerly StyleAI) per Crunchbase/startupintros aggregation -- a direct "Conversion"/"conversion.ai" H1B search returned no company-specific data, and a follow-up search under the confirmed legal name "Relentlo" also returned none. No stated wall in the JD (pure silence). Genuinely unstated + unconfirmed = TIER-3 (downgrade, not skip) per tier order, consistent with the Tint/AI Fund precedents in this file.	https://www.linkedin.com/jobs/view/4474626689
Winbond Electronics Corporation America	Winbond Electronics Corporation America	TIER-1	BUILD	1 LCA FY2025	1 I-129 petition FY2025, 1/1 approved (100%)	not needed (TIER-1, thin evidence); CA-based (San Jose/Pleasanton) so no E-Verify signal either way	not found for this req (no median isolated from snippets); JD itself states no comp band	2026-10-06	Real but thin, current-year sponsor (San Jose, semiconductor manufacturing, US subsidiary of Winbond Taiwan). JD has no sentence on visa, sponsorship, citizenship, or clearance -- silence only. Degree field ("Engineering or related field") and 5+ years experience are experience/degree-field flags for the next-stage filter, not visa walls (field is satisfied, not excluded).	https://www.linkedin.com/jobs/view/4441333508
Tubi	Tubi, Inc. (subsidiary of Tubi Media Group / Fox Corporation)	TIER-1	BUILD	28 LCAs FY2026 (29 LCAs FY2025); 9 LCs (green card) FY2026, 6 PWD requests FY2026	10 I-129 petitions FY2026, 10/10 approved (100%)	not needed (TIER-1)	JD-stated $169,500-$242,100 (high cost labor markets incl. San Francisco)	2026-10-06	Large, current, actively-filing sponsor (streaming media, part of Fox Corporation). JD has no sentence on visa, sponsorship, citizenship, clearance, or degree field beyond the standard CS/Engineering preference -- silence only.	https://www.linkedin.com/jobs/view/4411226745
Fireworks AI	Fireworks AI, Inc. (Redwood City, CA; Series D, $17.5B valuation)	TIER-1	BUILD	4 LCAs filed (historical, visa rank ~30,858); 11 LCAs filed FY2025 Q1-Q3; 0 LCs (green card)	1 I-129 petition filed FY2025, 1 approved, 0 denied (100%)	not needed (TIER-1)	JD-stated $160,000-$180,000 base plus equity (Associate Product Manager)	2026-10-06	Real, current-year, actively-filing sponsor per WebSearch aggregation of myvisajobs/h1bgrader snippets (row-level fetch not attempted, snippets sufficient; not H-1B dependent, not a willful violator). JD has no sentence on visa, sponsorship, citizenship, or clearance -- silence only. JD DOES require "recently graduated (or about to)" with "less than 2 years of professional experience" in "Computer Science, Engineering, or a related technical field" -- candidate's BE is Mechanical Engineering (field matches) but ~5 years experience is well above the stated early-career ceiling. This is an experience-band/program-fit flag for the scoring/triage gate, not a visa wall (no OPT/CPT or citizenship language stated), so it does not change this gate's TIER-1 verdict; flagging for downstream review.	https://jobs.ashbyhq.com/fireworks/69375f41-258a-4c25-ad78-5985606c438a
Flai	Flai, Inc. (unconfirmed exact suffix; San Francisco, CA; founded 2025, ~$11.5M raised across 3 rounds incl. Y Combinator, Toyota Ventures)	TIER-3	BUILD (downgrade)	no LCA/H1B history found under "Flai" via WebSearch (company is <1 year old; too new/small to have a filing footprint)	not found	not checked; CA-based (San Francisco) -- no E-Verify mandate (AB 1236 restricts its use), so absence of evidence proves nothing	not stated in JD ("Competitive salary and meaningful equity")	2026-10-06	Very young, small AI-for-dealerships startup. JD has no sentence on visa, sponsorship, citizenship, clearance, degree field, or graduation year -- pure silence, not a wall. Genuinely unstated + unconfirmed E-Verify = TIER-3 (downgrade, not skip), consistent with Tint/AI Fund/Rula precedents in this file.	https://www.linkedin.com/jobs/view/4476151666
Fanatics	Fanatics, Inc. / Fanatics Commerce (multiple sponsoring subsidiaries under parent Fanatics Holdings, Inc.: Fanatics Retail Group Fulfillment LLC, Fanatics Spv LLC, Fanatics Live)	TIER-1	BUILD	Fanatics Retail Group Fulfillment LLC: 43 LCAs FY2025, 18 LCAs FY2026 (18/18 approved); Fanatics Spv LLC: 4 LCAs FY2025, 10 LCAs FY2026 (10/10 approved); Fanatics Holdings Inc: 5 LCAs FY2025 (5/5 approved); Fanatics Live: 1 LCA FY2025	not itemized by req; approval rates ~100% across all evidenced subsidiaries per h1bgrader/myvisajobs WebSearch aggregation	not needed (TIER-1)	not stated in JD	2026-10-06	Large, heavily evidenced, actively-filing sponsor across multiple corporate subsidiaries (licensed-sports-merchandise e-commerce platform, 22,000+ employees). JD (Product Manager, Ecommerce Home Page, Redwood City CA hybrid) has no sentence on visa, sponsorship, citizenship, clearance, degree field, or graduation year -- confirmed on full read, silence only (notable: posting contains an unresolved internal template placeholder about office-cadence days, reported as a data observation, not a wall).	https://www.linkedin.com/jobs/view/4474661405
Walker Sands / RevPartners	RevPartners, LLC (Atlanta, GA; acquired by Walker Sands Communications, LLC effective 2026-06-15; JD states role is "posted by Walker Sands, built within RevPartners")	TIER-2	BUILD	no LCA/H1B history found under "RevPartners" or "Walker Sands Communications" via WebSearch (small HubSpot/RevOps consultancy)	not found	ENROLLED (established via GA state mandate -- Georgia is one of the states that compel E-Verify by statute per nightly-rules.md section 4 shortcut; RevPartners HQ is Atlanta, GA)	not stated in JD	2026-10-06	Small professional-services RevOps consultancy, no confirmed public H1B filing footprint under either brand name. JD is silent on sponsorship/visa/citizenship/clearance (only "Available only to FT US-based employees," the generic non-wall phrasing). Silence + state-mandated E-Verify = TIER-2 BUILD per tier order. FRAUD-TELL FLAGGED PER NIGHTLY-RULES SECTION 4: application process redirects off LinkedIn via a bit.ly short link (https://bit.ly/4grlWS4) to RevPartners' own career site -- this matches the "process moved off-platform" tell. However the posting itself discloses and explains the redirect as the result of a real, independently-corroborated corporate acquisition (Walker Sands acquired RevPartners, effective 2026-06-15, confirmed via walkersands.com/about/blog/walker-sands-acquires-revpartners), not a silent or unexplained diversion. Not treated as an automatic skip for this gate, but flagged clearly for downstream legitimacy review to confirm the bit.ly link resolves to RevPartners' real domain before building.	https://www.linkedin.com/jobs/view/4452666983
Retell	Retell AI	TIER-1	SPONSOR/BUILD	not checked (direct employer statement sufficient)	not checked (direct employer statement sufficient)	not needed (TIER-1, direct employer statement)	not stated in JD	2026-10-07	JD states verbatim: "Retell AI is open to sponsoring work authorization for qualified candidates, including H-1B, TN, L-1, E-3, and F-1 (OPT/CPT)." Direct, unambiguous employer sponsorship statement naming the candidate's own OPT/CPT status as explicitly eligible -- strongest possible evidence, no further lookup needed per visa-evaluator.md Step 1/Step 2 precedent (same pattern used for Anthropic's direct sponsorship statement).	https://www.linkedin.com/jobs/view/4471796074
Candid Health	Candid Group, Inc. (dba Candid Health; exact legal suffix not independently confirmed beyond entity-name match)	TIER-1	BUILD	11 total LCAs (5 in FY2025) across 4 states per Ellis/MyVisaJobs aggregation	not itemized	not needed (TIER-1)	median H1B salary $106,725 (sponsored positions, all titles)	2026-10-07	No sentence found in JD regarding work authorization, sponsorship, citizenship, or clearance (confirmed pure silence on re-read). Entity disambiguation: WebSearch surfaced two distinct "Candid" entities on Ellis -- "Candid Group, Inc." and "Candid Care Co." (an unrelated orthodontics/teleorthodontics brand) -- the latter was NOT used. Used "Candid Group, Inc." because its sponsored-position worksite states (Denver CO, New York, San Francisco CA, Seattle WA) and job families (Strategy & Operations, Customer Operations Lead, Customer Strategy And Operations Lead, Recruiting Operations Specialist) match this JD's stated offices (Denver/NY/SF) and the RCM-automation company's commercial-ops job family, corroborating entity match despite the brand-vs-legal-name mismatch.	https://www.linkedin.com/jobs/view/4427612224
Harmonic	Harmonic Inc.	TIER-1	BUILD	24 historical LCAs; 3 LCAs FY2026 (100% certified, 50% YoY increase)	not itemized by req; FY2026 certification rate 100% per snippet	not needed (TIER-1)	median H1B salary $131,325 (FY2025 sponsored positions); range $94,955-$177,136	2026-10-07	No sentence found in JD regarding work authorization, sponsorship, citizenship, or clearance (confirmed pure silence; the only international-adjacent duty is an operational "prepare international export documentation" task, not an eligibility/clearance requirement, per nightly-rules.md Step 1). Entity disambiguation: WebSearch also surfaced "Harmonic AI, Inc." (a separate, smaller AI company) which was NOT used. Used Harmonic Inc, the San Jose video/broadband network-equipment company (founded 1988, 1,001-5,000 employees, publicly traded HLIT), matching the JD's "high-tech environment" / Oracle+Salesforce CRM/ERP description and hardware-export operational duty.	https://www.linkedin.com/jobs/view/4466113798
HealthEdge	HealthEdge Software, Inc.	TIER-1	BUILD	45 LCAs FY2025 across 14 states; Burlington MA worksite subset shows 86 sponsored positions	not itemized	not needed (TIER-1)	median H1B salary $130,000 (FY2025, all titles); Burlington MA subset median $131,217, range $82,220-$210,000	2026-10-07	No sentence found anywhere in the JD about work authorization, sponsorship, citizenship, or clearance (confirmed pure silence on re-read). Large, current-year, heavily evidenced sponsor (health-plan infrastructure SaaS, Burlington MA HQ), not classified as H-1B dependent.	https://www.linkedin.com/jobs/view/4476362587
Levelpath	Levelpath, Inc. (San Francisco; founded 2022; exact legal suffix not independently confirmed beyond entity-name match)	TIER-3	BUILD (downgrade)	confirmed zero: "No H1B sponsorship history according to USCIS H-1B Employer Data Hub records" per WebSearch snippet (not merely unconfirmed/not-found -- an explicit zero from a named federal data source)	not found	not checked; CA-based (San Francisco) -- no E-Verify mandate (AB 1236 restricts its use), so absence of evidence proves nothing	not stated in JD; no filing data exists to anchor comp	2026-10-07	No sentence found in JD regarding work authorization, sponsorship, citizenship, clearance, required degree field, or graduation year (confirmed pure silence on re-read). Small startup (~$100M raised through Series B, founded 2022, San Francisco-based B2B procurement SaaS). Genuinely unstated + confirmed-zero USCIS filing history + unconfirmed E-Verify (CA, no mandate) = TIER-3 per tier order (downgrade, not skip), consistent with prior TIER-3 precedents in this file.	https://www.linkedin.com/jobs/view/4467293802
ams OSRAM	AMS-OSRAM USA INC. (dba OSRAM OPTO SEMICONDUCTORS INC); San Jose, CA	TIER-1	SPONSOR/BUILD	2 LCAs FY2025 (median $140,000, 6 states); 8 LCAs FY2026 + 1 LC (green card) + 1 PWD request	2 Form I-129 petitions FY2026, 2 approved, 0 denied (100%)	not checked; CA-based (San Jose) -- no E-Verify mandate (AB 1236 restricts its use), so absence of evidence proves nothing	not found for this req; FY2025 sponsored titles ranged $117,229-$190,000 (various engineering roles); JD-stated this req: $220,000-$300,000	2026-10-07	Real, current, actively-filing sponsor confirmed via WebSearch aggregation of ellis.com/myvisajobs snippets. Legal entity confirmed as AMS-OSRAM USA INC. (also appearing as dba OSRAM OPTO SEMICONDUCTORS INC), not a name collision with unrelated OSRAM SYLVANIA INC (separate historic entity, not used). JD (jds/ams-osram-product-marketing-manager.md) confirmed no sponsorship/citizenship/clearance language -- only a generic degree-field preference ("Bachelor's or Master's degree in Engineering, Physics, Marketing, Business, or related field"), no graduation year stated, not a wall.	https://www.ellis.com/visa-sponsors/ams-osram-usa-inc ; https://www.myvisajobs.com/employer/ams-osram-usa/ ; https://www.linkedin.com/jobs/view/4476311839
groundcover	groundcover (Israeli-founded observability startup, Tel Aviv HQ; US presence Boston + San Francisco; legal entity suffix not confirmed -- likely a Delaware US subsidiary but exact name (Inc/LLC) not found)	TIER-3	BUILD (downgrade)	no LCA/H1B records found. Direct h1bdata.info fetch for "groundcover" returned explicit "0 records was found" (confirmed working query, not a broken fetch -- distinct from the grep-count failure mode in visa-evaluator.md Step 3); WebSearch for the legal entity also surfaced no match (only unrelated "Ground Control Inc.", "Ground Up International LLC", "Groundswell Corporation" -- none used)	not found	not checked; SF office is CA-based (no E-Verify mandate, AB 1236 restricts its use) and Boston office is MA-based (also no state mandate) -- absence of evidence proves nothing either way	not stated in JD (benefits list only: "Competitive compensation (cash + equity)")	2026-10-07	Small, young company (founded 2021, ~140 employees total, just closed a $100M Series C in July 2026 per WebSearch) with no confirmed public H-1B filing footprint under any legal-entity variant tried. JD (jds/groundcover-technical-product-marketing-manager.md) confirmed no sponsorship/citizenship/clearance language -- only a generic degree line ("Bachelor's degree or equivalent relevant experience"), not a wall. Genuinely unstated + unconfirmed filing history = TIER-3 (downgrade, not skip), consistent with the Tint/Rula/Directive Consulting precedents in this file.	https://h1bdata.info/index.php?em=groundcover ; https://www.linkedin.com/jobs/view/4476350139
Loop AI	Loop AI, Inc.	TIER-1	SPONSOR/BUILD	5 LCAs (aggregate, no annual breakdown available) per froghire.ai; no PERM records found	not itemized; no PERM/green-card records found	not needed (TIER-1)	JD-stated $130,000-$180,000 (Product Marketing Manager); no LCA-level comp anchor isolated	2026-10-07	Confirmed correct entity via two corroborating details: froghire.ai's "Loop AI" record (founded 2022, SF HQ, 101-250 employees, described as "fully automated delivery intelligence platform... co-pilot to manage food brands") matches the JD's own "restaurant ecosystem" language and WebSearch-confirmed company profile (founders Tumuluru/Annamalai, $14M Series A led by Nyca Partners, Feb 2026, offices in SF/NY/Tampa/Bangalore, customers incl. McDonald's/Whataburger) -- same entity as this JD's SF/NY/Tampa locations. Ruled out unrelated "Loop Capital Markets," "Loop Now Technologies," "Loop Mobility," "The Loop DC" name collisions surfaced in the same search. No sponsorship/citizenship/clearance/degree wall stated in the JD (pure silence, confirmed on extraction).	https://jobs.lever.co/Loop%20AI/d0e35f91-e189-43f6-b3c9-9394d418ce24
Microchip Technology Inc.	Microchip Technology Incorporated	TIER-1	SPONSOR/BUILD	124 LCAs FY2025; ~1,000 certified LCAs historically across 13 states (largest footprint AZ, 883 filings, Chandler HQ)	207 PERM filings total, 30 for FY2026; not classified as H-1B dependent employer	not needed (TIER-1); AZ HQ independently compels E-Verify by statute (visa-evaluator.md Step 4 shortcut) if ever needed	JD-stated $91,000-$232,000; LCA median $84,968 across all sponsored titles (Applications/Design/Software/Product Engineer-skewed, not product-marketing-specific -- flag as thin relevance to this exact job family)	2026-10-07	Large, publicly traded (NASDAQ: MCHP) semiconductor company, heavily evidenced current-year H-1B and PERM sponsor. No sponsorship/citizenship/clearance wall stated in the JD. FLAG (not a visa wall, but noted for scoring): JD requires "Bachelor's in Electrical Engineering or related field (MBA preferred)" -- candidate holds BE in Mechanical Engineering (BITS Pilani), not EE. JD's own "or related field" qualifier and "MBA preferred" (not required) framing reads as typical flexible boilerplate rather than an absolute exclusion, so this was NOT treated as a hard-wall SKIP under visa-evaluator.md Step 1 -- but flagging explicitly since the rule names degree-field mismatch as a potential hard wall; downstream scoring should weigh this.	https://www.linkedin.com/jobs/view/4458539052
Nourish	Nourish, Inc.	TIER-1	SPONSOR/BUILD	7 LCAs FY2025 per ellis.com; not classified as H-1B dependent employer	not itemized; no PERM/green-card count isolated	not needed (TIER-1); NY HQ has no state E-Verify mandate so this is moot anyway	median $179,991 (FY2025, all sponsored titles, e.g. Senior Director Strategic Finance $300,000, Product Designer $160,000, Senior Software Engineer $179,982) -- these are corporate/product-org roles, not the contracted dietitians; JD itself states no comp band	2026-10-07	Confirmed correct entity: WebSearch independently corroborates "Nourish" as NYC-based, founded ~4 years ago, country's largest dietitian-led metabolic health clinic, $100M Series C (total $215M) led by Menlo Ventures with Thrive Capital/Index Ventures/J.P. Morgan Growth Equity/Maverick/YC/BoxGroup/Atomico/Daybreak/Operator Partners -- this matches the JD's "About Us" paragraph verbatim (same funding figures, same investors, same "founded four years ago" and dietitian-led framing). Real, current-year sponsor at the corporate entity level even though dietitians themselves are likely independent contractors, not LCA-sponsored. No sponsorship/citizenship/clearance/degree wall stated in the JD (pure silence, confirmed). Separate near-duplicate "Teli Labs" posting with identical JD body text flagged upstream as probable fraud/mislabel and excluded; does not affect this verdict.	https://www.linkedin.com/jobs/view/4474412163
Shrive Technologies	Shrive Technologies (suffix not confirmed -- Inc. or LLC not distinguished in available sources; distinct from the separate entity "Shrive Solutions LLC" per Step 2 collision check)	TIER-1	SPONSOR/BUILD (downgrade flag: thin/declining filing trend)	26 LCAs total historical; 8 LCAs FY2025 (a 166.67% YoY increase in volume) per froghire.ai	1 PERM filing total; FY2025 LCA certification rate reported at 75%, down 25 percentage points YoY -- flag rising denial/withdrawal rate alongside rising volume	not checked; Irving, TX HQ -- TX is not on the state E-Verify-mandate shortcut list (FL/TN/AZ/AL/GA/MS/NC/SC/UT/LA), so absence of other evidence proves nothing; not needed since sponsorship is independently evidenced	not found; JD itself states no salary	2026-10-07	Founded 2015, Irving TX, 51-100 employees, IT Services/Consulting -- profile is consistent with the JD's own "Industry: IT Services and IT Consulting" tag and the contract/recruiter-posted nature of this specific req (recruiter Suraj Kumar). Explicitly did NOT use "Shrive Solutions LLC" data, a separate entity surfaced in the same search, per Step 2 collision guidance. CAUTION per task brief: this JD extraction was thin/partial (no full responsibilities, no req ID, no salary), so the "pure silence" on sponsorship is a confirmed absence from what was fetched, not a confirmed absence from the full posting -- read this verdict with that caveat. Real but modest filing history with a recent rise in volume alongside a drop in certification rate; treat as TIER-1 with a flag rather than high-confidence TIER-1, given the small scale and partial JD capture.	https://www.linkedin.com/jobs/view/4474406571
PayPal	PayPal, Inc. (subsidiary of PayPal Holdings, Inc.)	TIER-1	SPONSOR/BUILD	1,079 LCAs FY2025 (1,065 certified, 1 denied, 13 withdrawn); H-1B dependent employer	not itemized by req; 1 PERM filing noted FY2025	not needed (TIER-1)	median $152,033 (FY2025, all sponsored titles, PayPal Inc)	2026-10-07	WebSearch aggregation (ellis.com/myvisajobs/layoffhedge/froghire snippets; direct fetch blocked per usual 403 pattern). None of the three open reqs (Senior Product Manager Developer Tools and Platform; Sr Analyst Revenue Operations; Manager Revenue Operations) carry a sponsorship/citizenship/clearance sentence -- only generic EEO "citizenship status" non-discrimination boilerplate, which is not a wall per visa-evaluator.md Step 1. One employer verdict covers all three reqs.	https://www.linkedin.com/jobs/view/4467937629 ; https://www.linkedin.com/jobs/view/4467949371 ; https://www.linkedin.com/jobs/view/4467947371
Rhoda AI	Rhoda AI (exact corporate suffix Inc/PBC/LLC not confirmed by any source found; HQ appears to be Mountain View, CA with a NY/Grand Central Terminal presence also cited)	TIER-3	BUILD (downgrade)	not found -- no LCA/H1B record located under "Rhoda AI" or "Rhoda" on ellis.com/froghire.ai/h1bscan/myvisajobs via WebSearch aggregation; company is young (Series A, raised $450M at $1.7B valuation per texxr.com/seedtable.com, robotics/foundation-model startup) so absence may reflect no filings yet, not a broken search	not found	not checked -- CA has no E-Verify mandate (AB 1236 restricts its use) and NY has no state mandate either, so absence of evidence proves nothing per visa-evaluator.md Step 4; dashboard not queried this session (budget)	not stated in JD	2026-10-07	No sponsorship/citizenship/clearance sentence in the JD (Associate Engineering Product Manager-Robot Data Systems). JD separately requires Mandarin Chinese fluency -- flagged as a scoring note, not a visa matter. Genuinely unstated sponsorship + unconfirmed filing history + non-E-Verify-confirmed = TIER-3 per nightly-rules.md tier order, consistent with Tint/groundcover precedents in this file. 3 of 4 budgeted lookups spent; stopped short of the 4th (E-Verify dashboard) since CA/NY absence is non-diagnostic either way.	https://jobs.ashbyhq.com/rhoda-ai/8646ec23-1900-409b-8d09-81d7e41fb5d7/application?embed=true
Samsung Research America	Samsung Research America, Inc. (distinct legal entity from Samsung Electronics America, Inc.; Mountain View, CA)	TIER-1	SPONSOR/BUILD	74 LCAs FY2025; 508 LCAs historical total; FY2026 22 LCAs (67.65% YoY decrease)	not itemized; not classified H-1B dependent	not needed (TIER-1)	median $140,067 (avg $148,137), largest footprint CA (1,020 filings)	2026-10-07	WebSearch aggregation (ellis.com/layoffhedge/h1bscan/h1bvisajobs/visamind snippets). Confirmed SRA files under its own distinct legal entity, not folded into the parent Samsung Electronics America Inc filings (which separately also sponsors, 162 LCAs FY2025). No sponsorship/citizenship/clearance sentence in the JD (Senior Product Manager - Gen AI, Digital Health); only a Trade Secrets disclosure clause re: prior employers, not visa-related.	https://www.linkedin.com/jobs/view/4474096731
EliseAI	Elise AI Technologies Corp	TIER-1	SPONSOR/BUILD	18 LCAs FY2025 (all 18 certified, 0 denied); 39 LCAs historical total across 3 states; 1 PERM filing	1 PERM green card petition noted	not needed (TIER-1); NY-based, no state E-Verify mandate anyway	median $127,400 (sponsored titles incl. Software Engineer, Strategy and Operations Manager, Product Manager, Data Analyst, QA Engineer)	2026-10-07	WebSearch aggregation (ellis.com/froghire.ai/visamind snippets; legal entity "Elise AI Technologies Corp" confirmed via ellis.com, not just the brand name). No sponsorship/citizenship/clearance sentence in the JD (Senior Product Manager, Housing); 4-5 days/week in-office with relocation covered, not a visa matter.	https://www.linkedin.com/jobs/view/4463668401
Global Business Ser. 4u	Global Business Ser. 4u Inc	TIER-1	BUILD	21 LCAs (h1bdata.info, 2023-2024) across Software Developer (11), Sr. Software Engineer (4), Software QA Analyst (2), Computer Programmer Analyst (1), Application Programmer Analyst (1), Business Analyst (1), Data Engineer (1); corroborated by MyVisaJobs aggregate (same title breakdown)	not found (I-129 petition-approval data not corroborated; only LCA/wage-filing data available)	not checked (TIER-1, E-Verify check unnecessary per visa-evaluator.md Step 4)	median $102,877 across all titles (h1bdata.info); range $78,187-$184,662; no Product Manager/pricing-specific wage filed, this req is a new title line for the employer	2026-10-07	No sponsorship/citizenship/clearance sentence found in the JD (short unstructured posting, no separate Requirements/About sections). Treated this employer as evaluable despite the "IT Services and IT Consulting" industry tag because, unlike a pure agency-with-hidden-end-client posting (TalentHop/RemoteHunter pattern already in this file), Global Business Ser. 4u Inc is itself an actively-filing IT staffing/consulting legal entity with its own 21-LCA history across multiple states (CA, IL, GA, TX, NY) for roles it places with clients -- a legitimate self-sponsoring staffing firm per visa-evaluator.md Step 2 ("a staffing firm CAN itself be the legal sponsor for contract placements"). No separate end-client name appears anywhere in the JD to contradict this.	https://www.myvisajobs.com/employer/global-business-ser-4u/ ; https://h1bdata.info/index.php?em=Global+Business+Ser ; https://www.linkedin.com/jobs/view/4475171192
Horizon3.ai	Horizon3.ai, Inc. (also indexed as "Horizon 3 AI Inc" per Preqin; exact Delaware filing suffix unverified)	TIER-3	BUILD (downgrade)	0 records found on h1bdata.info for "Horizon3" (explicit "0 records was found" message on direct query); no MyVisaJobs/Ellis aggregator page matched either	not found	not checked directly (public E-Verify Tableau registry deemed unreliable within budget per visa-evaluator.md Step 4); HQ is San Francisco, CA, which has no E-Verify statutory mandate (AB 1236 restricts use), so absence of evidence there proves nothing either way	JD-stated base salary range $145,000-$160,000 (employer's own posted range, not a filed-wage anchor)	2026-10-07	No sponsorship, citizenship, or clearance sentence anywhere in the posting (silence only, not a wall per nightly-rules.md section 2). Zero corroborated LCA filings found under the company's name across two independent lookups (WebSearch aggregate + h1bdata.info direct query). CA-based HQ means the E-Verify state-mandate shortcut does not apply; treated as non-E-Verify-confirmed per nightly-rules.md tier order (same TIER-3 methodology as the Tint precedent in this file, 2026-09-19).	https://h1bdata.info/index.php?em=Horizon3 ; https://www.linkedin.com/jobs/view/4475105673
Jerry	Jerry Services, Inc. (dba Jerry.ai / getjerry.com)	TIER-1	BUILD	12 LCAs in 2025 covering 12 positions across 6 states, all certified (ellis.com aggregation); a separate WebSearch snippet reports 5 LCAs filed in 2025 and "7 LCAs + 2 LCs" for FY2025 -- aggregator snippets disagree on the exact count (primary DOL-derived sites blocked per known 403 pattern), reporting the range found rather than picking one	not found (no I-129 petition-approval figure surfaced; only LCA/wage-filing aggregates available)	not checked (TIER-1, E-Verify check unnecessary per visa-evaluator.md Step 4)	median H1B salary $132,642 across sponsored titles (ellis.com), explicitly including a "Product Manager I" title; this req's own JD-stated range is $130,000-$160,000 base, aligning with the filed median	2026-10-07	No sponsorship/citizenship/clearance sentence anywhere in the JD (silence only). Sponsored-title list from aggregator data explicitly includes "Product Manager I" -- a direct title match to this PM-in-Training req. Separately, the JD contains a hard RESIDENCY gate (not a visa wall), quoted verbatim: "Jerry.ai is only able to hire full-time salaried employees who currently reside in AZ, CA, CO, FL, GA, IL, MA, NC, NJ, NV, NY, OR, TN, TX, UT, VA, or Ontario, Canada... we cannot accept applications from candidates residing elsewhere." Flagged for the record; does not exclude this candidate (San Francisco Bay Area, CA resident).	https://www.ellis.com/visa-sponsors/jerry-services-inc ; https://jobs.ashbyhq.com/jerry.ai/7c3853bc-070f-4be4-b0a8-983459f1dee0/application?embed=true
Jobot	Jobot, LLC	NO-BUILD	NO-BUILD (gate cannot run; end employer undisclosed for this req)	Jobot LLC itself: 2 LCAs on h1bdata.info, both title "Executive Manager of Recruiting," Newport Beach CA, 2024-2025, median $107,500 -- i.e. Jobot's OWN internal corporate hiring, not sponsorship of candidates it places with clients. (A separate unrelated entity "Jobotics AI Inc," 1 LCA, Management Analyst, SF, is NOT Jobot and was excluded.)	not found	not checked (moot; NO-BUILD)	JD-stated recruiter-posted range for this req: $140,000-$185,000/year (end employer unnamed)	2026-10-07	JD states verbatim the hiring party is "A publicly traded Technology company" (never named) with "This Jobot Job is hosted by: Danielle Liguori" (a Jobot recruiter sourcing for that unnamed client) -- consistent with Jobot's contingency/direct-hire recruiting model, not an employer-of-record staffing model. Jobot LLC's own confirmed LCA history (2 filings) covers only its internal corporate recruiting staff, not placed candidates, which contradicts a generic WebSearch AI-summary claim sourced from a low-reliability SEO aggregator (migratemate.co) that "Jobot acts as the employer of record ... even when placed at a client site" -- uncorroborated by row-level h1bdata.info evidence and treated as unreliable. Per visa-evaluator.md Step 2, when the real hiring employer cannot be identified the gate cannot run, regardless of JD quality. SCOPE NOTE for future runs: this verdict applies to undisclosed-end-client Jobot postings; if a future Jobot req names its end employer, evaluate THAT employer instead of reusing this row.	https://h1bdata.info/index.php?em=Jobot ; https://www.linkedin.com/jobs/view/4465947955
Okta	Okta, Inc.	TIER-1	BUILD	112-120 LCAs FY2025 (aggregator snippets disagree: h1bvisajobs.com cites both 120 and 112 on the same page); not classified as an H-1B-dependent employer	not found consistently (one source states 0 PERM green-card petitions FY2025, another states 81 labor certifications for green cards FY2025 -- conflicting aggregator figures; I-129 petition-approval rate itself not found)	not checked (TIER-1, E-Verify check unnecessary per visa-evaluator.md Step 4)	median H1B salary $142,938 across 27 states (all sponsored titles, mostly Software Engineer/Staff SWE/Senior SWE; no Renewals/RevOps-specific filed wage found); this req's own JD-stated range (excluding SF Bay Area) is $104,000-$160,600	2026-10-07	No sponsorship, citizenship, or clearance sentence anywhere in the posting (silence only, not a wall). Okta is a large, well-evidenced H-1B filer (100+ LCAs FY2025) per multiple independent WebSearch aggregator snippets (h1bvisajobs.com, myvisajobs.com, ellis.com all return matching employer pages).	https://h1bvisajobs.com/okta-inc-h1b-hiring-trend ; https://www.linkedin.com/jobs/view/4474093784
PostHog	PostHog Inc.	TIER-3	BUILD (downgrade)	0 found on h1bdata.info (explicit "0 records was found" for query "POSTHOG"; no positive-control corroboration run due to lookup cap -- treat as a verified-negative single-source result, not a cross-checked zero)	not found (no myvisajobs/h1bgrader aggregate data surfaced for "PostHog Inc" via WebSearch; only unrelated same-root-name companies "Post, Inc." and "Postalytics, Inc." returned)	not established (WebSearch found no E-Verify enrollment record for PostHog Inc; public Tableau dashboard not queried directly, lookup cap reached at 4; PostHog HQ is San Francisco, CA, which has no E-Verify statutory mandate, so absence of evidence there is uninformative per rule)	not available (no LCA filings found to anchor a wage range)	2026-10-08	JD content retrieved for "Product Manager (ex-founder or ex-product engineer)" (jds/posthog-product-manager-ex-founder-or-ex-product-engineer.md) contains no sentence on work authorization, sponsorship, citizenship, clearance, or degree/graduation-year (page is client-rendered Ashby posting, full body not fully confirmed via fetch -- treated as likely-silent per task note, not a verified wall either way; silence is never a wall). No hard wall found. 4/4 lookups spent: (1-2) WebSearch for "PostHog Inc" H1B/LCA aggregates on myvisajobs/h1bgrader -- no PostHog-specific hits; (3) WebFetch of h1bdata.info search for employer "PostHog" -- 0 records; (4) WebSearch for PostHog E-Verify enrollment -- none found. Small YC-backed startup (~30-40 employees per Levels.fyi, founded 2020, YC W20); not cap-exempt, not an acquired brand.	https://h1bdata.info/index.php?em=PostHog&job=&city=&year=All+Years ; https://jobs.ashbyhq.com/posthog/3c592b84-8b34-4ae4-ae23-cadce8f2212d ; WebSearch snippets (myvisajobs.com, h1bgrader.com aggregate queries, E-Verify enrollment query) -- no employer-specific page surfaced for either term
Lyten	Lyten, Inc.	TIER-1	SPONSOR/BUILD	28 LCAs on h1bdata.info (direct query, 2021-2026) spanning Battery/Materials Scientist, Equipment/Process Engineer, QA Engineer, plus commercial/management titles (Battery Manager $185,869; Senior Manager, Carbon Development $164,299; Sr. Director Business Development - Sensors $206,000); aggregator snippets disagree on year-scoped counts (Ellis: 19 total/3 in 2025; FrogHire: 24 total/6 latest FY; MyVisaJobs: 3 FY2026 vs 6 FY2025 on different page sections) but all agree Lyten is an active filer, not H-1B dependent	3 I-129 petitions, 3/3 approved (MyVisaJobs aggregate via WebSearch snippet; not independently corroborated on a primary USCIS source within budget)	not checked directly (TIER-1 already established via LCA filings, per visa-evaluator.md Step 4 E-Verify check is only needed when sponsorship is unstated/thin; FrogHire tags Lyten "E-Verify" but that is an unverified third-party tag, not an official registry hit)	median $129,792 (Sr. Quality Engineer, matches Ellis-reported H-1B median); full filed range $100,000-$217,630 across titles; this req JD-stated range $128,200-$192,400 sits within that band	2026-10-08	JD for "Manager, Sales Operations & Order Administration" (linkedin.com/jobs/view/4474481995) contains no sponsorship/citizenship/clearance/degree-field-or-year sentence anywhere (confirmed on re-read, silence only, not a wall). Employer-level sponsorship is well evidenced: 28 LCA filings corroborated directly on h1bdata.info (not just aggregator snippets) across 2021-2026, including non-engineering management/BD titles, showing the filing history is not limited to pure technical roles. No exact "Sales Operations" title filed yet for this employer, but that does not weaken the employer-wide TIER-1 call per nightly-rules.md (one verdict covers all open reqs).	https://h1bdata.info/index.php?em=Lyten ; https://www.ellis.com/visa-sponsors/lyten-inc/h1b ; https://www.froghire.ai/company/lyten ; https://www.linkedin.com/jobs/view/4474481995
EY	Ernst & Young U.S. LLP	TIER-1	BUILD	~10,254 H-1B LCAs filed in 2025 (9,939 certified, 1 denied, 314 withdrawn) per ellis.com aggregation of DOL LCA data; EY also posts individual LCA notices on ey.com (e.g. Financial Risk Specialist, New York NY, $214,157.32/yr, Aug 2025 start; Pasadena CA and Millbrae CA notices also found)	h1bscan.com: 1,562 total I-129 petitions / 97.6% approval rate for name-variant "Ernst & Young US LLP"; 1,157 petitions / 99.4% approval rate for "Ernst & Young LLP"; f1jobs.io estimates ~705 initial + 944 continuing approvals FY2025 combined across name variants (USCIS H-1B Employer Data Hub bins by exact I-129 employer-name string, so totals split across variants)	not checked -- TIER-1 sponsorship already evidenced by LCA/petition volume, so E-Verify check is moot per nightly-rules.md step 4	median H-1B wage $116,667 (ellis.com aggregation of 2025 LCAs); individual EY-posted LCA notices range $165,000-$214,157/yr for Financial Risk Specialist roles in NY/CA	2026-10-08	JD for "Global Pricing Center of Excellence (CoE) Lead" (San Francisco CA, posted ~12h ago, jds/ey-global-pricing-coe-lead.md) contains no sponsorship/citizenship/clearance/degree-field/graduation-year language -- confirmed on re-read, JD file itself states "Work authorization / sponsorship / citizenship / clearance / graduation-year language found: None found." Evaluated at employer level per rules, not req level. Full legal entity "Ernst & Young U.S. LLP" confirmed via ellis.com visa-sponsors page and EYs own published LCA notices at ey.com/content/dam/ey-unified-site/ey-com/en-us/careers/labor-condition-applications/, which use this exact entity name. Not classified as an H-1B-dependent employer per ellis.com.	https://www.ellis.com/visa-sponsors/ernst-young-us-llp/h1b
Navitus Health Solutions	Navitus Health Solutions, LLC	TIER-1	BUILD	1 LCA confirmed directly on h1bdata.info (Software Architect, Appleton WI, filed 02/10/2022, start 06/01/2022, base $104,645); WebSearch aggregates disagree on historical total -- Ellis reports 2 LCAs (both Mar 2017, Sr. Data Warehouse Developer, Appleton WI, median $71,635, certified) while MyVisaJobs reports 4 LCAs for 2017-2021; MyVisaJobs also states zero LCA/PERM/prevailing-wage filings for FY2025-2026, so filing activity has gone quiet recently but was not run to zero within this cap	1 of 1 I-129 petitions approved, 0 denied (MyVisaJobs aggregate via WebSearch snippet; not independently corroborated on a primary USCIS source within budget); Ellis reports no PERM/green-card filings on record	not found / could not verify within the 4-lookup cap (2 WebSearch queries for E-Verify enrollment surfaced no employer-specific record); Navitus HQ is Madison, WI, which is not one of the states compelling E-Verify by statute (FL/TN/AZ/AL/GA/MS/NC/SC/UT/LA), so this absence of evidence is uninformative per rule, not a negative finding	JD-posted range USD $96,481.24-$118,382.22/yr for this req (Manager, Pricing and Underwriting, remote US); corroborating but title-mismatched LCA wage $104,645 (Software Architect, Appleton WI, 2022) and $71,635 (Sr. Data Warehouse Developer, Appleton WI, 2017)	2026-10-08	JD for "Manager, Pricing and Underwriting" (linkedin.com/jobs/view/4476905196, jds/navitus-health-manager-pricing-underwriting.md) contains no sentence on work authorization, sponsorship, citizenship, clearance, or degree-field/graduation-year -- confirmed on re-read; JD file itself states "Work authorization / sponsorship / citizenship / clearance / graduation-year language found: None found." Silence is not a wall per nightly-rules.md section 2, so no SKIP. Full legal entity "Navitus Health Solutions, LLC" (Madison, WI; HQ 361 Integrity Drive) confirmed distinct from the name-collision risk "Navience Healthcare Solutions, LLC" that surfaced in the same WebSearch results -- did not conflate the two. Evaluated at employer level per rules; one verdict covers all open reqs at this employer. Filing history is real (LCA + 1 approved I-129) but thin and aging (last confirmed filing 2022, no FY2025-2026 activity found), so flagging for scoring to weight this as a lighter-conviction TIER-1 than an active high-volume filer.	https://h1bdata.info/index.php?em=Navitus+Health+Solutions ; https://www.ellis.com/visa-sponsors/navitus-health-solutions-llc/h1b ; https://www.myvisajobs.com/employer/navitus-health-solutions/ ; https://www.linkedin.com/jobs/view/4476905196
